-- Generated by Craft v2.6.2776 on Jul 28, 2016, 3:19:11 PM.

--
-- Disable foreign key checks and autocommit.
--

SET FOREIGN_KEY_CHECKS = 0;
SET SQL_MODE = "NO_AUTO_VALUE_ON_ZERO";
SET AUTOCOMMIT = 0;
SET NAMES utf8;


DROP TABLE IF EXISTS `craft_assetfiles`;


--
-- Schema for table `craft_assetfiles`
--
CREATE TABLE `craft_assetfiles` (
  `id` int(11) NOT NULL,
  `sourceId` int(11) DEFAULT NULL,
  `folderId` int(11) NOT NULL,
  `filename` varchar(255) COLLATE utf8_unicode_ci NOT NULL,
  `kind` varchar(50) COLLATE utf8_unicode_ci NOT NULL DEFAULT 'unknown',
  `width` int(11) unsigned DEFAULT NULL,
  `height` int(11) unsigned DEFAULT NULL,
  `size` int(11) unsigned DEFAULT NULL,
  `dateModified` datetime DEFAULT NULL,
  `dateCreated` datetime NOT NULL,
  `dateUpdated` datetime NOT NULL,
  `uid` char(36) COLLATE utf8_unicode_ci NOT NULL DEFAULT '0',
  PRIMARY KEY (`id`),
  UNIQUE KEY `craft_assetfiles_filename_folderId_unq_idx` (`filename`,`folderId`),
  KEY `craft_assetfiles_sourceId_fk` (`sourceId`),
  KEY `craft_assetfiles_folderId_fk` (`folderId`)
) ENGINE=InnoDB DEFAULT CHARSET=utf8 COLLATE=utf8_unicode_ci;

--
-- Data for table `craft_assetfiles`
--

INSERT INTO `craft_assetfiles` (`id`, `sourceId`, `folderId`, `filename`, `kind`, `width`, `height`, `size`, `dateModified`, `dateCreated`, `dateUpdated`, `uid`) VALUES
 ('8', '1', '1', 'bjj_bg@2x.jpg', 'image', '3000', '1730', '517817', '2016-05-04 14:36:39', '2016-03-16 02:12:29', '2016-05-04 14:36:52', 'c75b360c-a30c-45e2-a436-2873ad21a59b'),
 ('9', '1', '1', 'contact_bg@2x.jpg', 'image', '3000', '1020', '314888', '2016-05-04 14:36:39', '2016-03-16 02:12:39', '2016-05-04 14:36:53', '370c91c6-b0a3-4379-8ff3-8dd7cd54facc'),
 ('10', '1', '1', 'hero@2x.jpg', 'image', '3000', '1534', '391247', '2016-05-04 14:36:39', '2016-03-16 02:12:40', '2016-05-04 14:36:54', '1ef82e0a-5a66-434a-b40a-93c4c124e984'),
 ('11', '1', '1', 'location_bg@2x.png', 'image', '1120', '1172', '674959', '2016-05-04 14:36:39', '2016-03-16 02:13:04', '2016-05-04 14:36:56', 'cb1fa9dc-ae57-4ffa-bc12-9fbf3e44dc0d'),
 ('12', '1', '1', 'logo_watermark.png', 'image', '1967', '2167', '1145909', '2016-05-04 14:36:39', '2016-03-16 02:13:24', '2016-05-04 14:36:56', '89602b33-5a7d-478f-bffa-e0f7f2e1cfd4'),
 ('14', '1', '1', 'approach_bg@2x.png', 'image', '1753', '1800', '2283989', '2016-05-04 14:36:39', '2016-03-16 02:20:17', '2016-05-04 14:36:53', '0b46b78b-3fc8-4a07-8f1a-30b2f5022cc4'),
 ('19', '1', '1', 'approach_bg@2x-test.png', 'image', '1753', '1800', '2283989', '2016-05-04 14:36:39', '2016-03-16 04:32:11', '2016-05-04 14:36:52', 'e4b4bab9-9129-408e-9f5c-7593f08853b1'),
 ('36', '1', '1', 'image_hero_about@2x.jpg', 'image', '3000', '1730', '879344', '2016-06-15 04:05:45', '2016-04-21 04:00:20', '2016-06-15 04:05:55', '1901851e-da0d-4f11-86ca-3c7feb287126'),
 ('37', '1', '1', 'image_hero_contact@2x.jpg', 'image', '3000', '1000', '421087', '2016-06-15 04:05:46', '2016-04-21 04:00:20', '2016-06-15 04:05:55', 'aa7dcda3-3eed-4dd8-9b03-14ff155ab4a3'),
 ('38', '1', '1', 'image_hero_dragons@2x.jpg', 'image', '3000', '1730', '699665', '2016-06-15 04:05:49', '2016-04-21 04:00:20', '2016-06-27 02:03:42', '27cede2c-d46d-4301-81f2-08d05e2d26e4'),
 ('39', '1', '1', 'image_hero_location@2x.jpg', 'image', '3000', '1730', '632422', '2016-06-15 04:05:47', '2016-04-21 04:00:20', '2016-06-15 04:05:55', '797da190-13a2-4d8d-bb5b-635b5278a543'),
 ('40', '1', '1', 'image_hero_bjj@2x.jpg', 'image', '3000', '1730', '478200', '2016-06-15 04:05:50', '2016-04-21 04:00:20', '2016-07-14 02:54:22', '33c1a956-380c-4fe8-9253-4bc04bd61aff'),
 ('41', '1', '1', 'image_hero_staff@2x.jpg', 'image', '3000', '1730', '838980', '2016-06-27 02:09:45', '2016-04-21 04:00:20', '2016-06-27 02:09:45', '1b090bab-d071-4094-b07b-ab7d5bc169a1'),
 ('42', '1', '1', 'logo_FPMA.svg', 'image', '655', '104', '1646', '2016-05-04 14:36:39', '2016-04-21 04:00:21', '2016-05-04 14:36:55', '3424064a-3f8a-4d7f-9691-a154af5ec6e5'),
 ('43', '2', '2', 'staff_1@2x.jpg', 'image', '530', '730', '40831', '2016-05-04 14:36:39', '2016-04-21 04:00:21', '2016-05-04 14:36:51', 'f9c1c520-4e67-4444-8c76-d9b562ad094f'),
 ('44', '2', '2', 'staff_4@2x.jpg', 'image', '530', '730', '49233', '2016-05-04 14:36:39', '2016-04-21 04:00:21', '2016-05-04 14:36:51', 'c45e4f4c-ca02-49e0-9e8c-6b7b59cb26d4'),
 ('45', '2', '2', 'staff_2@2x.jpg', 'image', '530', '730', '40395', '2016-05-04 14:36:39', '2016-04-21 04:00:21', '2016-05-04 14:36:51', '684b2dd9-ea4f-42b4-bae1-4db4fed4cb31'),
 ('46', '2', '2', 'staff_3@2x.jpg', 'image', '530', '730', '46095', '2016-05-04 14:36:39', '2016-04-21 04:00:22', '2016-05-04 14:36:51', 'fcd0ff0e-1b00-4cdf-a80d-b1f4aa98ca78'),
 ('47', '2', '2', 'staff_5@2x.jpg', 'image', '530', '730', '47077', '2016-05-04 14:36:39', '2016-04-21 04:00:22', '2016-05-04 14:36:51', '4ff49667-6352-47ba-acda-cf12a06f7fea'),
 ('48', '2', '2', 'staff_6@2x.jpg', 'image', '530', '730', '45071', '2016-05-04 14:36:39', '2016-04-21 04:00:22', '2016-05-04 14:36:51', 'ac08f825-9b7a-47a7-b561-4ced18c8d66e'),
 ('49', '2', '2', 'staff_7@2x.jpg', 'image', '530', '730', '44667', '2016-05-04 14:36:39', '2016-04-21 04:00:22', '2016-05-04 14:36:51', '80917b8b-db3a-447a-a887-c1b88a4f2dcc'),
 ('50', '2', '2', 'staff_8@2x.jpg', 'image', '530', '730', '44558', '2016-05-04 14:36:39', '2016-04-21 04:00:22', '2016-05-04 14:36:51', '06d1571f-5197-4b67-9d24-38ba5187ca17'),
 ('61', '1', '1', 'approach_bg@2x.jpg', 'image', '1753', '1800', '355775', '2016-05-04 14:36:39', '2016-05-04 14:36:53', '2016-05-04 14:36:53', 'a9b4f1c9-a593-4aef-9b1f-5a048067503c'),
 ('62', '2', '2', 'staff_jayda.jpg', 'image', '530', '730', '241719', '2016-06-06 21:49:44', '2016-06-06 21:49:44', '2016-06-06 21:49:44', '5dda6f55-25c3-4d6d-9ec6-2ff9953e10b3'),
 ('63', '2', '2', 'staff_magers.jpg', 'image', '530', '730', '247982', '2016-06-06 21:49:45', '2016-06-06 21:49:45', '2016-06-06 21:49:45', '17e9b0b6-743a-40ab-a7f1-a1e5e5eea2f6'),
 ('64', '2', '2', 'staff_steve.jpg', 'image', '530', '730', '250780', '2016-06-06 21:49:45', '2016-06-06 21:49:45', '2016-06-06 21:49:45', '9a4f18d4-7239-4d27-8bb4-b1adabe96dad'),
 ('99', '2', '2', 'staff_vanny.jpg', 'image', '530', '730', '196915', '2016-06-15 03:35:11', '2016-06-15 03:35:11', '2016-06-15 03:35:11', 'ab388290-fc07-4af4-bd26-6143e784a3ea'),
 ('100', '2', '2', 'staff_mike.jpg', 'image', '530', '730', '259771', '2016-06-15 03:36:09', '2016-06-15 03:36:09', '2016-06-15 03:36:09', '1e3edf9c-baaa-4cae-8b0e-d8bc80f5358d'),
 ('101', '1', '1', 'locations_bkg@2x.jpg', 'image', '3000', '1200', '128346', '2016-06-15 03:42:04', '2016-06-15 03:42:04', '2016-06-15 03:42:04', '9e527ebf-6a3b-436a-aecd-b70e4c724983'),
 ('102', '1', '1', 'approach_bkg@2x.jpg', 'image', '3000', '1808', '444029', '2016-06-15 03:43:25', '2016-06-15 03:43:25', '2016-06-15 03:43:25', '49e511cc-9479-490c-b515-56038c52a72f'),
 ('111', '1', '1', 'image_hero_lk@2x.jpg', 'image', '3000', '1730', '286846', '2016-07-14 03:00:58', '2016-06-27 01:35:57', '2016-07-14 03:00:58', 'b2afe5a7-250f-4daa-bda6-43d5eeda30ef'),
 ('113', '1', '1', 'image_hero_juniors@2x.jpg', 'image', '3000', '1730', '1301378', '2016-06-27 01:54:12', '2016-06-27 01:54:12', '2016-06-27 01:54:12', 'cb0dcc83-4d93-4d8c-a1bc-f0ab260f30ed'),
 ('114', '1', '1', 'image_hero_NTMA@2x.jpg', 'image', '3000', '1730', '976958', '2016-07-14 03:06:34', '2016-06-27 02:00:07', '2016-07-14 03:06:34', '43f3feba-7e82-485f-b04a-ffb2b61bd1cb'),
 ('115', '1', '1', 'image_hero_ma@2x.jpg', 'image', '3000', '1730', '780967', '2016-06-27 02:00:49', '2016-06-27 02:00:50', '2016-06-27 02:03:53', 'b8aeabe0-c6de-444b-b670-383b5ad4c518'),
 ('116', '1', '1', 'image_hero_leadership@2x.jpg', 'image', '3000', '1730', '819761', '2016-06-27 02:01:02', '2016-06-27 02:01:02', '2016-06-27 02:01:02', '058fa0ee-b068-4388-b91b-b03026f09f89'),
 ('119', '1', '1', 'image_hero_about1@2x.jpg', 'image', '3000', '1730', '594632', '2016-07-06 02:49:49', '2016-07-06 02:48:06', '2016-07-06 02:49:51', 'decd3db1-cd91-4ee8-996d-56f6a2a4c471'),
 ('121', '1', '1', 'image_hero_about@1x.jpg', 'image', '1500', '865', '174089', '2016-07-06 02:56:53', '2016-07-06 02:56:53', '2016-07-06 02:56:53', '557ebfa1-dc74-4477-8527-9babb173ef59'),
 ('122', '1', '1', 'logo_circle.png', 'image', '1111', '1111', '473718', '2016-07-06 03:17:05', '2016-07-06 03:15:32', '2016-07-06 03:17:06', '0a41cc3c-b483-479f-b26e-b41e2466bdb3'),
 ('130', '1', '1', 'image_hero_dragons@2x_160714_025007.jpg', 'image', '3000', '1730', '408835', '2016-07-14 02:50:07', '2016-07-14 02:50:07', '2016-07-14 02:50:07', 'e423eeef-5739-45b9-9e11-ab734826214f'),
 ('131', '1', '1', 'image_hero_events@2x.jpg', 'image', '3000', '1730', '550397', '2016-07-14 02:51:23', '2016-07-14 02:51:23', '2016-07-14 02:51:23', 'aef00027-d571-4f67-9a08-8811bf23f64b'),
 ('136', '1', '1', 'image_hero_general1@2x.jpg', 'image', '3000', '1730', '487117', '2016-07-14 03:23:06', '2016-07-14 03:23:06', '2016-07-14 03:23:06', '739d2f38-e4dd-494c-b4e0-af6c0503d0cc'),
 ('138', '1', '1', 'image_hero_muaykick@2x.jpg', 'image', '3000', '1730', '314852', '2016-07-15 02:38:36', '2016-07-15 02:38:36', '2016-07-15 02:38:36', 'e0ce2c0a-5ebb-4d73-be67-061871da87c3');



DROP TABLE IF EXISTS `craft_assetfolders`;


--
-- Schema for table `craft_assetfolders`
--
CREATE TABLE `craft_assetfolders` (
  `id` int(11) NOT NULL AUTO_INCREMENT,
  `parentId` int(11) DEFAULT NULL,
  `sourceId` int(11) DEFAULT NULL,
  `name` varchar(255) COLLATE utf8_unicode_ci NOT NULL,
  `path` varchar(255) COLLATE utf8_unicode_ci DEFAULT NULL,
  `dateCreated` datetime NOT NULL,
  `dateUpdated` datetime NOT NULL,
  `uid` char(36) COLLATE utf8_unicode_ci NOT NULL DEFAULT '0',
  PRIMARY KEY (`id`),
  UNIQUE KEY `craft_assetfolders_name_parentId_sourceId_unq_idx` (`name`,`parentId`,`sourceId`),
  KEY `craft_assetfolders_parentId_fk` (`parentId`),
  KEY `craft_assetfolders_sourceId_fk` (`sourceId`)
) ENGINE=InnoDB AUTO_INCREMENT=3 DEFAULT CHARSET=utf8 COLLATE=utf8_unicode_ci;

--
-- Data for table `craft_assetfolders`
--

INSERT INTO `craft_assetfolders` (`id`, `parentId`, `sourceId`, `name`, `path`, `dateCreated`, `dateUpdated`, `uid`) VALUES
 ('1', NULL, '1', 'Images', '', '2016-03-16 02:11:23', '2016-03-16 02:11:23', 'ef65cded-950d-43b9-bf00-3ba3161a9b72'),
 ('2', NULL, '2', 'Staff Images', '', '2016-03-25 02:38:02', '2016-03-25 02:38:02', 'bc69e41c-8bf9-4e70-a598-caca38da84ce');



DROP TABLE IF EXISTS `craft_assetindexdata`;


--
-- Schema for table `craft_assetindexdata`
--
CREATE TABLE `craft_assetindexdata` (
  `id` int(11) NOT NULL AUTO_INCREMENT,
  `sessionId` varchar(36) COLLATE utf8_unicode_ci NOT NULL DEFAULT '',
  `sourceId` int(10) NOT NULL,
  `offset` int(10) NOT NULL,
  `uri` varchar(255) COLLATE utf8_unicode_ci DEFAULT NULL,
  `size` int(10) DEFAULT NULL,
  `recordId` int(10) DEFAULT NULL,
  `dateCreated` datetime NOT NULL,
  `dateUpdated` datetime NOT NULL,
  `uid` char(36) COLLATE utf8_unicode_ci NOT NULL DEFAULT '0',
  PRIMARY KEY (`id`),
  UNIQUE KEY `craft_assetindexdata_sessionId_sourceId_offset_unq_idx` (`sessionId`,`sourceId`,`offset`),
  KEY `craft_assetindexdata_sourceId_fk` (`sourceId`)
) ENGINE=InnoDB AUTO_INCREMENT=46 DEFAULT CHARSET=utf8 COLLATE=utf8_unicode_ci;

DROP TABLE IF EXISTS `craft_assetsources`;


--
-- Schema for table `craft_assetsources`
--
CREATE TABLE `craft_assetsources` (
  `id` int(11) NOT NULL AUTO_INCREMENT,
  `name` varchar(255) COLLATE utf8_unicode_ci NOT NULL,
  `handle` varchar(255) COLLATE utf8_unicode_ci NOT NULL,
  `type` varchar(150) COLLATE utf8_unicode_ci NOT NULL,
  `settings` text COLLATE utf8_unicode_ci,
  `sortOrder` smallint(6) unsigned DEFAULT NULL,
  `fieldLayoutId` int(10) DEFAULT NULL,
  `dateCreated` datetime NOT NULL,
  `dateUpdated` datetime NOT NULL,
  `uid` char(36) COLLATE utf8_unicode_ci NOT NULL DEFAULT '0',
  PRIMARY KEY (`id`),
  UNIQUE KEY `craft_assetsources_name_unq_idx` (`name`),
  UNIQUE KEY `craft_assetsources_handle_unq_idx` (`handle`),
  KEY `craft_assetsources_fieldLayoutId_fk` (`fieldLayoutId`)
) ENGINE=InnoDB AUTO_INCREMENT=3 DEFAULT CHARSET=utf8 COLLATE=utf8_unicode_ci;

--
-- Data for table `craft_assetsources`
--

INSERT INTO `craft_assetsources` (`id`, `name`, `handle`, `type`, `settings`, `sortOrder`, `fieldLayoutId`, `dateCreated`, `dateUpdated`, `uid`) VALUES
 ('1', 'Images', 'images', 'Local', '{\"path\":\"{fileSystemPath}uploads\\/images\\/\",\"publicURLs\":\"1\",\"url\":\"\\/uploads\\/images\\/\"}', '1', '115', '2016-03-16 02:11:23', '2016-05-04 14:35:48', 'df308634-0427-4a5d-84e5-c21541ee7eee'),
 ('2', 'Staff Images', 'staffImages', 'Local', '{\"path\":\"{fileSystemPath}uploads\\/staffs\\/\",\"publicURLs\":\"1\",\"url\":\"\\/uploads\\/staffs\\/\"}', '2', '70', '2016-03-25 02:38:02', '2016-03-25 02:38:02', '091f1b15-ed1d-4275-9a0a-48fe846a412f');



DROP TABLE IF EXISTS `craft_assettransformindex`;


--
-- Schema for table `craft_assettransformindex`
--
CREATE TABLE `craft_assettransformindex` (
  `id` int(11) NOT NULL AUTO_INCREMENT,
  `fileId` int(11) NOT NULL,
  `filename` varchar(255) COLLATE utf8_unicode_ci DEFAULT NULL,
  `format` varchar(255) COLLATE utf8_unicode_ci DEFAULT NULL,
  `location` varchar(255) COLLATE utf8_unicode_ci NOT NULL,
  `sourceId` int(11) DEFAULT NULL,
  `fileExists` tinyint(1) DEFAULT NULL,
  `inProgress` tinyint(1) DEFAULT NULL,
  `dateIndexed` datetime DEFAULT NULL,
  `dateCreated` datetime NOT NULL,
  `dateUpdated` datetime NOT NULL,
  `uid` char(36) COLLATE utf8_unicode_ci NOT NULL DEFAULT '0',
  PRIMARY KEY (`id`),
  KEY `craft_assettransformindex_sourceId_fileId_location_idx` (`sourceId`,`fileId`,`location`)
) ENGINE=InnoDB DEFAULT CHARSET=utf8 COLLATE=utf8_unicode_ci;

DROP TABLE IF EXISTS `craft_assettransforms`;


--
-- Schema for table `craft_assettransforms`
--
CREATE TABLE `craft_assettransforms` (
  `id` int(11) NOT NULL AUTO_INCREMENT,
  `name` varchar(255) COLLATE utf8_unicode_ci NOT NULL,
  `handle` varchar(255) COLLATE utf8_unicode_ci NOT NULL,
  `mode` enum('stretch','fit','crop') COLLATE utf8_unicode_ci NOT NULL DEFAULT 'crop',
  `position` enum('top-left','top-center','top-right','center-left','center-center','center-right','bottom-left','bottom-center','bottom-right') COLLATE utf8_unicode_ci NOT NULL DEFAULT 'center-center',
  `height` int(10) DEFAULT NULL,
  `width` int(10) DEFAULT NULL,
  `format` varchar(255) COLLATE utf8_unicode_ci DEFAULT NULL,
  `quality` int(10) DEFAULT NULL,
  `dimensionChangeTime` datetime DEFAULT NULL,
  `dateCreated` datetime NOT NULL,
  `dateUpdated` datetime NOT NULL,
  `uid` char(36) COLLATE utf8_unicode_ci NOT NULL DEFAULT '0',
  PRIMARY KEY (`id`),
  UNIQUE KEY `craft_assettransforms_name_unq_idx` (`name`),
  UNIQUE KEY `craft_assettransforms_handle_unq_idx` (`handle`)
) ENGINE=InnoDB DEFAULT CHARSET=utf8 COLLATE=utf8_unicode_ci;

DROP TABLE IF EXISTS `craft_categories`;


--
-- Schema for table `craft_categories`
--
CREATE TABLE `craft_categories` (
  `id` int(11) NOT NULL,
  `groupId` int(11) NOT NULL,
  `dateCreated` datetime NOT NULL,
  `dateUpdated` datetime NOT NULL,
  `uid` char(36) COLLATE utf8_unicode_ci NOT NULL DEFAULT '0',
  PRIMARY KEY (`id`),
  KEY `craft_categories_groupId_fk` (`groupId`)
) ENGINE=InnoDB DEFAULT CHARSET=utf8 COLLATE=utf8_unicode_ci;

DROP TABLE IF EXISTS `craft_categorygroups`;


--
-- Schema for table `craft_categorygroups`
--
CREATE TABLE `craft_categorygroups` (
  `id` int(11) NOT NULL AUTO_INCREMENT,
  `structureId` int(11) NOT NULL,
  `fieldLayoutId` int(11) DEFAULT NULL,
  `name` varchar(255) COLLATE utf8_unicode_ci NOT NULL,
  `handle` varchar(255) COLLATE utf8_unicode_ci NOT NULL,
  `hasUrls` tinyint(1) unsigned NOT NULL DEFAULT '1',
  `template` varchar(500) COLLATE utf8_unicode_ci DEFAULT NULL,
  `dateCreated` datetime NOT NULL,
  `dateUpdated` datetime NOT NULL,
  `uid` char(36) COLLATE utf8_unicode_ci NOT NULL DEFAULT '0',
  PRIMARY KEY (`id`),
  UNIQUE KEY `craft_categorygroups_name_unq_idx` (`name`),
  UNIQUE KEY `craft_categorygroups_handle_unq_idx` (`handle`),
  KEY `craft_categorygroups_structureId_fk` (`structureId`),
  KEY `craft_categorygroups_fieldLayoutId_fk` (`fieldLayoutId`)
) ENGINE=InnoDB DEFAULT CHARSET=utf8 COLLATE=utf8_unicode_ci;

DROP TABLE IF EXISTS `craft_categorygroups_i18n`;


--
-- Schema for table `craft_categorygroups_i18n`
--
CREATE TABLE `craft_categorygroups_i18n` (
  `id` int(11) NOT NULL AUTO_INCREMENT,
  `groupId` int(11) NOT NULL,
  `locale` char(12) COLLATE utf8_unicode_ci NOT NULL,
  `urlFormat` text COLLATE utf8_unicode_ci,
  `nestedUrlFormat` text COLLATE utf8_unicode_ci,
  `dateCreated` datetime NOT NULL,
  `dateUpdated` datetime NOT NULL,
  `uid` char(36) COLLATE utf8_unicode_ci NOT NULL DEFAULT '0',
  PRIMARY KEY (`id`),
  UNIQUE KEY `craft_categorygroups_i18n_groupId_locale_unq_idx` (`groupId`,`locale`),
  KEY `craft_categorygroups_i18n_locale_fk` (`locale`)
) ENGINE=InnoDB DEFAULT CHARSET=utf8 COLLATE=utf8_unicode_ci;

DROP TABLE IF EXISTS `craft_content`;


--
-- Schema for table `craft_content`
--
CREATE TABLE `craft_content` (
  `id` int(11) NOT NULL AUTO_INCREMENT,
  `elementId` int(11) NOT NULL,
  `locale` char(12) COLLATE utf8_unicode_ci NOT NULL,
  `title` varchar(255) COLLATE utf8_unicode_ci DEFAULT NULL,
  `field_body` text COLLATE utf8_unicode_ci,
  `field_metaTitle` text COLLATE utf8_unicode_ci,
  `field_metaDescription` text COLLATE utf8_unicode_ci,
  `field_linkHeader` text COLLATE utf8_unicode_ci,
  `field_firstName` text COLLATE utf8_unicode_ci,
  `field_location` varchar(255) COLLATE utf8_unicode_ci DEFAULT 'location',
  `field_facebook` text COLLATE utf8_unicode_ci,
  `field_instagram` text COLLATE utf8_unicode_ci,
  `field_youtube` text COLLATE utf8_unicode_ci,
  `field_eventLocation` varchar(255) COLLATE utf8_unicode_ci DEFAULT NULL,
  `field_eventDetail` text COLLATE utf8_unicode_ci,
  `field_lastName` text COLLATE utf8_unicode_ci,
  `field_email` text COLLATE utf8_unicode_ci,
  `field_subjectLine` text COLLATE utf8_unicode_ci,
  `field_phone` text COLLATE utf8_unicode_ci,
  `field_googleTagManagerScript` text COLLATE utf8_unicode_ci,
  `field_googleAnalyticsTagScript` text COLLATE utf8_unicode_ci,
  `dateCreated` datetime NOT NULL,
  `dateUpdated` datetime NOT NULL,
  `uid` char(36) COLLATE utf8_unicode_ci NOT NULL DEFAULT '0',
  PRIMARY KEY (`id`),
  UNIQUE KEY `craft_content_elementId_locale_unq_idx` (`elementId`,`locale`),
  KEY `craft_content_title_idx` (`title`),
  KEY `craft_content_locale_fk` (`locale`)
) ENGINE=InnoDB AUTO_INCREMENT=105 DEFAULT CHARSET=utf8 COLLATE=utf8_unicode_ci;

--
-- Data for table `craft_content`
--

INSERT INTO `craft_content` (`id`, `elementId`, `locale`, `title`, `field_body`, `field_metaTitle`, `field_metaDescription`, `field_linkHeader`, `field_firstName`, `field_location`, `field_facebook`, `field_instagram`, `field_youtube`, `field_eventLocation`, `field_eventDetail`, `field_lastName`, `field_email`, `field_subjectLine`, `field_phone`, `field_googleTagManagerScript`, `field_googleAnalyticsTagScript`, `dateCreated`, `dateUpdated`, `uid`) VALUES
 ('1', '1', 'en_us', NULL, NULL, NULL, NULL, NULL, NULL, NULL, NULL, NULL, NULL, NULL, NULL, NULL, NULL, NULL, '0', NULL, NULL, '2016-03-12 17:48:25', '2016-07-25 14:42:46', '1e2e2baa-5baa-44ad-b14e-132016ef55c3'),
 ('2', '2', 'en_us', 'Home', '<p>It’s true, this site doesn’t have a whole lot of content yet, but don’t worry. Our web developers have just installed the CMS, and they’re setting things up for the content editors this very moment. Soon Localhost will be an oasis of fresh perspectives, sharp analyses, and astute opinions that will keep you coming back again and again.</p>', NULL, NULL, NULL, NULL, NULL, NULL, NULL, NULL, NULL, NULL, NULL, NULL, NULL, '0', NULL, NULL, '2016-03-12 17:48:26', '2016-07-12 14:37:32', '4e7d1136-5e87-4ebb-adf9-42394e522b6e'),
 ('4', '4', 'en_us', NULL, NULL, NULL, NULL, NULL, NULL, NULL, NULL, NULL, NULL, NULL, NULL, NULL, NULL, NULL, '0', NULL, NULL, '2016-03-12 18:38:45', '2016-03-12 18:41:27', '6c77ae2f-976f-4e1b-b2aa-9865ac017dd2'),
 ('5', '5', 'en_us', 'About Us', NULL, NULL, NULL, NULL, NULL, NULL, NULL, NULL, NULL, NULL, NULL, NULL, NULL, NULL, '0', NULL, NULL, '2016-03-15 03:20:28', '2016-03-15 03:20:28', '655e5e64-ab55-4a09-a10a-be302599aaed'),
 ('6', '6', 'en_us', 'Programs', NULL, NULL, NULL, NULL, NULL, NULL, NULL, NULL, NULL, NULL, NULL, NULL, NULL, NULL, '0', NULL, NULL, '2016-03-15 03:20:39', '2016-03-15 03:20:39', '1b947a8d-cb7f-4f24-806a-20fa5cf6b9d0'),
 ('7', '7', 'en_us', 'Locations', NULL, NULL, NULL, NULL, NULL, NULL, NULL, NULL, NULL, NULL, NULL, NULL, NULL, NULL, '0', NULL, NULL, '2016-03-15 03:20:46', '2016-03-15 03:20:46', '56bc263f-0a0f-48b5-9884-0290939718e3'),
 ('8', '8', 'en_us', 'Bjj Bg@2X', NULL, NULL, NULL, NULL, NULL, NULL, NULL, NULL, NULL, NULL, NULL, NULL, NULL, NULL, '0', NULL, NULL, '2016-03-16 02:12:29', '2016-05-04 14:36:52', '0ee3d901-ccd0-4f0c-b95c-125fba2c382c'),
 ('9', '9', 'en_us', 'Contact Bg@2X', NULL, NULL, NULL, NULL, NULL, NULL, NULL, NULL, NULL, NULL, NULL, NULL, NULL, NULL, '0', NULL, NULL, '2016-03-16 02:12:39', '2016-05-04 14:36:53', '89bfb1de-2ad6-4189-9dd5-7e836453e9fa'),
 ('10', '10', 'en_us', 'Hero@2X', NULL, NULL, NULL, NULL, NULL, NULL, NULL, NULL, NULL, NULL, NULL, NULL, NULL, NULL, '0', NULL, NULL, '2016-03-16 02:12:40', '2016-05-04 14:36:54', '311fb985-5dec-4e7f-9901-00407a92c529'),
 ('11', '11', 'en_us', 'Location Bg@2X', NULL, NULL, NULL, NULL, NULL, NULL, NULL, NULL, NULL, NULL, NULL, NULL, NULL, NULL, '0', NULL, NULL, '2016-03-16 02:13:04', '2016-05-04 14:36:56', '4e983632-189e-477f-acd5-deb92f65cb28'),
 ('12', '12', 'en_us', 'Logo Watermark', NULL, NULL, NULL, NULL, NULL, NULL, NULL, NULL, NULL, NULL, NULL, NULL, NULL, NULL, '0', NULL, NULL, '2016-03-16 02:13:24', '2016-05-04 14:36:56', 'c947fa6a-0e02-4976-a0e1-12a28284cfa4'),
 ('14', '14', 'en_us', 'Approach Bg@2X', NULL, NULL, NULL, NULL, NULL, NULL, NULL, NULL, NULL, NULL, NULL, NULL, NULL, NULL, '0', NULL, NULL, '2016-03-16 02:20:17', '2016-05-04 14:36:53', '295a9a46-821a-491f-aa02-2406d9531ec3'),
 ('15', '16', 'en_us', 'Dragons', NULL, '', '', 'Dragons (4 – 6 YO)', NULL, NULL, NULL, NULL, NULL, NULL, NULL, NULL, NULL, NULL, '0', NULL, NULL, '2016-03-16 03:46:42', '2016-07-25 05:47:37', 'aee1f58c-5c50-4d70-932d-a95b82f46452'),
 ('16', '17', 'en_us', 'Juniors', NULL, '', '', 'Juniors (7 -12 YO)', NULL, NULL, NULL, NULL, NULL, NULL, NULL, NULL, NULL, NULL, '0', NULL, NULL, '2016-03-16 03:48:00', '2016-06-27 01:54:15', 'dd409229-dafe-4744-a158-eb074852af13'),
 ('17', '19', 'en_us', 'Approach Bg@2X Test', NULL, NULL, NULL, NULL, NULL, NULL, NULL, NULL, NULL, NULL, NULL, NULL, NULL, NULL, '0', NULL, NULL, '2016-03-16 04:32:11', '2016-05-04 14:36:52', '7875790c-bb0b-4f14-b17e-dd95ae7ed4dc'),
 ('18', '20', 'en_us', NULL, NULL, NULL, NULL, NULL, NULL, NULL, 'https://www.facebook.com/FreddiePoolesMartialArts/', 'https://www.instagram.com/fpma_mma/', ' https://www.youtube.com/user/FreddiePMA', NULL, NULL, NULL, NULL, NULL, '0', '<!-- Google Tag Manager -->\r\n<noscript><iframe src=\"//www.googletagmanager.com/ns.html?id=GTM-5LG9PV\"\r\nheight=\"0\" width=\"0\" style=\"display:none;visibility:hidden\"></iframe></noscript>\r\n<script>(function(w,d,s,l,i){w[l]=w[l]||[];w[l].push({\'gtm.start\':\r\nnew Date().getTime(),event:\'gtm.js\'});var f=d.getElementsByTagName(s)[0],\r\nj=d.createElement(s),dl=l!=\'dataLayer\'?\'&l=\'+l:\'\';j.async=true;j.src=\r\n\'//www.googletagmanager.com/gtm.js?id=\'+i+dl;f.parentNode.insertBefore(j,f);\r\n})(window,document,\'script\',\'dataLayer\',\'GTM-5LG9PV\');</script>\r\n<!-- End Google Tag Manager -->', '<script>\r\n (function(i,s,o,g,r,a,m){i[\'GoogleAnalyticsObject\']=r;i[r]=i[r]||function(){\r\n (i[r].q=i[r].q||[]).push(arguments)},i[r].l=1*new Date();a=s.createElement(o),\r\n m=s.getElementsByTagName(o)[0];a.async=1;a.src=g;m.parentNode.insertBefore(a,m)\r\n })(window,document,\'script\',\'https://www.google-analytics.com/analytics.js\',\'ga\');\r\n\r\n ga(\'create\', \'UA-72853200-1\', \'auto\');\r\n ga(\'send\', \'pageview\');\r\n</script>', '2016-03-17 02:25:29', '2016-07-17 20:11:18', '26243e01-86f7-4e71-87b3-34c927744260'),
 ('19', '24', 'en_us', 'North Texas Martial Arts', NULL, '', '', NULL, NULL, NULL, NULL, NULL, NULL, NULL, NULL, NULL, NULL, NULL, '0', NULL, NULL, '2016-03-24 04:22:43', '2016-07-20 16:25:41', '746c263c-d214-42e1-8703-899a88e48122'),
 ('21', '27', 'en_us', 'Instructors', NULL, '', '', NULL, NULL, NULL, NULL, NULL, NULL, NULL, NULL, NULL, NULL, NULL, '0', NULL, NULL, '2016-03-25 02:46:04', '2016-07-20 16:24:20', '3511dd02-8da7-4a85-b474-6ab1747aad30'),
 ('22', '32', 'en_us', 'Contact Us', NULL, '', '', '', NULL, NULL, NULL, NULL, NULL, NULL, NULL, NULL, NULL, NULL, '0', NULL, NULL, '2016-03-25 04:21:55', '2016-07-27 04:02:52', '500c41e5-b650-4c41-a177-682a8e4efcee'),
 ('23', '33', 'en_us', 'Events', NULL, '', '', NULL, NULL, NULL, NULL, NULL, NULL, NULL, NULL, NULL, NULL, NULL, '0', NULL, NULL, '2016-03-25 04:22:10', '2016-07-14 02:51:26', 'f8575e48-0862-4b3c-8f8d-697e60bb59dd'),
 ('24', '34', 'en_us', 'Freddie Poole Martial Arts', NULL, '', '', NULL, NULL, NULL, NULL, NULL, NULL, NULL, NULL, NULL, NULL, NULL, '0', NULL, NULL, '2016-03-26 22:44:34', '2016-07-28 14:55:02', '33c5ce5c-ad3f-428f-b1fb-afbeac342f6e'),
 ('25', '36', 'en_us', 'Image Hero About@2X', NULL, NULL, NULL, NULL, NULL, NULL, NULL, NULL, NULL, NULL, NULL, NULL, NULL, NULL, '0', NULL, NULL, '2016-04-21 04:00:20', '2016-06-15 04:05:55', '31edbea7-9b33-411a-979f-bdfd6cb72160'),
 ('26', '37', 'en_us', 'Image Hero Contact@2X', NULL, NULL, NULL, NULL, NULL, NULL, NULL, NULL, NULL, NULL, NULL, NULL, NULL, NULL, '0', NULL, NULL, '2016-04-21 04:00:20', '2016-06-15 04:05:55', '76ead84d-8ec8-40e7-a6cd-2d963b9b222b'),
 ('27', '38', 'en_us', 'Image Hero Location2@2X', NULL, NULL, NULL, NULL, NULL, NULL, NULL, NULL, NULL, NULL, NULL, NULL, NULL, NULL, '0', NULL, NULL, '2016-04-21 04:00:20', '2016-06-27 02:03:42', '47118fc5-e246-4c14-a8f1-6f64b4c4cf55'),
 ('28', '39', 'en_us', 'Image Hero Location@2X', NULL, NULL, NULL, NULL, NULL, NULL, NULL, NULL, NULL, NULL, NULL, NULL, NULL, NULL, '0', NULL, NULL, '2016-04-21 04:00:20', '2016-06-15 04:05:55', '7e22ccd5-ddcd-4bd7-8116-a7fc37a67c22'),
 ('29', '40', 'en_us', 'Image Hero BJJ@2X', NULL, NULL, NULL, NULL, NULL, NULL, NULL, NULL, NULL, NULL, NULL, NULL, NULL, NULL, '0', NULL, NULL, '2016-04-21 04:00:20', '2016-07-14 02:54:22', '4521868b-2ba6-4454-90b7-054d2d4873dd'),
 ('30', '41', 'en_us', 'Image Hero Staff@2X', NULL, NULL, NULL, NULL, NULL, NULL, NULL, NULL, NULL, NULL, NULL, NULL, NULL, NULL, '0', NULL, NULL, '2016-04-21 04:00:20', '2016-06-27 02:09:45', '16f70bea-b453-499f-9b17-62ed1279b956'),
 ('31', '42', 'en_us', 'Logo  Fpma', NULL, NULL, NULL, NULL, NULL, NULL, NULL, NULL, NULL, NULL, NULL, NULL, NULL, NULL, '0', NULL, NULL, '2016-04-21 04:00:21', '2016-05-04 14:36:55', '3a6f07cb-0a05-4ecf-bbdd-e626da598cd5'),
 ('32', '43', 'en_us', 'Staff 1@2X', NULL, NULL, NULL, NULL, NULL, NULL, NULL, NULL, NULL, NULL, NULL, NULL, NULL, NULL, '0', NULL, NULL, '2016-04-21 04:00:21', '2016-05-04 14:36:51', 'f864f241-9fe6-478b-847a-f3a224892840'),
 ('33', '44', 'en_us', 'Staff 4@2X', NULL, NULL, NULL, NULL, NULL, NULL, NULL, NULL, NULL, NULL, NULL, NULL, NULL, NULL, '0', NULL, NULL, '2016-04-21 04:00:21', '2016-05-04 14:36:51', '3da3f7fc-5ff6-4daa-b087-9659e385adef'),
 ('34', '45', 'en_us', 'Staff 2@2X', NULL, NULL, NULL, NULL, NULL, NULL, NULL, NULL, NULL, NULL, NULL, NULL, NULL, NULL, '0', NULL, NULL, '2016-04-21 04:00:21', '2016-05-04 14:36:51', '6429d58a-3d5a-429a-b6d6-1502b5ea8e99'),
 ('35', '46', 'en_us', 'Staff 3@2X', NULL, NULL, NULL, NULL, NULL, NULL, NULL, NULL, NULL, NULL, NULL, NULL, NULL, NULL, '0', NULL, NULL, '2016-04-21 04:00:22', '2016-05-04 14:36:51', '17816b97-1d50-4649-bc4e-878230c647ab'),
 ('36', '47', 'en_us', 'Staff 5@2X', NULL, NULL, NULL, NULL, NULL, NULL, NULL, NULL, NULL, NULL, NULL, NULL, NULL, NULL, '0', NULL, NULL, '2016-04-21 04:00:22', '2016-05-04 14:36:51', '603d40e7-be46-4594-bcf8-931d8759c7a0'),
 ('37', '48', 'en_us', 'Staff 6@2X', NULL, NULL, NULL, NULL, NULL, NULL, NULL, NULL, NULL, NULL, NULL, NULL, NULL, NULL, '0', NULL, NULL, '2016-04-21 04:00:22', '2016-05-04 14:36:51', 'd0bcdd82-b45e-4314-aa4d-9b9bbfdbea84'),
 ('38', '49', 'en_us', 'Staff 7@2X', NULL, NULL, NULL, NULL, NULL, NULL, NULL, NULL, NULL, NULL, NULL, NULL, NULL, NULL, '0', NULL, NULL, '2016-04-21 04:00:22', '2016-05-04 14:36:51', 'fa746a92-cdb5-4267-9411-3795eab90b82'),
 ('39', '50', 'en_us', 'Staff 8@2X', NULL, NULL, NULL, NULL, NULL, NULL, NULL, NULL, NULL, NULL, NULL, NULL, NULL, NULL, '0', NULL, NULL, '2016-04-21 04:00:22', '2016-05-04 14:36:51', '250bd0a0-01ff-47e3-b2aa-54bfc1d2dc9c'),
 ('41', '61', 'en_us', 'Approach Bg@2X', NULL, NULL, NULL, NULL, NULL, NULL, NULL, NULL, NULL, NULL, NULL, NULL, NULL, NULL, '0', NULL, NULL, '2016-05-04 14:36:53', '2016-05-04 14:36:53', '68c30484-a372-4c4e-aac3-9fd19fae2bab'),
 ('42', '62', 'en_us', 'Staff Jayda', NULL, NULL, NULL, NULL, NULL, NULL, NULL, NULL, NULL, NULL, NULL, NULL, NULL, NULL, '0', NULL, NULL, '2016-06-06 21:49:44', '2016-06-06 21:49:44', 'efd2fbf1-5f4c-4789-a7c4-4fa08dc8297a'),
 ('43', '63', 'en_us', 'Staff Magers', NULL, NULL, NULL, NULL, NULL, NULL, NULL, NULL, NULL, NULL, NULL, NULL, NULL, NULL, '0', NULL, NULL, '2016-06-06 21:49:45', '2016-06-06 21:49:45', '9660da74-fd37-42f1-a1d1-7c9371250852'),
 ('44', '64', 'en_us', 'Staff Steve', NULL, NULL, NULL, NULL, NULL, NULL, NULL, NULL, NULL, NULL, NULL, NULL, NULL, NULL, '0', NULL, NULL, '2016-06-06 21:49:45', '2016-06-06 21:49:45', '5aea2d59-5710-4e2c-95a3-3082729ff7ae'),
 ('45', '73', 'en_us', 'Freddie Poole', NULL, '', '', NULL, NULL, NULL, NULL, NULL, NULL, NULL, NULL, NULL, NULL, NULL, '0', NULL, NULL, '2016-06-15 02:56:16', '2016-07-14 02:38:56', '2f4a1467-3f73-4f5b-92de-a6c10d1f0f4a'),
 ('47', '81', 'en_us', 'Brazilian Jiu-Jitsu', NULL, '', '', 'Brazilian Jiu-Jitsu', NULL, NULL, NULL, NULL, NULL, NULL, NULL, NULL, NULL, NULL, '0', NULL, NULL, '2016-06-15 03:20:08', '2016-07-14 02:55:56', 'd3546f2f-42f9-479c-9643-0cffd61cee30'),
 ('48', '86', 'en_us', 'Ladies Kickboxing', NULL, '', '', 'Ladies Kickboxing', NULL, NULL, NULL, NULL, NULL, NULL, NULL, NULL, NULL, NULL, '0', NULL, NULL, '2016-06-15 03:22:24', '2016-06-27 01:38:17', 'd36a3909-da8a-40fd-a2dc-4b85b017eec8'),
 ('49', '89', 'en_us', 'Martial Arts', NULL, '', '', 'Martial Arts', NULL, NULL, NULL, NULL, NULL, NULL, NULL, NULL, NULL, NULL, '0', NULL, NULL, '2016-06-15 03:26:32', '2016-06-27 02:02:13', '3370766d-ae1e-40e3-acf8-49d83f37efe3'),
 ('50', '93', 'en_us', 'Muay Thai Kickboxing', NULL, '', '', 'Muay Thai: Adults', NULL, NULL, NULL, NULL, NULL, NULL, NULL, NULL, NULL, NULL, '0', NULL, NULL, '2016-06-15 03:30:34', '2016-07-15 02:42:23', '604c1303-be3b-4524-8a49-941a1b7609b9'),
 ('51', '96', 'en_us', 'Leadership', NULL, '', '', '', NULL, NULL, NULL, NULL, NULL, NULL, NULL, NULL, NULL, NULL, '0', NULL, NULL, '2016-06-15 03:31:34', '2016-06-27 02:01:18', '9dc7d499-ad49-4fac-bfc0-6a08a8da2d1d'),
 ('52', '99', 'en_us', 'Staff Vanny', NULL, NULL, NULL, NULL, NULL, NULL, NULL, NULL, NULL, NULL, NULL, NULL, NULL, NULL, '0', NULL, NULL, '2016-06-15 03:35:11', '2016-06-15 03:35:11', 'd7cf2ea6-7de7-438f-b163-cea9a75f3030'),
 ('53', '100', 'en_us', 'Staff Mike', NULL, NULL, NULL, NULL, NULL, NULL, NULL, NULL, NULL, NULL, NULL, NULL, NULL, NULL, '0', NULL, NULL, '2016-06-15 03:36:09', '2016-06-15 03:36:09', '086beb83-ae39-4af9-95e9-2f7752f0860c'),
 ('54', '101', 'en_us', 'Locations Bkg@2X', NULL, NULL, NULL, NULL, NULL, NULL, NULL, NULL, NULL, NULL, NULL, NULL, NULL, NULL, '0', NULL, NULL, '2016-06-15 03:42:04', '2016-06-15 03:42:04', '4a0e13aa-37e9-4b58-a349-bf7fbf47004c'),
 ('55', '102', 'en_us', 'Approach Bkg@2X', NULL, NULL, NULL, NULL, NULL, NULL, NULL, NULL, NULL, NULL, NULL, NULL, NULL, NULL, '0', NULL, NULL, '2016-06-15 03:43:25', '2016-06-15 03:43:25', 'e65caacd-2fe5-4d1d-ae0e-ab59459def36'),
 ('63', '111', 'en_us', 'Image Hero Lk@2X', NULL, NULL, NULL, NULL, NULL, NULL, NULL, NULL, NULL, NULL, NULL, NULL, NULL, NULL, NULL, NULL, NULL, '2016-06-27 01:35:57', '2016-07-14 03:00:58', 'd28cc7c8-39d5-490b-b02a-ff29ba37f8be'),
 ('64', '113', 'en_us', 'Image Hero Juniors@2X', NULL, NULL, NULL, NULL, NULL, NULL, NULL, NULL, NULL, NULL, NULL, NULL, NULL, NULL, NULL, NULL, NULL, '2016-06-27 01:54:12', '2016-06-27 01:54:12', 'ed06e37d-bc0f-452a-802c-46d19c07dabb'),
 ('65', '114', 'en_us', 'Image Hero Ntma@2X', NULL, NULL, NULL, NULL, NULL, NULL, NULL, NULL, NULL, NULL, NULL, NULL, NULL, NULL, NULL, NULL, NULL, '2016-06-27 02:00:07', '2016-07-14 03:06:34', '40cb4acb-caea-4a38-87ab-2195c746af31'),
 ('66', '115', 'en_us', 'Image Hero Karate@2X', NULL, NULL, NULL, NULL, NULL, NULL, NULL, NULL, NULL, NULL, NULL, NULL, NULL, NULL, NULL, NULL, NULL, '2016-06-27 02:00:50', '2016-06-27 02:03:53', '1a53742b-d7f9-4103-bca3-8b1a7b182657'),
 ('67', '116', 'en_us', 'Image Hero Leadership@2X', NULL, NULL, NULL, NULL, NULL, NULL, NULL, NULL, NULL, NULL, NULL, NULL, NULL, NULL, NULL, NULL, NULL, '2016-06-27 02:01:02', '2016-06-27 02:01:02', '79e2c539-c4c6-42a7-8f2b-b3824bed2441'),
 ('69', '119', 'en_us', 'Image Hero About1@2X', NULL, NULL, NULL, NULL, NULL, 'location', NULL, NULL, NULL, NULL, NULL, NULL, NULL, NULL, NULL, NULL, NULL, '2016-07-06 02:48:06', '2016-07-06 02:49:51', '0d5176a5-6d2c-4ab8-bd5a-3f6ae2578a43'),
 ('71', '121', 'en_us', 'Image Hero About@1X', NULL, NULL, NULL, NULL, NULL, 'location', NULL, NULL, NULL, NULL, NULL, NULL, NULL, NULL, NULL, NULL, NULL, '2016-07-06 02:56:53', '2016-07-06 02:56:53', '4e6dab41-7dc4-4175-acef-b61e6efe9b54'),
 ('72', '122', 'en_us', 'Circle Logo', NULL, NULL, NULL, NULL, NULL, 'location', NULL, NULL, NULL, NULL, NULL, NULL, NULL, NULL, NULL, NULL, NULL, '2016-07-06 03:15:32', '2016-07-06 03:17:06', '275763e9-7adb-4a77-9bf3-e54ae4a35108'),
 ('75', '125', 'en_us', 'Kick. Punch. Learn.', '<p>Freddie Poole’s Martial Arts® offers an exclusive hybrid training system that incorporates the traditional training values and principles of karate and tae-kwon-do with a contemporary system of combat, self-defense and fitness.</p>', NULL, NULL, NULL, NULL, 'location', NULL, NULL, NULL, NULL, NULL, NULL, NULL, NULL, NULL, NULL, NULL, '2016-07-12 14:36:10', '2016-07-15 09:20:24', 'ed4759c4-b1d4-469a-b9d1-6f12cb6f59a4'),
 ('76', '126', 'en_us', 'Black Belt Testing', '<p>Please join us at North Texas Martial Arts for the black best test and ceremony for:<br><strong class=\"redactor-inline-converted\">Master Steve Sosa</strong> – testing for 8th degree black belt &nbsp;<br><strong class=\"redactor-inline-converted\">Miss Jayda Clayton</strong> – testing for 3rd degree black belt&nbsp;</p>\r\n\r\n<p><em>August 27, 2016 @ 2:00 pm at the NTMA&nbsp;<br>17194 Preston Road, Suite 215 Dallas, Texas 75248<br>Event is free and open to the public&nbsp;</em></p>\r\n\r\n<p><br></p>', NULL, NULL, NULL, NULL, 'location', NULL, NULL, NULL, NULL, NULL, NULL, NULL, NULL, NULL, NULL, NULL, '2016-07-12 14:36:35', '2016-07-14 03:23:10', 'b1e88593-517c-4d8e-8b76-d8dfe7a777c6'),
 ('77', '127', 'en_us', 'Cotton Belt Classic', '<p><strong class=\"redactor-inline-converted\">Saturday, August 6, 2016<br></strong></p>\r\n\r\n<p>James Williams & Joe McSpadden Presents<br><strong>2016 Cotton Belt Classic<br></strong>Plano Sports Authority - Murphy<br>330 N. Murphy Road<br>Murphy, TX &nbsp;75094<br>Pre-Registation Only Event&nbsp;</p>\r\n\r\n\r\n\r\n<p><a href=\"http://www.dfwkaratechampionships.com/PDFs/yldxwdbb.pdf\" target=\"_blank\">Tournament Flyer</a></p>', NULL, NULL, NULL, NULL, 'location', NULL, NULL, NULL, NULL, NULL, NULL, NULL, NULL, NULL, NULL, NULL, '2016-07-12 14:36:56', '2016-07-14 03:24:07', '8f5a3521-3ebb-4cbf-ba55-360ec6bab1b5'),
 ('78', '128', 'en_us', 'FPMA', NULL, '', '', NULL, NULL, 'location', NULL, NULL, NULL, NULL, NULL, NULL, NULL, NULL, NULL, NULL, NULL, '2016-07-14 02:32:44', '2016-07-14 02:57:37', '10ac721e-bc94-4339-9150-64d0319b0dbb'),
 ('79', '130', 'en_us', 'Image Hero Dragons@2X', NULL, NULL, NULL, NULL, NULL, 'location', NULL, NULL, NULL, NULL, NULL, NULL, NULL, NULL, NULL, NULL, NULL, '2016-07-14 02:50:07', '2016-07-14 02:50:07', '4f0c99e7-4395-454f-883d-cdd876637974'),
 ('80', '131', 'en_us', 'Image Hero Events@2X', NULL, NULL, NULL, NULL, NULL, 'location', NULL, NULL, NULL, NULL, NULL, NULL, NULL, NULL, NULL, NULL, NULL, '2016-07-14 02:51:23', '2016-07-14 02:51:23', '21c2d39c-799d-41a8-aaf5-8a7578812b7f'),
 ('84', '136', 'en_us', 'Image Hero General1@2X', NULL, NULL, NULL, NULL, NULL, 'location', NULL, NULL, NULL, NULL, NULL, NULL, NULL, NULL, NULL, NULL, NULL, '2016-07-14 03:23:06', '2016-07-14 03:23:06', 'c34d0b1d-1829-4fab-b3b4-975ff6ec322d'),
 ('86', '138', 'en_us', 'Image Hero Muaykick@2X', NULL, NULL, NULL, NULL, NULL, 'location', NULL, NULL, NULL, NULL, NULL, NULL, NULL, NULL, NULL, NULL, NULL, '2016-07-15 02:38:36', '2016-07-15 02:38:36', 'e3da3848-ec85-4225-974d-8a31476e3ce3'),
 ('102', '172', 'en_us', NULL, NULL, NULL, NULL, NULL, NULL, 'location', NULL, NULL, NULL, NULL, NULL, NULL, NULL, NULL, NULL, NULL, NULL, '2016-07-20 21:57:15', '2016-07-20 21:57:15', '882a6e8f-5a3b-411c-bb70-6b1484daf9ed'),
 ('104', '177', 'en_us', NULL, NULL, NULL, NULL, NULL, NULL, 'location', NULL, NULL, NULL, NULL, NULL, NULL, NULL, NULL, NULL, NULL, NULL, '2016-07-25 14:40:44', '2016-07-26 15:49:29', '0586e8f8-d7b9-43ea-a587-faf656f7aae9');



DROP TABLE IF EXISTS `craft_deprecationerrors`;


--
-- Schema for table `craft_deprecationerrors`
--
CREATE TABLE `craft_deprecationerrors` (
  `id` int(11) NOT NULL AUTO_INCREMENT,
  `key` varchar(255) COLLATE utf8_unicode_ci NOT NULL,
  `fingerprint` varchar(255) COLLATE utf8_unicode_ci NOT NULL,
  `lastOccurrence` datetime NOT NULL,
  `file` varchar(255) COLLATE utf8_unicode_ci NOT NULL,
  `line` smallint(6) unsigned NOT NULL,
  `class` varchar(255) COLLATE utf8_unicode_ci DEFAULT NULL,
  `method` varchar(255) COLLATE utf8_unicode_ci DEFAULT NULL,
  `template` varchar(255) COLLATE utf8_unicode_ci DEFAULT NULL,
  `templateLine` smallint(6) unsigned DEFAULT NULL,
  `message` varchar(255) COLLATE utf8_unicode_ci DEFAULT NULL,
  `traces` text COLLATE utf8_unicode_ci,
  `dateCreated` datetime NOT NULL,
  `dateUpdated` datetime NOT NULL,
  `uid` char(36) COLLATE utf8_unicode_ci NOT NULL DEFAULT '0',
  PRIMARY KEY (`id`),
  UNIQUE KEY `craft_deprecationerrors_key_fingerprint_unq_idx` (`key`,`fingerprint`)
) ENGINE=InnoDB DEFAULT CHARSET=utf8 COLLATE=utf8_unicode_ci;

DROP TABLE IF EXISTS `craft_elementindexsettings`;


--
-- Schema for table `craft_elementindexsettings`
--
CREATE TABLE `craft_elementindexsettings` (
  `id` int(11) NOT NULL AUTO_INCREMENT,
  `type` varchar(150) COLLATE utf8_unicode_ci NOT NULL,
  `settings` text COLLATE utf8_unicode_ci,
  `dateCreated` datetime NOT NULL,
  `dateUpdated` datetime NOT NULL,
  `uid` char(36) COLLATE utf8_unicode_ci NOT NULL DEFAULT '0',
  PRIMARY KEY (`id`),
  UNIQUE KEY `craft_elementindexsettings_type_unq_idx` (`type`)
) ENGINE=InnoDB DEFAULT CHARSET=utf8 COLLATE=utf8_unicode_ci;

DROP TABLE IF EXISTS `craft_elements`;


--
-- Schema for table `craft_elements`
--
CREATE TABLE `craft_elements` (
  `id` int(11) NOT NULL AUTO_INCREMENT,
  `type` varchar(150) COLLATE utf8_unicode_ci NOT NULL,
  `enabled` tinyint(1) unsigned NOT NULL DEFAULT '1',
  `archived` tinyint(1) unsigned NOT NULL DEFAULT '0',
  `dateCreated` datetime NOT NULL,
  `dateUpdated` datetime NOT NULL,
  `uid` char(36) COLLATE utf8_unicode_ci NOT NULL DEFAULT '0',
  PRIMARY KEY (`id`),
  KEY `craft_elements_type_idx` (`type`),
  KEY `craft_elements_enabled_idx` (`enabled`),
  KEY `craft_elements_archived_dateCreated_idx` (`archived`,`dateCreated`)
) ENGINE=InnoDB AUTO_INCREMENT=185 DEFAULT CHARSET=utf8 COLLATE=utf8_unicode_ci;

--
-- Data for table `craft_elements`
--

INSERT INTO `craft_elements` (`id`, `type`, `enabled`, `archived`, `dateCreated`, `dateUpdated`, `uid`) VALUES
 ('1', 'User', '1', '0', '2016-03-12 17:48:25', '2016-07-25 14:42:46', '0c586a4e-b86c-4815-9da0-f5412974ec4f'),
 ('2', 'Entry', '1', '0', '2016-03-12 17:48:26', '2016-07-12 14:37:32', '1341f04b-df68-4320-bdad-ca3d65c8cb34'),
 ('4', 'GlobalSet', '1', '0', '2016-03-12 18:38:45', '2016-03-12 18:41:27', 'aa26c87f-49ee-4783-a525-9522a9292840'),
 ('5', 'Entry', '1', '0', '2016-03-15 03:20:28', '2016-03-15 03:20:28', 'a84dd598-fed3-4b58-b4db-4f7f36cf8555'),
 ('6', 'Entry', '1', '0', '2016-03-15 03:20:39', '2016-03-15 03:20:39', '5fb65cfa-e982-4a8f-b8c6-67de7654c816'),
 ('7', 'Entry', '1', '0', '2016-03-15 03:20:46', '2016-03-15 03:20:46', 'f6640073-a0d9-4716-95d8-137be9a5e47a'),
 ('8', 'Asset', '1', '0', '2016-03-16 02:12:29', '2016-05-04 14:36:52', 'a4e79868-b482-49e5-b0fe-df66f622abf4'),
 ('9', 'Asset', '1', '0', '2016-03-16 02:12:39', '2016-05-04 14:36:53', '96f16664-69ec-4c10-ab12-abdbdea1fcb6'),
 ('10', 'Asset', '1', '0', '2016-03-16 02:12:40', '2016-05-04 14:36:54', '36f3541f-cf0d-40a9-91d1-a5a73e01c298'),
 ('11', 'Asset', '1', '0', '2016-03-16 02:13:04', '2016-05-04 14:36:56', 'f9e9b0ae-a73b-4326-90d7-3c80f855c12f'),
 ('12', 'Asset', '1', '0', '2016-03-16 02:13:24', '2016-05-04 14:36:56', '6dcb356e-fb8e-460c-a929-01f26ca4fdb9'),
 ('14', 'Asset', '1', '0', '2016-03-16 02:20:17', '2016-05-04 14:36:53', 'a9795efb-da2f-4b60-9bbe-a359e7d7c340'),
 ('15', 'MatrixBlock', '1', '0', '2016-03-16 02:47:49', '2016-07-12 14:37:32', 'e6cae235-ce93-4650-bd07-102f01f99a68'),
 ('16', 'Entry', '1', '0', '2016-03-16 03:46:42', '2016-07-25 05:47:37', '626cbdc7-cd27-4b9d-af36-c11c0c5dc052'),
 ('17', 'Entry', '1', '0', '2016-03-16 03:48:00', '2016-06-27 01:54:15', '8e7d91fe-ba13-42c3-8cdf-0fcb654f178e'),
 ('18', 'MatrixBlock', '1', '0', '2016-03-16 04:17:39', '2016-07-12 14:37:32', '280bc2ad-ac48-4c48-b422-a69d4c2d4855'),
 ('19', 'Asset', '1', '0', '2016-03-16 04:32:11', '2016-05-04 14:36:52', '48434c84-b25d-44cc-b511-1f787e14612b'),
 ('20', 'GlobalSet', '1', '0', '2016-03-17 02:25:29', '2016-07-17 20:11:18', '00084d25-d934-4c1f-94ef-47b63f67003f'),
 ('21', 'MatrixBlock', '1', '0', '2016-03-24 02:37:17', '2016-07-25 05:47:37', '992115a4-d100-4fc8-9c99-f6dadf437cf0'),
 ('22', 'MatrixBlock', '1', '0', '2016-03-24 02:37:17', '2016-07-25 05:47:37', 'c7d19559-9106-429e-8542-642d24f11b99'),
 ('24', 'Entry', '1', '0', '2016-03-24 04:22:43', '2016-07-20 16:25:41', 'eb728ec9-4346-4ed7-bc03-402295178394'),
 ('25', 'MatrixBlock', '1', '0', '2016-03-24 04:22:43', '2016-07-20 16:25:41', '63f680bb-07c3-473e-96b1-f33ff56d3e0c'),
 ('27', 'Entry', '1', '0', '2016-03-25 02:46:04', '2016-07-20 16:24:20', 'a0ce6aee-6327-49b1-a2be-37ec5174bb98'),
 ('28', 'MatrixBlock', '1', '0', '2016-03-25 02:46:04', '2016-07-20 16:24:20', 'c4ebee9c-e512-4c95-a62c-2ded723fdb99'),
 ('29', 'MatrixBlock', '1', '0', '2016-03-25 02:46:04', '2016-07-20 16:24:20', 'a2d94ca6-1c7f-424e-8295-f41ff265255b'),
 ('30', 'MatrixBlock', '1', '0', '2016-03-25 02:46:04', '2016-07-20 16:24:20', '1b7266f5-bf46-4d61-9c2d-8ba23f970ad1'),
 ('31', 'MatrixBlock', '1', '0', '2016-03-25 02:46:04', '2016-07-20 16:24:20', '50a97550-3ccc-40d5-ad27-ce3ad6cb3efd'),
 ('32', 'Entry', '1', '0', '2016-03-25 04:21:55', '2016-07-27 04:02:52', '39c636b7-5724-4910-9856-fe2077be8f9d'),
 ('33', 'Entry', '1', '0', '2016-03-25 04:22:10', '2016-07-14 02:51:26', '8300499d-2600-468b-aec2-a15298769be5'),
 ('34', 'Entry', '1', '0', '2016-03-26 22:44:34', '2016-07-28 14:55:02', '59b6d150-9400-41c8-9529-f478305181b4'),
 ('35', 'MatrixBlock', '1', '0', '2016-03-26 22:44:34', '2016-07-28 14:55:02', '181667a2-9a41-4c3d-92ce-2bc4cc0cf4e5'),
 ('36', 'Asset', '1', '0', '2016-04-21 04:00:20', '2016-06-15 04:05:55', '5a00ed6e-d5cc-49ee-8099-42693361e8bb'),
 ('37', 'Asset', '1', '0', '2016-04-21 04:00:20', '2016-06-15 04:05:55', '1dd1484b-5be3-47c6-8cb2-965f45a29c34'),
 ('38', 'Asset', '1', '0', '2016-04-21 04:00:20', '2016-06-27 02:03:42', '324dc4ab-f492-4243-be9b-d8ea23aa1e43'),
 ('39', 'Asset', '1', '0', '2016-04-21 04:00:20', '2016-06-15 04:05:55', '2ea57d1c-d368-4911-890b-e25ba51d7822'),
 ('40', 'Asset', '1', '0', '2016-04-21 04:00:20', '2016-07-14 02:54:22', '9074c197-0a09-4ff9-84a3-a5c7c7c3e909'),
 ('41', 'Asset', '1', '0', '2016-04-21 04:00:20', '2016-06-27 02:09:45', '8c75f797-e69e-487c-b2c2-c9666ec0b9aa'),
 ('42', 'Asset', '1', '0', '2016-04-21 04:00:21', '2016-05-04 14:36:55', '4aee133e-8d5d-4686-8187-85e6a61b5b45'),
 ('43', 'Asset', '1', '0', '2016-04-21 04:00:21', '2016-05-04 14:36:51', '69ee4880-4104-45bb-b4a9-baead381dc46'),
 ('44', 'Asset', '1', '0', '2016-04-21 04:00:21', '2016-05-04 14:36:51', '8becd3a2-5249-44f3-a540-0af80b74fb49'),
 ('45', 'Asset', '1', '0', '2016-04-21 04:00:21', '2016-05-04 14:36:51', '58b8ce57-5d9d-4a35-96c7-8259deefc4f2'),
 ('46', 'Asset', '1', '0', '2016-04-21 04:00:22', '2016-05-04 14:36:51', 'd8f5a3f0-b2f6-4a83-802b-4fd1b7faeeee'),
 ('47', 'Asset', '1', '0', '2016-04-21 04:00:22', '2016-05-04 14:36:51', '3b2fde87-4a6b-4fc6-91b0-7b825a16f71a'),
 ('48', 'Asset', '1', '0', '2016-04-21 04:00:22', '2016-05-04 14:36:51', 'db7e4dd8-f04a-45a9-8179-8e2d2bef4b55'),
 ('49', 'Asset', '1', '0', '2016-04-21 04:00:22', '2016-05-04 14:36:51', '1dc9aebb-227c-4a30-bf1a-7df8b20fff16'),
 ('50', 'Asset', '1', '0', '2016-04-21 04:00:22', '2016-05-04 14:36:51', '8e7b7f09-7120-4677-81d4-8d97ac1dfbf7'),
 ('52', 'MatrixBlock', '1', '0', '2016-04-21 04:20:31', '2016-07-12 14:37:32', '13ad35fe-0eff-4429-8fb1-45761843efe7'),
 ('53', 'MatrixBlock', '1', '0', '2016-04-21 04:20:31', '2016-07-12 14:37:32', '4b30dbab-ca65-48c6-8520-3c4b15df8f74'),
 ('54', 'MatrixBlock', '1', '0', '2016-04-21 04:35:34', '2016-07-28 14:55:02', '505ec1e4-b863-417a-b0c9-9a39dca46ebb'),
 ('55', 'MatrixBlock', '1', '0', '2016-04-21 04:39:51', '2016-07-14 02:51:26', 'fdd4d0e6-6fa2-4454-bb1f-2c3cb4a85f3e'),
 ('56', 'MatrixBlock', '1', '0', '2016-04-21 04:39:51', '2016-07-14 02:51:26', '913ebf27-9b5e-432c-9495-f18f446e81c2'),
 ('57', 'MatrixBlock', '1', '0', '2016-04-21 04:39:51', '2016-07-14 02:51:26', '07870b29-7af9-4d41-81a4-e45e8556255e'),
 ('58', 'MatrixBlock', '1', '0', '2016-04-21 04:39:51', '2016-07-14 02:51:26', 'a8b92a38-1fae-4029-8172-5bdb831a7010'),
 ('59', 'MatrixBlock', '1', '0', '2016-04-21 04:41:43', '2016-07-27 04:02:52', '850bac32-2710-4b2d-b434-2b82275d66e1'),
 ('60', 'MatrixBlock', '1', '0', '2016-04-21 04:42:25', '2016-07-27 04:02:52', '56542519-81e4-4377-8d40-c855b0e5fdb1'),
 ('61', 'Asset', '1', '0', '2016-05-04 14:36:53', '2016-05-04 14:36:53', '67a070b1-816b-4fe0-99bd-01218e49d52c'),
 ('62', 'Asset', '1', '0', '2016-06-06 21:49:44', '2016-06-06 21:49:44', '0d891799-46c6-44fc-8546-7d28d8faa0ef'),
 ('63', 'Asset', '1', '0', '2016-06-06 21:49:45', '2016-06-06 21:49:45', '84df32d9-186c-470c-a06b-b3865e0a849d'),
 ('64', 'Asset', '1', '0', '2016-06-06 21:49:45', '2016-06-06 21:49:45', 'e995f3fe-6868-4a8a-ac86-0deddd876f25'),
 ('65', 'MatrixBlock', '1', '0', '2016-06-06 22:03:30', '2016-07-20 16:24:20', '560cfeab-5749-466a-9da7-2daccf009345'),
 ('66', 'MatrixBlock', '1', '0', '2016-06-06 22:03:30', '2016-07-20 16:24:20', 'b0be3e06-73de-4190-8cf7-d37e7a8ae5a0'),
 ('67', 'MatrixBlock', '1', '0', '2016-06-06 22:03:30', '2016-07-20 16:24:20', 'cfa5a17e-345c-4773-8bef-6ce813f1a128'),
 ('68', 'MatrixBlock', '1', '0', '2016-06-06 22:03:30', '2016-07-20 16:24:20', '657c326a-88cb-442f-8ac0-0e33d73aab1d'),
 ('69', 'MatrixBlock', '1', '0', '2016-06-06 22:03:30', '2016-07-20 16:24:20', '03a224d4-18dd-4f2b-bd6b-0a86a8c32f40'),
 ('70', 'MatrixBlock', '1', '0', '2016-06-06 22:03:30', '2016-07-20 16:24:20', '446e3475-85d6-4134-ab11-b9e7c53322d8'),
 ('71', 'MatrixBlock', '1', '0', '2016-06-06 22:03:30', '2016-07-20 16:24:20', '297e95f5-1878-4375-9eb2-88cd5e342ad5'),
 ('72', 'MatrixBlock', '1', '0', '2016-06-06 22:03:30', '2016-07-20 16:24:20', '6050c6e9-a380-4938-88a1-93b2bdfd0906'),
 ('73', 'Entry', '1', '0', '2016-06-15 02:56:16', '2016-07-14 02:38:56', '526a2b32-2609-435f-a967-390c21f83275'),
 ('75', 'MatrixBlock', '1', '0', '2016-06-15 02:59:06', '2016-07-14 02:38:57', '2c2d76dd-0de7-4ed2-b3eb-decbf5da5101'),
 ('76', 'MatrixBlock', '1', '0', '2016-06-15 02:59:06', '2016-07-14 02:38:57', 'f7a20ee9-d49f-4add-b245-e94d8881afbe'),
 ('77', 'MatrixBlock', '1', '0', '2016-06-15 03:07:18', '2016-07-14 02:51:26', '98aa99a7-447a-4a52-b5db-34649739ba8a'),
 ('78', 'MatrixBlock', '1', '0', '2016-06-15 03:07:18', '2016-07-14 02:51:26', '3e2af9a0-28eb-4711-b0eb-f972539a07f2'),
 ('79', 'MatrixBlock', '1', '0', '2016-06-15 03:14:24', '2016-06-27 01:54:15', 'b7e036fa-cef0-43d9-9774-7f0b8b4ffc3f'),
 ('80', 'MatrixBlock', '1', '0', '2016-06-15 03:14:24', '2016-06-27 01:54:15', '59f47bda-220c-4da6-a724-64ceb5fa9792'),
 ('81', 'Entry', '1', '0', '2016-06-15 03:20:08', '2016-07-14 02:55:56', '8d718ad2-90a8-45a6-bba3-bca62c6882c0'),
 ('82', 'MatrixBlock', '1', '0', '2016-06-15 03:20:08', '2016-07-14 02:55:56', '9360bc31-bfc0-42f8-8b1e-dfea181ce773'),
 ('83', 'MatrixBlock', '1', '0', '2016-06-15 03:20:08', '2016-07-14 02:55:56', 'd5ac7205-1b17-46c6-bdf4-535c8d9e5671'),
 ('84', 'MatrixBlock', '1', '0', '2016-06-15 03:20:08', '2016-07-14 02:55:56', '8cd8f998-9f5f-4588-bde0-c34cd757ba5b'),
 ('85', 'MatrixBlock', '1', '0', '2016-06-15 03:20:08', '2016-07-14 02:55:56', 'dd8b6cb7-c981-45eb-9f1f-80489c604534'),
 ('86', 'Entry', '1', '0', '2016-06-15 03:22:24', '2016-06-27 01:38:17', 'c483e147-d670-4ed6-a004-985fb64ad847'),
 ('88', 'MatrixBlock', '1', '0', '2016-06-15 03:22:24', '2016-06-27 01:38:17', 'b890e1cc-8b20-4618-8d8f-acfbd77e4b20'),
 ('89', 'Entry', '1', '0', '2016-06-15 03:26:32', '2016-06-27 02:02:13', 'f68c4f22-c0a2-4c44-af1e-b5026a472384'),
 ('90', 'MatrixBlock', '1', '0', '2016-06-15 03:26:32', '2016-06-27 02:02:13', 'bb60c997-8d62-4101-8d0c-9245a7cc05f5'),
 ('91', 'MatrixBlock', '1', '0', '2016-06-15 03:26:32', '2016-06-27 02:02:13', '57f1316c-377f-4622-8547-3adfd23f2f4a'),
 ('92', 'MatrixBlock', '1', '0', '2016-06-15 03:26:32', '2016-06-27 02:02:13', 'ea7101ca-80ce-48de-a58d-f4cf6214860e'),
 ('93', 'Entry', '1', '0', '2016-06-15 03:30:34', '2016-07-15 02:42:22', 'ed48c83e-b2cd-45e9-a37c-02aa05f8c4ba'),
 ('94', 'MatrixBlock', '1', '0', '2016-06-15 03:30:34', '2016-07-15 02:42:23', '79cb9ba1-297c-48ad-ba5e-d6d702aabace'),
 ('95', 'MatrixBlock', '1', '0', '2016-06-15 03:30:34', '2016-07-15 02:42:23', 'ae46cd44-36d9-49db-a29b-67bdb6930963'),
 ('96', 'Entry', '1', '0', '2016-06-15 03:31:34', '2016-06-27 02:01:18', '4041eb8b-27ad-495d-bf5f-f9362d210fa6'),
 ('97', 'MatrixBlock', '1', '0', '2016-06-15 03:31:34', '2016-06-27 02:01:18', '50b6c375-b3c7-4d25-b5c4-a2be85f072b7'),
 ('98', 'MatrixBlock', '1', '0', '2016-06-15 03:31:34', '2016-06-27 02:01:18', '3448e08d-31a2-4187-9381-aab06881d9f4'),
 ('99', 'Asset', '1', '0', '2016-06-15 03:35:11', '2016-06-15 03:35:11', '074e2f08-a27c-4cd4-b05d-5e4a551f1515'),
 ('100', 'Asset', '1', '0', '2016-06-15 03:36:09', '2016-06-15 03:36:09', '491d894f-3f9b-46ec-a695-bacf12aac803'),
 ('101', 'Asset', '1', '0', '2016-06-15 03:42:04', '2016-06-15 03:42:04', '9303d79c-8eb5-4617-ab6f-4ffd0ee72a1d'),
 ('102', 'Asset', '1', '0', '2016-06-15 03:43:25', '2016-06-15 03:43:25', 'ac7966bd-d6c3-46ec-acf7-7df159a5e093'),
 ('103', 'MatrixBlock', '1', '0', '2016-06-15 04:00:58', '2016-07-20 16:25:41', 'c141c398-5c59-43ed-91c6-4bdecbb12f01'),
 ('111', 'Asset', '1', '0', '2016-06-27 01:35:57', '2016-07-14 03:00:58', '25672a33-a669-416d-a5e6-ed284bcfb5eb'),
 ('112', 'MatrixBlock', '1', '0', '2016-06-27 01:38:17', '2016-06-27 01:38:17', 'e7c9cead-ed44-4208-b07e-dedbec4724f3'),
 ('113', 'Asset', '1', '0', '2016-06-27 01:54:12', '2016-06-27 01:54:12', '0cfb46f3-bc2d-4b33-bcd4-1e85a982517b'),
 ('114', 'Asset', '1', '0', '2016-06-27 02:00:07', '2016-07-14 03:06:34', '6fe04e04-49f8-4248-8eb5-dc5b9137881c');
INSERT INTO `craft_elements` (`id`, `type`, `enabled`, `archived`, `dateCreated`, `dateUpdated`, `uid`) VALUES
 ('115', 'Asset', '1', '0', '2016-06-27 02:00:50', '2016-06-27 02:03:53', 'd92e6537-17dd-4af2-b053-808f799737a7'),
 ('116', 'Asset', '1', '0', '2016-06-27 02:01:02', '2016-06-27 02:01:02', '548c1b68-78b8-4c8d-a54d-00ccf851cdeb'),
 ('118', 'FormBuilder2', '1', '0', '2016-06-27 02:58:56', '2016-06-27 02:58:56', '0d5881ba-0928-4461-a3b8-6d0efec14770'),
 ('119', 'Asset', '1', '0', '2016-07-06 02:48:05', '2016-07-06 02:49:51', '168ecac8-fea6-4079-a83f-e8890a9e8798'),
 ('121', 'Asset', '1', '0', '2016-07-06 02:56:53', '2016-07-06 02:56:53', 'e4fc852d-20cb-44e0-91d8-0d51ed72c920'),
 ('122', 'Asset', '1', '0', '2016-07-06 03:15:32', '2016-07-06 03:17:06', '071b064c-7ab4-48b5-af99-05ca61e99959'),
 ('125', 'Entry', '1', '0', '2016-07-12 14:36:10', '2016-07-15 09:20:24', '96cb3284-9e00-44f5-a674-2787998b335b'),
 ('126', 'Entry', '1', '0', '2016-07-12 14:36:35', '2016-07-14 03:23:10', '3acf064b-1ba6-4a9e-be45-48ad9901ec11'),
 ('127', 'Entry', '1', '0', '2016-07-12 14:36:56', '2016-07-14 03:24:07', '1fd144c2-7ca8-438a-91de-1fa5ccbd9872'),
 ('128', 'Entry', '1', '0', '2016-07-14 02:32:44', '2016-07-14 02:57:37', '9a5c0583-18a3-4a4f-bd81-07631af25202'),
 ('129', 'MatrixBlock', '1', '0', '2016-07-14 02:32:44', '2016-07-14 02:57:37', 'e18115da-fdc4-4f84-a5ff-0cc584faa9a9'),
 ('130', 'Asset', '1', '0', '2016-07-14 02:50:07', '2016-07-14 02:50:07', '7a85ba93-8152-442e-9d85-c825983376f5'),
 ('131', 'Asset', '1', '0', '2016-07-14 02:51:23', '2016-07-14 02:51:23', '3d5a951a-01ff-4738-bafd-c1a1a06da206'),
 ('132', 'MatrixBlock', '1', '0', '2016-07-14 02:57:12', '2016-07-14 02:57:37', '42843a74-5bab-44e9-8f70-9238773944ab'),
 ('136', 'Asset', '1', '0', '2016-07-14 03:23:06', '2016-07-14 03:23:06', '9d1455c8-5ae3-4c43-b460-ebb27a6489b8'),
 ('138', 'Asset', '1', '0', '2016-07-15 02:38:36', '2016-07-15 02:38:36', 'e771120e-5e00-4d72-af8c-5399fa424401'),
 ('152', 'FormBuilder2', '1', '0', '2016-07-15 21:21:30', '2016-07-15 21:21:30', 'c43e748c-3a6e-4b83-980f-09285b66056c'),
 ('153', 'FormBuilder2', '1', '0', '2016-07-15 21:21:39', '2016-07-15 21:21:39', '789553cc-2be9-4d10-8d86-16019c50a559'),
 ('155', 'FormBuilder2', '1', '0', '2016-07-16 05:34:15', '2016-07-16 05:34:15', 'dbed3b64-8aaa-4487-919a-78960bf72108'),
 ('156', 'FormBuilder2', '1', '0', '2016-07-16 05:35:18', '2016-07-16 05:35:18', 'f85bb115-b786-4e59-9607-bfa8ba1ab59e'),
 ('157', 'FormBuilder2', '1', '0', '2016-07-16 05:35:56', '2016-07-16 05:35:56', '5b03a3eb-486d-426e-91d5-a685965efefe'),
 ('158', 'FormBuilder2', '1', '0', '2016-07-16 05:36:45', '2016-07-16 05:36:45', '32e53944-f9ba-49cd-ac98-66a0a0ba56a6'),
 ('159', 'FormBuilder2', '1', '0', '2016-07-16 05:38:02', '2016-07-16 05:38:02', 'e9fd0868-2e97-481f-a263-ba18064b6454'),
 ('160', 'FormBuilder2', '1', '0', '2016-07-16 05:43:28', '2016-07-16 05:43:28', 'edcd9cfb-6850-4e68-8bc6-2099e80bdc88'),
 ('164', 'FormBuilder2', '1', '0', '2016-07-17 19:45:38', '2016-07-17 19:45:38', 'f7263c73-c053-4993-8323-bc2061f17bb0'),
 ('165', 'FormBuilder2', '1', '0', '2016-07-17 19:48:45', '2016-07-17 19:48:45', '0d834192-322b-4a8c-93e6-fe63a88c3048'),
 ('166', 'FormBuilder2', '1', '0', '2016-07-17 20:25:51', '2016-07-17 20:25:51', 'f77ab4cd-6544-4506-a188-01d6d60afc22'),
 ('167', 'FormBuilder2', '1', '0', '2016-07-17 20:27:35', '2016-07-17 20:27:35', 'ae8b3ac3-086e-430b-8a22-73cf7fb20189'),
 ('168', 'FormBuilder2', '1', '0', '2016-07-17 20:27:46', '2016-07-17 20:27:46', 'de67becc-5cad-4d22-9b28-f76dc30bab89'),
 ('169', 'FormBuilder2', '1', '0', '2016-07-17 20:27:47', '2016-07-17 20:27:47', '79c33304-3bac-4ebc-9855-f2bc4df2f2f1'),
 ('170', 'FormBuilder2', '1', '0', '2016-07-17 20:28:21', '2016-07-17 20:28:21', '7d35d651-9916-470d-870d-0dfa31806b04'),
 ('171', 'FormBuilder2', '1', '0', '2016-07-20 04:03:21', '2016-07-20 04:03:21', '2dcc204a-e5b1-4e63-8bac-8175739d0b4f'),
 ('172', 'User', '1', '0', '2016-07-20 21:57:15', '2016-07-20 21:57:15', '02585664-06ec-44bc-be2b-2df3e7681577'),
 ('174', 'FormBuilder2', '1', '0', '2016-07-21 02:48:31', '2016-07-21 02:48:31', '8f0d3edf-0bb3-4efb-b81b-9ab93d4178ca'),
 ('175', 'FormBuilder2', '1', '0', '2016-07-24 19:47:02', '2016-07-24 19:47:02', '49bb343d-83e6-40b0-a609-1ad122287413'),
 ('176', 'FormBuilder2', '1', '0', '2016-07-25 02:40:35', '2016-07-25 02:40:35', '9f74e9ae-b374-4165-ac13-cd9040136717'),
 ('177', 'User', '1', '0', '2016-07-25 14:40:44', '2016-07-26 15:49:29', 'f4b1f049-d0fc-4698-8168-ccc4734b7d43'),
 ('178', 'FormBuilder2', '1', '0', '2016-07-25 15:38:14', '2016-07-25 15:38:14', '9022c339-098c-4b67-9fbc-e00af851bf1d'),
 ('179', 'FormBuilder2', '1', '0', '2016-07-26 01:52:51', '2016-07-26 01:52:51', '362dd56d-fb83-4d05-9498-415ba3a70383'),
 ('180', 'FormBuilder2', '1', '0', '2016-07-26 01:53:25', '2016-07-26 01:53:25', '150d5aef-7059-45c8-920e-512faeea80a4'),
 ('181', 'MatrixBlock', '0', '0', '2016-07-26 19:10:06', '2016-07-28 14:55:02', 'fd5168da-648c-4d09-b8bb-289353605c1b'),
 ('182', 'FormBuilder2', '1', '0', '2016-07-26 23:27:56', '2016-07-26 23:27:56', 'df21c167-34ac-4a35-9f53-6f102e5b2e18'),
 ('183', 'FormBuilder2', '1', '0', '2016-07-27 15:37:28', '2016-07-27 15:37:28', '0e54bfa2-d5d3-430c-bf5d-1e71d0f4ccdd'),
 ('184', 'FormBuilder2', '1', '0', '2016-07-27 15:48:25', '2016-07-27 15:48:25', 'ec3f8289-3091-4bc7-9ab5-3acfcad2db75');



DROP TABLE IF EXISTS `craft_elements_i18n`;


--
-- Schema for table `craft_elements_i18n`
--
CREATE TABLE `craft_elements_i18n` (
  `id` int(11) NOT NULL AUTO_INCREMENT,
  `elementId` int(11) NOT NULL,
  `locale` char(12) COLLATE utf8_unicode_ci NOT NULL,
  `slug` varchar(255) COLLATE utf8_unicode_ci DEFAULT NULL,
  `uri` varchar(255) COLLATE utf8_unicode_ci DEFAULT NULL,
  `enabled` tinyint(1) unsigned NOT NULL DEFAULT '1',
  `dateCreated` datetime NOT NULL,
  `dateUpdated` datetime NOT NULL,
  `uid` char(36) COLLATE utf8_unicode_ci NOT NULL DEFAULT '0',
  PRIMARY KEY (`id`),
  UNIQUE KEY `craft_elements_i18n_elementId_locale_unq_idx` (`elementId`,`locale`),
  UNIQUE KEY `craft_elements_i18n_uri_locale_unq_idx` (`uri`,`locale`),
  KEY `craft_elements_i18n_slug_locale_idx` (`slug`,`locale`),
  KEY `craft_elements_i18n_enabled_idx` (`enabled`),
  KEY `craft_elements_i18n_locale_fk` (`locale`)
) ENGINE=InnoDB AUTO_INCREMENT=185 DEFAULT CHARSET=utf8 COLLATE=utf8_unicode_ci;

--
-- Data for table `craft_elements_i18n`
--

INSERT INTO `craft_elements_i18n` (`id`, `elementId`, `locale`, `slug`, `uri`, `enabled`, `dateCreated`, `dateUpdated`, `uid`) VALUES
 ('1', '1', 'en_us', '', NULL, '1', '2016-03-12 17:48:25', '2016-07-25 14:42:46', '33b166ff-7112-4fe0-a7f4-1d38c6202d38'),
 ('2', '2', 'en_us', 'homepage', '__home__', '1', '2016-03-12 17:48:26', '2016-07-12 14:37:32', '5c891483-bc88-4c1b-93ba-9ea1f045d35c'),
 ('4', '4', 'en_us', '', NULL, '1', '2016-03-12 18:38:45', '2016-03-12 18:41:27', 'debebb30-cc31-48da-b040-42a597f15458'),
 ('5', '5', 'en_us', 'about-us', 'about-us', '1', '2016-03-15 03:20:29', '2016-03-25 02:54:39', '536a0587-f8ed-472e-a952-895e747e97aa'),
 ('6', '6', 'en_us', 'programs', 'programs', '1', '2016-03-15 03:20:39', '2016-03-15 03:20:40', '065701ad-d6a4-404e-9587-0611da52e20a'),
 ('7', '7', 'en_us', 'locations', 'locations', '1', '2016-03-15 03:20:46', '2016-03-15 03:20:46', 'b7b252dd-b037-4e22-aea0-5e3a9e08a6e7'),
 ('8', '8', 'en_us', 'bjj-bg-2x', NULL, '1', '2016-03-16 02:12:29', '2016-05-04 14:36:52', 'b4e35bbc-6824-4787-885c-58a8dc47221b'),
 ('9', '9', 'en_us', 'contact-bg-2x', NULL, '1', '2016-03-16 02:12:39', '2016-05-04 14:36:53', '9b9f6a85-69aa-47b0-a041-18168286d36f'),
 ('10', '10', 'en_us', 'hero-2x', NULL, '1', '2016-03-16 02:12:40', '2016-05-04 14:36:54', 'e954f640-16f5-4131-a33b-c3ded554f05a'),
 ('11', '11', 'en_us', 'location-bg-2x', NULL, '1', '2016-03-16 02:13:04', '2016-05-04 14:36:56', 'e694334f-bd56-4a94-9d1b-d4d11d9984c1'),
 ('12', '12', 'en_us', 'logo-watermark', NULL, '1', '2016-03-16 02:13:24', '2016-05-04 14:36:56', '8c6bd8c2-e9b6-4170-a836-36138777276f'),
 ('14', '14', 'en_us', 'approach-bg-2x', NULL, '1', '2016-03-16 02:20:17', '2016-05-04 14:36:53', '3b3ad8b1-58b5-41ac-8f84-cf928a10e2b0'),
 ('15', '15', 'en_us', '', NULL, '1', '2016-03-16 02:47:49', '2016-07-12 14:37:32', '0a420076-5bb0-4f6b-a482-5f2062af73db'),
 ('16', '16', 'en_us', 'dragons', 'programs/dragons', '1', '2016-03-16 03:46:42', '2016-07-25 05:47:37', 'c22368c4-857d-4969-8911-bd4aed046dcb'),
 ('17', '17', 'en_us', 'juniors', 'programs/juniors', '1', '2016-03-16 03:48:00', '2016-06-27 01:54:15', 'b12753c1-d80c-4a95-9828-6fdfdb265b21'),
 ('18', '18', 'en_us', '', NULL, '1', '2016-03-16 04:17:39', '2016-07-12 14:37:32', '614c90e6-461c-4871-b3db-125082a1122b'),
 ('19', '19', 'en_us', 'approach-bg-2x-test', NULL, '1', '2016-03-16 04:32:11', '2016-05-04 14:36:52', 'eb7d55bd-bb31-4568-837f-8e1a9d82063a'),
 ('20', '20', 'en_us', '', NULL, '1', '2016-03-17 02:25:29', '2016-07-17 20:11:18', 'bcd81b6e-48c0-44d5-8b10-63e8dfdd0e0a'),
 ('21', '21', 'en_us', '', NULL, '1', '2016-03-24 02:37:17', '2016-07-25 05:47:37', 'c21c09d9-6d18-4c46-a031-b718c947dfbe'),
 ('22', '22', 'en_us', '', NULL, '1', '2016-03-24 02:37:17', '2016-07-25 05:47:37', 'ddb8e2d4-14ad-4042-a0d6-8b38744ce532'),
 ('24', '24', 'en_us', 'north-dallas', 'locations/north-dallas', '1', '2016-03-24 04:22:43', '2016-07-20 16:25:41', '971a349b-3803-4032-8730-c4249ed9600d'),
 ('25', '25', 'en_us', '', NULL, '1', '2016-03-24 04:22:43', '2016-07-20 16:25:41', 'e3f3132e-4dea-49e7-931e-9a300aee55dc'),
 ('27', '27', 'en_us', 'instructors', 'about-us/instructors', '1', '2016-03-25 02:46:04', '2016-07-20 16:24:20', '633d37dc-7098-4d29-8261-dd5c88c09122'),
 ('28', '28', 'en_us', '', NULL, '1', '2016-03-25 02:46:04', '2016-07-20 16:24:20', 'bc1170b2-da5e-4217-b507-97c59033a5fb'),
 ('29', '29', 'en_us', '', NULL, '1', '2016-03-25 02:46:04', '2016-07-20 16:24:20', '00df18f6-fed5-42e1-af69-cc810f851e0f'),
 ('30', '30', 'en_us', '', NULL, '1', '2016-03-25 02:46:04', '2016-07-20 16:24:20', '553bf250-6ba4-4bcf-bb77-8051cb902370'),
 ('31', '31', 'en_us', '', NULL, '1', '2016-03-25 02:46:04', '2016-07-20 16:24:20', 'c7d2f88e-d088-4c75-82d5-eeed1183b33e'),
 ('32', '32', 'en_us', 'contact-us', 'contact-us', '1', '2016-03-25 04:21:55', '2016-07-27 04:02:52', 'b49f6d93-4351-44fe-a7a7-39510b407d6b'),
 ('33', '33', 'en_us', 'events', 'events', '1', '2016-03-25 04:22:10', '2016-07-14 02:51:26', '8ea558e1-58a6-4ba2-826d-284d623e7da5'),
 ('34', '34', 'en_us', 'dallas', 'locations/dallas', '1', '2016-03-26 22:44:34', '2016-07-28 14:55:02', '37195870-1b74-4106-99c9-e7d7703999e8'),
 ('35', '35', 'en_us', '', NULL, '1', '2016-03-26 22:44:34', '2016-07-28 14:55:02', '97df66c2-6064-4207-93f4-154f2c56b0e0'),
 ('36', '36', 'en_us', 'image-hero-about-2x', NULL, '1', '2016-04-21 04:00:20', '2016-06-15 04:05:55', 'b172c913-ef61-4933-99d1-86562c117df9'),
 ('37', '37', 'en_us', 'image-hero-contact-2x', NULL, '1', '2016-04-21 04:00:20', '2016-06-15 04:05:55', 'd8f24be7-5dd1-4af4-8ce3-7af54af9765e'),
 ('38', '38', 'en_us', 'image-hero-location2-2x', NULL, '1', '2016-04-21 04:00:20', '2016-06-27 02:03:42', '6f85f560-f868-4428-906f-5a0e2480888a'),
 ('39', '39', 'en_us', 'image-hero-location-2x', NULL, '1', '2016-04-21 04:00:20', '2016-06-15 04:05:55', '58902d37-7a61-43a0-93f5-218933bdebf2'),
 ('40', '40', 'en_us', 'image-hero-muy-2x', NULL, '1', '2016-04-21 04:00:20', '2016-07-14 02:54:22', 'f18fed14-99f0-492a-bd06-5cd3d2322f73'),
 ('41', '41', 'en_us', 'image-hero-staff-2x', NULL, '1', '2016-04-21 04:00:20', '2016-06-27 02:09:45', '9e89b995-1fc6-4a5f-86e4-8e663d96ce1e'),
 ('42', '42', 'en_us', 'logo-fpma', NULL, '1', '2016-04-21 04:00:21', '2016-05-04 14:36:55', '5efde5ff-a2a8-4fef-8c38-b4d5d3eb36ad'),
 ('43', '43', 'en_us', 'staff-1-2x', NULL, '1', '2016-04-21 04:00:21', '2016-05-04 14:36:51', '31afbe23-de1f-41d9-9405-b09dca8ea378'),
 ('44', '44', 'en_us', 'staff-4-2x', NULL, '1', '2016-04-21 04:00:21', '2016-05-04 14:36:51', '3fd1fa3c-32d8-4683-8fcf-1ae50bb68de9'),
 ('45', '45', 'en_us', 'staff-2-2x', NULL, '1', '2016-04-21 04:00:21', '2016-05-04 14:36:51', '18930c8f-6bd4-4a8f-a513-1c71a5079587'),
 ('46', '46', 'en_us', 'staff-3-2x', NULL, '1', '2016-04-21 04:00:22', '2016-05-04 14:36:51', '17130f84-a770-4058-8a04-5131cfcca323'),
 ('47', '47', 'en_us', 'staff-5-2x', NULL, '1', '2016-04-21 04:00:22', '2016-05-04 14:36:51', '279b45ac-790b-4b5b-965e-464b770a9ded'),
 ('48', '48', 'en_us', 'staff-6-2x', NULL, '1', '2016-04-21 04:00:22', '2016-05-04 14:36:51', '32de1c93-af80-4f21-bfbd-675a37da42ea'),
 ('49', '49', 'en_us', 'staff-7-2x', NULL, '1', '2016-04-21 04:00:22', '2016-05-04 14:36:51', '68bea6c0-415b-4693-83d3-69b7ce4f3fa1'),
 ('50', '50', 'en_us', 'staff-8-2x', NULL, '1', '2016-04-21 04:00:22', '2016-05-04 14:36:51', 'a7baabe2-8d95-46c8-a984-67bda7c6c2ad'),
 ('52', '52', 'en_us', '', NULL, '1', '2016-04-21 04:20:31', '2016-07-12 14:37:32', 'bd6c139c-8d1f-4c14-9f60-5dc17a9e55ed'),
 ('53', '53', 'en_us', '', NULL, '1', '2016-04-21 04:20:31', '2016-07-12 14:37:32', 'fc4b1fd2-e90b-488a-89fd-22f2167f52c7'),
 ('54', '54', 'en_us', '', NULL, '1', '2016-04-21 04:35:34', '2016-07-28 14:55:02', '7b51b0d2-6c51-440e-bc37-24731161533e'),
 ('55', '55', 'en_us', '', NULL, '1', '2016-04-21 04:39:51', '2016-07-14 02:51:26', '3ff2be24-1274-4984-af19-fed9f76c85a8'),
 ('56', '56', 'en_us', '', NULL, '1', '2016-04-21 04:39:51', '2016-07-14 02:51:26', 'f34be426-ab9d-41b6-968a-40df14d59d5b'),
 ('57', '57', 'en_us', '', NULL, '1', '2016-04-21 04:39:51', '2016-07-14 02:51:26', 'c6abf87f-81b3-4a1c-833a-25eb15f6fdec'),
 ('58', '58', 'en_us', '', NULL, '1', '2016-04-21 04:39:51', '2016-07-14 02:51:26', 'ca58b9a9-ea58-49f6-aeb0-5276adcf34d1'),
 ('59', '59', 'en_us', '', NULL, '1', '2016-04-21 04:41:43', '2016-07-27 04:02:52', '664217b6-8a13-4e99-a575-3eae037e9969'),
 ('60', '60', 'en_us', '', NULL, '1', '2016-04-21 04:42:25', '2016-07-27 04:02:52', 'e0c1d5be-8058-43a6-ad32-9ca08062e5fc'),
 ('61', '61', 'en_us', 'approach-bg-2x', NULL, '1', '2016-05-04 14:36:53', '2016-05-04 14:36:53', '6495e300-df32-4c68-9db6-6be539e26c02'),
 ('62', '62', 'en_us', 'staff-jayda', NULL, '1', '2016-06-06 21:49:44', '2016-06-06 21:49:44', '38fb569b-9d4e-4aff-901c-d671b706b597'),
 ('63', '63', 'en_us', 'staff-magers', NULL, '1', '2016-06-06 21:49:45', '2016-06-06 21:49:45', '1d7cb402-145e-47d2-8deb-c3ab2e326cf2'),
 ('64', '64', 'en_us', 'staff-steve', NULL, '1', '2016-06-06 21:49:45', '2016-06-06 21:49:45', 'e96ca57e-c96a-4ab4-9591-b49d4aa8a7bb'),
 ('65', '65', 'en_us', '', NULL, '1', '2016-06-06 22:03:30', '2016-07-20 16:24:20', '20dfa5c9-94d7-415c-8b5b-0ced90522021'),
 ('66', '66', 'en_us', '', NULL, '1', '2016-06-06 22:03:30', '2016-07-20 16:24:20', '935b0d40-cf3c-4996-bbdf-e3387b5025c5'),
 ('67', '67', 'en_us', '', NULL, '1', '2016-06-06 22:03:30', '2016-07-20 16:24:20', 'f12ee80b-097c-4250-8191-e6cbc4ad22b2'),
 ('68', '68', 'en_us', '', NULL, '1', '2016-06-06 22:03:30', '2016-07-20 16:24:20', 'ee6d9a6f-9ccc-48f5-a03c-a63dd83f5f01'),
 ('69', '69', 'en_us', '', NULL, '1', '2016-06-06 22:03:30', '2016-07-20 16:24:20', '5e3defc5-e38f-418a-9742-f8a8c4bdc48d'),
 ('70', '70', 'en_us', '', NULL, '1', '2016-06-06 22:03:30', '2016-07-20 16:24:20', '1342f9b8-fd5d-4b2e-86e4-53049173f35d'),
 ('71', '71', 'en_us', '', NULL, '1', '2016-06-06 22:03:30', '2016-07-20 16:24:20', '0ddc3229-1efc-453a-bc8f-db9d6d4c2c36'),
 ('72', '72', 'en_us', '', NULL, '1', '2016-06-06 22:03:30', '2016-07-20 16:24:20', 'a989867f-2071-4cf7-b265-f772d1ea2672'),
 ('73', '73', 'en_us', 'about-freddie', 'about-us/about-freddie', '1', '2016-06-15 02:56:16', '2016-07-14 02:38:57', '82d82343-63ef-447c-b09f-67d29a016ab2'),
 ('75', '75', 'en_us', '', NULL, '1', '2016-06-15 02:59:06', '2016-07-14 02:38:57', 'ab7bb1a0-4bf5-422e-b05b-44a61855c23f'),
 ('76', '76', 'en_us', '', NULL, '1', '2016-06-15 02:59:06', '2016-07-14 02:38:57', '25023b17-8766-4d55-a1a4-29c5dd595130'),
 ('77', '77', 'en_us', '', NULL, '1', '2016-06-15 03:07:18', '2016-07-14 02:51:26', 'ed0980d3-a55b-42d2-9e14-7bd97e87e658'),
 ('78', '78', 'en_us', '', NULL, '1', '2016-06-15 03:07:18', '2016-07-14 02:51:26', '1561ab26-b5e2-4cb7-8042-bc42cc25a80b'),
 ('79', '79', 'en_us', '', NULL, '1', '2016-06-15 03:14:24', '2016-06-27 01:54:15', 'c7bd2525-799e-4196-979c-f943fac7cc51'),
 ('80', '80', 'en_us', '', NULL, '1', '2016-06-15 03:14:24', '2016-06-27 01:54:16', '586ec917-721f-4f00-9b1a-312be077fc9b'),
 ('81', '81', 'en_us', 'brazilian-jiu-jitsu', 'programs/brazilian-jiu-jitsu', '1', '2016-06-15 03:20:08', '2016-07-14 02:55:56', 'bc7474d3-03bf-43a0-906c-0817e8ee8990'),
 ('82', '82', 'en_us', '', NULL, '1', '2016-06-15 03:20:08', '2016-07-14 02:55:56', 'a48439b4-e141-43ff-82d3-5e2ead7f92ac'),
 ('83', '83', 'en_us', '', NULL, '1', '2016-06-15 03:20:08', '2016-07-14 02:55:56', '2ccbdfca-5ff2-43d6-903e-983fd016b09f'),
 ('84', '84', 'en_us', '', NULL, '1', '2016-06-15 03:20:08', '2016-07-14 02:55:56', '14a4a0d4-02de-4ad5-8e10-8b2eb3dc56b6'),
 ('85', '85', 'en_us', '', NULL, '1', '2016-06-15 03:20:08', '2016-07-14 02:55:56', '687697b5-d6f6-47a6-a307-e66043e1a2c7'),
 ('86', '86', 'en_us', 'ladies-kickboxing', 'programs/ladies-kickboxing', '1', '2016-06-15 03:22:24', '2016-06-27 01:38:17', 'ecb19021-4d25-4881-9f93-ae117896fddd'),
 ('88', '88', 'en_us', '', NULL, '1', '2016-06-15 03:22:24', '2016-06-27 01:38:17', 'bed9ec9f-13e1-42dd-8703-bc5f1931d1dc'),
 ('89', '89', 'en_us', 'martial-arts', 'programs/martial-arts', '1', '2016-06-15 03:26:32', '2016-06-27 02:02:13', 'c8292a1c-02e3-4722-aa70-399af4272144'),
 ('90', '90', 'en_us', '', NULL, '1', '2016-06-15 03:26:32', '2016-06-27 02:02:13', '338d14f8-5f67-4066-8b69-1269a943505a'),
 ('91', '91', 'en_us', '', NULL, '1', '2016-06-15 03:26:32', '2016-06-27 02:02:13', '3df1a748-3783-4294-8505-1f4a6e790745'),
 ('92', '92', 'en_us', '', NULL, '1', '2016-06-15 03:26:32', '2016-06-27 02:02:13', 'c31e744d-9507-480b-8581-22be286821eb'),
 ('93', '93', 'en_us', 'muay-thai-kickboxing', 'programs/muay-thai-kickboxing', '1', '2016-06-15 03:30:34', '2016-07-15 02:42:23', '80e9b3f3-5983-4049-bbe7-dfdcb35eb9aa'),
 ('94', '94', 'en_us', '', NULL, '1', '2016-06-15 03:30:34', '2016-07-15 02:42:23', 'e1609a7f-c9a6-456d-b22e-e4afc877eaaf'),
 ('95', '95', 'en_us', '', NULL, '1', '2016-06-15 03:30:34', '2016-07-15 02:42:23', '45fd5abc-f943-469c-9746-1616026333f3'),
 ('96', '96', 'en_us', 'leadership', 'programs/leadership', '1', '2016-06-15 03:31:34', '2016-06-27 02:01:18', 'baab01c5-60ce-42bb-9226-ac6161dc829a'),
 ('97', '97', 'en_us', '', NULL, '1', '2016-06-15 03:31:34', '2016-06-27 02:01:18', '88f62ed1-feb3-4657-8c9b-460d43c7863f'),
 ('98', '98', 'en_us', '', NULL, '1', '2016-06-15 03:31:34', '2016-06-27 02:01:18', '4506ad01-2feb-42fa-9e3a-081b8d3dcf45'),
 ('99', '99', 'en_us', 'staff-vanny', NULL, '1', '2016-06-15 03:35:11', '2016-06-15 03:35:11', 'bd2e60af-e86d-4f49-9e9c-f0c5f6cd06f0'),
 ('100', '100', 'en_us', 'staff-mike', NULL, '1', '2016-06-15 03:36:09', '2016-06-15 03:36:09', '2b0b8b9d-4748-4a07-88e9-e8b993a89241'),
 ('101', '101', 'en_us', 'locations-bkg-2x', NULL, '1', '2016-06-15 03:42:04', '2016-06-15 03:42:04', '6fb2747d-e960-41a8-9f64-3d8d90a25c92'),
 ('102', '102', 'en_us', 'approach-bkg-2x', NULL, '1', '2016-06-15 03:43:25', '2016-06-15 03:43:25', '69fe416f-c1a0-4486-aaa8-83fcdec6b5f5'),
 ('103', '103', 'en_us', '', NULL, '1', '2016-06-15 04:00:58', '2016-07-20 16:25:41', 'ce85314e-5b73-44b2-a090-7c06ce89aae2'),
 ('111', '111', 'en_us', 'image-hero-lk-2x', NULL, '1', '2016-06-27 01:35:57', '2016-07-14 03:00:58', 'fbdc7eac-9004-4751-9c78-8bff533f1bca'),
 ('112', '112', 'en_us', '', NULL, '1', '2016-06-27 01:38:17', '2016-06-27 01:38:17', 'e6e34c33-970d-470d-b4cf-e32e9ea2704c'),
 ('113', '113', 'en_us', 'image-hero-juniors-2x', NULL, '1', '2016-06-27 01:54:12', '2016-06-27 01:54:12', '8d78883f-49ac-4260-8782-3f4b2cfa7233'),
 ('114', '114', 'en_us', 'image-hero-ntma-2x', NULL, '1', '2016-06-27 02:00:07', '2016-07-14 03:06:34', 'b90de3c4-7c66-4842-a8c9-9340b178ef20');
INSERT INTO `craft_elements_i18n` (`id`, `elementId`, `locale`, `slug`, `uri`, `enabled`, `dateCreated`, `dateUpdated`, `uid`) VALUES
 ('115', '115', 'en_us', 'image-hero-karate-2x', NULL, '1', '2016-06-27 02:00:50', '2016-06-27 02:03:53', '64db20ef-27dd-43de-9d1d-648d00bca29d'),
 ('116', '116', 'en_us', 'image-hero-leadership-2x', NULL, '1', '2016-06-27 02:01:02', '2016-06-27 02:01:02', '70987d14-d104-4b55-8677-8f2ffd66a096'),
 ('118', '118', 'en_us', 'contact', NULL, '1', '2016-06-27 02:58:56', '2016-06-27 02:58:56', '6a6f5d66-693b-454f-b8be-bf31c5ffcf3b'),
 ('119', '119', 'en_us', 'image-hero-about1-2x', NULL, '1', '2016-07-06 02:48:06', '2016-07-06 02:49:51', 'beaa915b-6109-4039-8f71-932192d84c89'),
 ('121', '121', 'en_us', 'image-hero-about-1x', NULL, '1', '2016-07-06 02:56:53', '2016-07-06 02:56:53', 'f5a803b8-f92c-4f97-95d7-edb61dd0acbb'),
 ('122', '122', 'en_us', 'circle-logo', NULL, '1', '2016-07-06 03:15:32', '2016-07-06 03:17:06', 'e3c646f7-fed4-4432-b48c-4d4663ea2174'),
 ('125', '125', 'en_us', 'slide1', 'sliders/slide1', '1', '2016-07-12 14:36:10', '2016-07-15 09:20:24', '75e6daa6-1089-40c9-9217-509f465e9bd3'),
 ('126', '126', 'en_us', 'slide2', 'sliders/slide2', '1', '2016-07-12 14:36:35', '2016-07-14 03:23:10', '6604fa7a-2228-4e9b-9341-48d6d2ccd524'),
 ('127', '127', 'en_us', 'slide3', 'sliders/slide3', '1', '2016-07-12 14:36:56', '2016-07-14 03:24:07', 'd5b38e09-b831-41c1-b29a-3ad469cfb1eb'),
 ('128', '128', 'en_us', 'about-us-1', 'about-us/about-us-1', '1', '2016-07-14 02:32:44', '2016-07-14 02:57:37', '6993d758-c5dc-40dc-847e-f71fe191769e'),
 ('129', '129', 'en_us', '', NULL, '1', '2016-07-14 02:32:44', '2016-07-14 02:57:37', '180ec632-5781-4c93-bd80-8e3505913e40'),
 ('130', '130', 'en_us', 'image-hero-dragons-2x', NULL, '1', '2016-07-14 02:50:07', '2016-07-14 02:50:07', '4fce6e4e-bb5c-4a17-985f-fafc8ebbf4a3'),
 ('131', '131', 'en_us', 'image-hero-events-2x', NULL, '1', '2016-07-14 02:51:23', '2016-07-14 02:51:23', '2aa7486d-1ebf-48e2-9692-6068f5659af9'),
 ('132', '132', 'en_us', '', NULL, '1', '2016-07-14 02:57:12', '2016-07-14 02:57:38', '2ffae35f-814e-420f-8ee9-699540ef38e7'),
 ('136', '136', 'en_us', 'image-hero-general1-2x', NULL, '1', '2016-07-14 03:23:06', '2016-07-14 03:23:06', '4a2cf89f-220d-470a-89f0-72f4b9a6b4af'),
 ('138', '138', 'en_us', 'image-hero-muaykick-2x', NULL, '1', '2016-07-15 02:38:36', '2016-07-15 02:38:36', 'a298d889-993c-4324-a857-869186d1b9b0'),
 ('152', '152', 'en_us', 'contact', NULL, '1', '2016-07-15 21:21:30', '2016-07-15 21:21:30', '74397dc9-9a95-43f1-911e-4d73a9e04736'),
 ('153', '153', 'en_us', 'contact', NULL, '1', '2016-07-15 21:21:39', '2016-07-15 21:21:39', '0dbe9004-ec0f-4d98-9f67-6c1a97b705d1'),
 ('155', '155', 'en_us', 'contact', NULL, '1', '2016-07-16 05:34:15', '2016-07-16 05:34:15', '6b5745d1-b445-42b1-ae2a-cef00132c475'),
 ('156', '156', 'en_us', 'contact', NULL, '1', '2016-07-16 05:35:18', '2016-07-16 05:35:18', 'ffc854f4-8ec8-4f55-b208-30035e860b2c'),
 ('157', '157', 'en_us', 'contact', NULL, '1', '2016-07-16 05:35:56', '2016-07-16 05:35:56', '35a83505-4770-4fdb-b358-605d15f1f85c'),
 ('158', '158', 'en_us', 'contact', NULL, '1', '2016-07-16 05:36:45', '2016-07-16 05:36:45', '57f9184f-b138-41bf-8b46-f0fae2fd91be'),
 ('159', '159', 'en_us', 'contact', NULL, '1', '2016-07-16 05:38:02', '2016-07-16 05:38:02', '243c5252-89d1-40f4-8dc6-547c2501eb14'),
 ('160', '160', 'en_us', 'contact', NULL, '1', '2016-07-16 05:43:28', '2016-07-16 05:43:28', '3b8d5efb-d268-4568-85b0-a160c11c3db4'),
 ('164', '164', 'en_us', 'contact', NULL, '1', '2016-07-17 19:45:38', '2016-07-17 19:45:38', '3a8f1534-5c48-4142-af09-4c9a4a2cd8e0'),
 ('165', '165', 'en_us', 'contact', NULL, '1', '2016-07-17 19:48:45', '2016-07-17 19:48:45', '33a93e12-8f7f-4b50-838a-09d36a4ec620'),
 ('166', '166', 'en_us', 'contact', NULL, '1', '2016-07-17 20:25:51', '2016-07-17 20:25:51', '3e5a2acd-ced1-4902-8de5-64d954ed04c3'),
 ('167', '167', 'en_us', 'contact', NULL, '1', '2016-07-17 20:27:35', '2016-07-17 20:27:35', '399f7e05-87a6-4296-ac62-f6209bdfb356'),
 ('168', '168', 'en_us', 'contact', NULL, '1', '2016-07-17 20:27:46', '2016-07-17 20:27:46', '68b613ff-efc9-4fbe-88bf-22c201c4f578'),
 ('169', '169', 'en_us', 'contact', NULL, '1', '2016-07-17 20:27:47', '2016-07-17 20:27:47', 'c35e319b-2adb-458c-9e9d-d7a0d59159d1'),
 ('170', '170', 'en_us', 'contact', NULL, '1', '2016-07-17 20:28:21', '2016-07-17 20:28:21', '8210a23d-8955-4f4f-bf3f-295c48028f77'),
 ('171', '171', 'en_us', 'contact', NULL, '1', '2016-07-20 04:03:21', '2016-07-20 04:03:21', '33f6f583-45a5-4b31-92bc-5ccf0cac3bcb'),
 ('172', '172', 'en_us', '', NULL, '1', '2016-07-20 21:57:15', '2016-07-20 21:57:15', '102f121a-1fca-44da-94d2-24eae4411b41'),
 ('174', '174', 'en_us', 'contact', NULL, '1', '2016-07-21 02:48:31', '2016-07-21 02:48:31', 'b1b70f22-d7ad-4231-a8df-e080f74cc459'),
 ('175', '175', 'en_us', 'contact', NULL, '1', '2016-07-24 19:47:02', '2016-07-24 19:47:02', '9b48a345-0e01-4d6c-863e-24b1beeeb395'),
 ('176', '176', 'en_us', 'contact', NULL, '1', '2016-07-25 02:40:35', '2016-07-25 02:40:35', 'f85a6e36-17ce-4a87-b20b-61592d8ab92d'),
 ('177', '177', 'en_us', '', NULL, '1', '2016-07-25 14:40:44', '2016-07-26 15:49:29', '505b5b3d-fa09-45fa-8f8a-bd14349286cf'),
 ('178', '178', 'en_us', 'contact', NULL, '1', '2016-07-25 15:38:14', '2016-07-25 15:38:14', 'a9ce0f62-adfc-4759-977f-4007b34f0a1f'),
 ('179', '179', 'en_us', 'contact', NULL, '1', '2016-07-26 01:52:51', '2016-07-26 01:52:51', '4238301d-129f-400a-92e5-129a6f0c1579'),
 ('180', '180', 'en_us', 'contact', NULL, '1', '2016-07-26 01:53:25', '2016-07-26 01:53:25', '6cddcba3-138d-4f08-a326-38b204974850'),
 ('181', '181', 'en_us', '', NULL, '1', '2016-07-26 19:10:06', '2016-07-28 14:55:02', 'f70cf88a-d6f6-4ac9-bcb0-3dbad2a189d4'),
 ('182', '182', 'en_us', 'contact', NULL, '1', '2016-07-26 23:27:56', '2016-07-26 23:27:56', '72d5b96c-5b7f-4ccc-b03d-cbdd3bf10211'),
 ('183', '183', 'en_us', 'contact', NULL, '1', '2016-07-27 15:37:28', '2016-07-27 15:37:28', 'a6f7302f-1b66-4cf1-b264-d63d15aa4e32'),
 ('184', '184', 'en_us', 'contact', NULL, '1', '2016-07-27 15:48:25', '2016-07-27 15:48:25', 'bd1d0ea5-d9e4-4467-a59a-d4e9f4b4aa57');



DROP TABLE IF EXISTS `craft_emailmessages`;


--
-- Schema for table `craft_emailmessages`
--
CREATE TABLE `craft_emailmessages` (
  `id` int(11) NOT NULL AUTO_INCREMENT,
  `key` char(150) COLLATE utf8_unicode_ci NOT NULL,
  `locale` char(12) COLLATE utf8_unicode_ci NOT NULL,
  `subject` varchar(1000) COLLATE utf8_unicode_ci NOT NULL,
  `body` text COLLATE utf8_unicode_ci NOT NULL,
  `dateCreated` datetime NOT NULL,
  `dateUpdated` datetime NOT NULL,
  `uid` char(36) COLLATE utf8_unicode_ci NOT NULL DEFAULT '0',
  PRIMARY KEY (`id`),
  UNIQUE KEY `craft_emailmessages_key_locale_unq_idx` (`key`,`locale`),
  KEY `craft_emailmessages_locale_fk` (`locale`)
) ENGINE=InnoDB DEFAULT CHARSET=utf8 COLLATE=utf8_unicode_ci;

DROP TABLE IF EXISTS `craft_entries`;


--
-- Schema for table `craft_entries`
--
CREATE TABLE `craft_entries` (
  `id` int(11) NOT NULL,
  `sectionId` int(11) NOT NULL,
  `typeId` int(11) DEFAULT NULL,
  `authorId` int(11) DEFAULT NULL,
  `postDate` datetime DEFAULT NULL,
  `expiryDate` datetime DEFAULT NULL,
  `dateCreated` datetime NOT NULL,
  `dateUpdated` datetime NOT NULL,
  `uid` char(36) COLLATE utf8_unicode_ci NOT NULL DEFAULT '0',
  PRIMARY KEY (`id`),
  KEY `craft_entries_sectionId_idx` (`sectionId`),
  KEY `craft_entries_typeId_idx` (`typeId`),
  KEY `craft_entries_postDate_idx` (`postDate`),
  KEY `craft_entries_expiryDate_idx` (`expiryDate`),
  KEY `craft_entries_authorId_fk` (`authorId`)
) ENGINE=InnoDB DEFAULT CHARSET=utf8 COLLATE=utf8_unicode_ci;

--
-- Data for table `craft_entries`
--

INSERT INTO `craft_entries` (`id`, `sectionId`, `typeId`, `authorId`, `postDate`, `expiryDate`, `dateCreated`, `dateUpdated`, `uid`) VALUES
 ('2', '1', NULL, NULL, '2016-03-12 17:48:26', NULL, '2016-03-12 17:48:26', '2016-07-12 14:37:32', 'b41c35eb-7939-4e8d-997f-62e39302e856'),
 ('5', '3', '3', '1', '2016-03-15 03:20:28', NULL, '2016-03-15 03:20:29', '2016-03-15 03:20:29', '0fb15a09-c55a-416c-abaf-ddbe8e79478a'),
 ('6', '3', '3', '1', '2016-03-15 03:20:39', NULL, '2016-03-15 03:20:39', '2016-03-15 03:20:39', '01a0804f-7838-48f2-94d2-0f31a136b47a'),
 ('7', '3', '3', '1', '2016-03-15 03:20:46', NULL, '2016-03-15 03:20:46', '2016-03-15 03:20:46', '94f68a94-4232-45c1-8035-1576d750e7fc'),
 ('16', '3', '4', '1', '2016-03-16 03:46:00', NULL, '2016-03-16 03:46:42', '2016-07-25 05:47:37', '8dcbdcb8-1418-4ee0-b6e9-7e1f64480c28'),
 ('17', '3', '4', '1', '2016-03-16 03:48:00', NULL, '2016-03-16 03:48:00', '2016-06-27 01:54:16', 'a8713436-1b91-4be7-9e2c-91b1f272745b'),
 ('24', '3', '3', '1', '2016-03-15 03:20:00', NULL, '2016-03-24 04:22:43', '2016-07-20 16:25:41', '1f27118d-b121-4a9d-aaba-a45cb3a4c90b'),
 ('27', '3', '3', '1', '2016-03-25 02:46:00', NULL, '2016-03-25 02:46:04', '2016-07-20 16:24:20', '5d84d65c-de8d-467d-9b69-360d9f281490'),
 ('32', '3', '4', '1', '2016-03-25 04:21:00', NULL, '2016-03-25 04:21:55', '2016-07-27 04:02:52', '564c6e1e-fc3a-47ca-a638-dfc9abea20cb'),
 ('33', '3', '3', '1', '2016-03-25 04:22:00', NULL, '2016-03-25 04:22:10', '2016-07-14 02:51:26', 'c8108364-b599-4fbe-8c32-2c7f0d3e7022'),
 ('34', '3', '3', '1', '2016-03-26 22:44:00', NULL, '2016-03-26 22:44:34', '2016-07-28 14:55:02', '81fd2d27-c81d-4375-a9e6-85ea4ee1be28'),
 ('73', '3', '3', '1', '2016-06-15 02:56:00', NULL, '2016-06-15 02:56:16', '2016-07-14 02:38:57', 'f8f45cb2-393a-42e9-80f1-8ea1e02dcf51'),
 ('81', '3', '4', '1', '2016-06-15 03:20:00', NULL, '2016-06-15 03:20:08', '2016-07-14 02:55:56', '32a93b46-e13d-4af4-8523-7e8ac7c69f8f'),
 ('86', '3', '4', '1', '2016-06-15 03:22:00', NULL, '2016-06-15 03:22:24', '2016-06-27 01:38:17', '57013b19-3c0c-4d83-b688-d517b553d6fd'),
 ('89', '3', '4', '1', '2016-06-15 03:26:00', NULL, '2016-06-15 03:26:32', '2016-06-27 02:02:13', '5f9f3d7a-533b-4ab0-a1ab-8784396f6294'),
 ('93', '3', '4', '1', '2016-06-15 03:30:00', NULL, '2016-06-15 03:30:34', '2016-07-15 02:42:23', '6034c9b5-2190-4bee-b6cf-0bb93b5d72ad'),
 ('96', '3', '4', '1', '2016-06-15 03:31:00', NULL, '2016-06-15 03:31:34', '2016-06-27 02:01:18', 'c84bc481-2cc5-4cf2-a3f0-f51a7bbb2f99'),
 ('125', '5', '6', '1', '2016-07-12 14:36:00', NULL, '2016-07-12 14:36:10', '2016-07-15 09:20:24', '955ca163-a3c5-4fbe-bca6-4ba11b854021'),
 ('126', '5', '6', '1', '2016-07-12 14:36:00', NULL, '2016-07-12 14:36:35', '2016-07-14 03:23:10', '1ef2569e-9486-4c57-bcb9-f89526ab0c31'),
 ('127', '5', '6', '1', '2016-07-12 14:36:00', NULL, '2016-07-12 14:36:56', '2016-07-14 03:24:07', '64a52d37-33f3-4828-80ec-b5b75aab0b5d'),
 ('128', '3', '3', '1', '2016-07-14 02:32:00', NULL, '2016-07-14 02:32:44', '2016-07-14 02:57:38', 'dd2d6bbc-1793-4c6b-83bf-42872a5c6c70');



DROP TABLE IF EXISTS `craft_entrydrafts`;


--
-- Schema for table `craft_entrydrafts`
--
CREATE TABLE `craft_entrydrafts` (
  `id` int(11) NOT NULL AUTO_INCREMENT,
  `entryId` int(11) NOT NULL,
  `sectionId` int(11) NOT NULL,
  `creatorId` int(11) NOT NULL,
  `locale` char(12) COLLATE utf8_unicode_ci NOT NULL,
  `name` varchar(255) COLLATE utf8_unicode_ci NOT NULL,
  `notes` tinytext COLLATE utf8_unicode_ci,
  `data` mediumtext COLLATE utf8_unicode_ci NOT NULL,
  `dateCreated` datetime NOT NULL,
  `dateUpdated` datetime NOT NULL,
  `uid` char(36) COLLATE utf8_unicode_ci NOT NULL DEFAULT '0',
  PRIMARY KEY (`id`),
  KEY `craft_entrydrafts_entryId_locale_idx` (`entryId`,`locale`),
  KEY `craft_entrydrafts_sectionId_fk` (`sectionId`),
  KEY `craft_entrydrafts_creatorId_fk` (`creatorId`),
  KEY `craft_entrydrafts_locale_fk` (`locale`)
) ENGINE=InnoDB DEFAULT CHARSET=utf8 COLLATE=utf8_unicode_ci;

DROP TABLE IF EXISTS `craft_entrytypes`;


--
-- Schema for table `craft_entrytypes`
--
CREATE TABLE `craft_entrytypes` (
  `id` int(11) NOT NULL AUTO_INCREMENT,
  `sectionId` int(11) NOT NULL,
  `fieldLayoutId` int(11) DEFAULT NULL,
  `name` varchar(255) COLLATE utf8_unicode_ci NOT NULL,
  `handle` varchar(255) COLLATE utf8_unicode_ci NOT NULL,
  `hasTitleField` tinyint(1) unsigned NOT NULL DEFAULT '1',
  `titleLabel` varchar(255) COLLATE utf8_unicode_ci DEFAULT 'Title',
  `titleFormat` varchar(255) COLLATE utf8_unicode_ci DEFAULT NULL,
  `sortOrder` smallint(6) unsigned DEFAULT NULL,
  `dateCreated` datetime NOT NULL,
  `dateUpdated` datetime NOT NULL,
  `uid` char(36) COLLATE utf8_unicode_ci NOT NULL DEFAULT '0',
  PRIMARY KEY (`id`),
  UNIQUE KEY `craft_entrytypes_name_sectionId_unq_idx` (`name`,`sectionId`),
  UNIQUE KEY `craft_entrytypes_handle_sectionId_unq_idx` (`handle`,`sectionId`),
  KEY `craft_entrytypes_sectionId_fk` (`sectionId`),
  KEY `craft_entrytypes_fieldLayoutId_fk` (`fieldLayoutId`)
) ENGINE=InnoDB AUTO_INCREMENT=7 DEFAULT CHARSET=utf8 COLLATE=utf8_unicode_ci;

--
-- Data for table `craft_entrytypes`
--

INSERT INTO `craft_entrytypes` (`id`, `sectionId`, `fieldLayoutId`, `name`, `handle`, `hasTitleField`, `titleLabel`, `titleFormat`, `sortOrder`, `dateCreated`, `dateUpdated`, `uid`) VALUES
 ('1', '1', '11', 'Homepage', 'homepage', '1', 'Title', NULL, NULL, '2016-03-12 17:48:26', '2016-03-12 19:00:02', '3b8cf5e7-a9f3-492c-9dba-e73d995567ae'),
 ('2', '2', '5', 'News', 'news', '1', 'Title', NULL, NULL, '2016-03-12 17:48:26', '2016-03-12 17:48:26', '0baada6a-3c0b-4867-a06c-05c23656ace0'),
 ('3', '3', '17', 'Pages', 'pages', '1', 'Title', NULL, NULL, '2016-03-12 18:44:34', '2016-03-16 03:30:15', 'ca1e3e86-607f-4af3-9c99-201ae06249b8'),
 ('4', '3', '18', 'Program', 'program', '1', 'Title', NULL, NULL, '2016-03-16 03:30:47', '2016-03-16 03:30:47', 'de0f4687-1774-4d28-836d-dc4a4ce937fb'),
 ('5', '4', '103', 'Events', 'events', '1', 'Title', NULL, NULL, '2016-04-21 04:12:15', '2016-04-21 04:12:59', '1997fa32-a0d2-4141-ab8f-65a37cc2dd5c'),
 ('6', '5', '128', 'Slides', 'slides', '1', 'Title', NULL, NULL, '2016-07-11 20:28:11', '2016-07-12 01:33:22', 'b130b44d-8c2d-4d2a-83f8-fb349a1b1ad7');



DROP TABLE IF EXISTS `craft_entryversions`;


--
-- Schema for table `craft_entryversions`
--
CREATE TABLE `craft_entryversions` (
  `id` int(11) NOT NULL AUTO_INCREMENT,
  `entryId` int(11) NOT NULL,
  `sectionId` int(11) NOT NULL,
  `creatorId` int(11) DEFAULT NULL,
  `locale` char(12) COLLATE utf8_unicode_ci NOT NULL,
  `num` smallint(6) unsigned NOT NULL,
  `notes` tinytext COLLATE utf8_unicode_ci,
  `data` mediumtext COLLATE utf8_unicode_ci NOT NULL,
  `dateCreated` datetime NOT NULL,
  `dateUpdated` datetime NOT NULL,
  `uid` char(36) COLLATE utf8_unicode_ci NOT NULL DEFAULT '0',
  PRIMARY KEY (`id`),
  KEY `craft_entryversions_entryId_locale_idx` (`entryId`,`locale`),
  KEY `craft_entryversions_sectionId_fk` (`sectionId`),
  KEY `craft_entryversions_creatorId_fk` (`creatorId`),
  KEY `craft_entryversions_locale_fk` (`locale`)
) ENGINE=InnoDB AUTO_INCREMENT=222 DEFAULT CHARSET=utf8 COLLATE=utf8_unicode_ci;

--
-- Data for table `craft_entryversions`
--

INSERT INTO `craft_entryversions` (`id`, `entryId`, `sectionId`, `creatorId`, `locale`, `num`, `notes`, `data`, `dateCreated`, `dateUpdated`, `uid`) VALUES
 ('1', '2', '1', '1', 'en_us', '1', NULL, '{\"typeId\":\"1\",\"authorId\":null,\"title\":\"Homepage\",\"slug\":\"homepage\",\"postDate\":1457804906,\"expiryDate\":null,\"enabled\":1,\"parentId\":null,\"fields\":[]}', '2016-03-12 17:48:26', '2016-03-12 17:48:26', '3d9e22da-1527-4344-9a6d-c1ac4e280dd7'),
 ('2', '2', '1', '1', 'en_us', '2', NULL, '{\"typeId\":null,\"authorId\":null,\"title\":\"Welcome to Localhost!\",\"slug\":\"homepage\",\"postDate\":1457804906,\"expiryDate\":null,\"enabled\":\"1\",\"parentId\":null,\"fields\":{\"1\":\"<p>It\\u2019s true, this site doesn\\u2019t have a whole lot of content yet, but don\\u2019t worry. Our web developers have just installed the CMS, and they\\u2019re setting things up for the content editors this very moment. Soon Localhost will be an oasis of fresh perspectives, sharp analyses, and astute opinions that will keep you coming back again and again.<\\/p>\"}}', '2016-03-12 17:48:26', '2016-03-12 17:48:26', '9c6f5254-2445-4143-a11c-e2c72e70e797'),
 ('4', '5', '3', '1', 'en_us', '1', '', '{\"typeId\":null,\"authorId\":\"1\",\"title\":\"About Us\",\"slug\":\"about-us\",\"postDate\":1458012028,\"expiryDate\":null,\"enabled\":1,\"parentId\":\"\",\"fields\":[]}', '2016-03-15 03:20:29', '2016-03-15 03:20:29', 'd1f4746f-f809-46b9-bced-d6f5f12c0ace'),
 ('5', '6', '3', '1', 'en_us', '1', '', '{\"typeId\":null,\"authorId\":\"1\",\"title\":\"Programs\",\"slug\":\"programs\",\"postDate\":1458012039,\"expiryDate\":null,\"enabled\":1,\"parentId\":\"\",\"fields\":[]}', '2016-03-15 03:20:39', '2016-03-15 03:20:39', '3e90148a-16bb-46f3-b883-20ae91a0d1c5'),
 ('6', '7', '3', '1', 'en_us', '1', '', '{\"typeId\":null,\"authorId\":\"1\",\"title\":\"Locations\",\"slug\":\"locations\",\"postDate\":1458012046,\"expiryDate\":null,\"enabled\":1,\"parentId\":\"\",\"fields\":[]}', '2016-03-15 03:20:46', '2016-03-15 03:20:46', 'd069d529-117a-4593-853c-16e0e33ecdd5'),
 ('7', '2', '1', '1', 'en_us', '3', '', '{\"typeId\":null,\"authorId\":null,\"title\":\"Home\",\"slug\":\"homepage\",\"postDate\":1457804906,\"expiryDate\":null,\"enabled\":1,\"parentId\":null,\"fields\":{\"5\":{\"new1\":{\"type\":\"homeHero\",\"enabled\":\"1\",\"fields\":{\"heading\":\"Kick. Punch. Learn.\",\"body\":\"<p>Freddie Poole\\u2019s Martial Arts\\u00ae is a unique and modern training system that combines traditional values and principles with a modern system of combat, self-defense and fitness.&nbsp;<\\/p>\",\"backgroundColor\":\"#000000\",\"backgroundImage\":[\"10\"]}}}}}', '2016-03-16 02:47:49', '2016-03-16 02:47:49', '549b88e2-25a6-4171-ab05-3530b6435258'),
 ('8', '16', '3', '1', 'en_us', '1', '', '{\"typeId\":\"4\",\"authorId\":\"1\",\"title\":\"Dragons\",\"slug\":\"dragons\",\"postDate\":1458100002,\"expiryDate\":null,\"enabled\":1,\"parentId\":\"\",\"fields\":{\"5\":\"\",\"22\":\"Dragons (4 \\u2013 6 YO)\",\"4\":\"\",\"3\":\"\"}}', '2016-03-16 03:46:42', '2016-03-16 03:46:42', '3231f62c-7a70-45e7-8f9c-3ace3ad3528b'),
 ('9', '17', '3', '1', 'en_us', '1', '', '{\"typeId\":\"4\",\"authorId\":\"1\",\"title\":\"Juniors\",\"slug\":\"juniors\",\"postDate\":1458100080,\"expiryDate\":null,\"enabled\":1,\"parentId\":\"6\",\"fields\":{\"5\":\"\",\"22\":\"Juniors (7 -12 YO)\",\"4\":\"\",\"3\":\"\"}}', '2016-03-16 03:48:00', '2016-03-16 03:48:00', '5b3f1250-c67b-4741-b60f-4769af7f98ec'),
 ('10', '2', '1', '1', 'en_us', '4', '', '{\"typeId\":null,\"authorId\":null,\"title\":\"Home\",\"slug\":\"homepage\",\"postDate\":1457804906,\"expiryDate\":null,\"enabled\":1,\"parentId\":null,\"fields\":{\"5\":{\"15\":{\"type\":\"homeHero\",\"enabled\":\"1\",\"fields\":{\"heading\":\"Kick. Punch. Learn.\",\"body\":\"<p>Freddie Poole\\u2019s Martial Arts\\u00ae is a unique and modern training system that combines traditional values and principles with a modern system of combat, self-defense and fitness.&nbsp;<\\/p>\",\"backgroundColor\":\"#000000\",\"backgroundImage\":[\"10\"]}},\"new1\":{\"type\":\"homePrograms\",\"enabled\":\"1\",\"fields\":{\"heading\":\"Approach\",\"body\":\"<p>This unique approach creates a balanced and well-rounded martial artist. The key to our success is that each discipline is introduced in stages to the student, rather than front-loading a program. This methodical approach ensures students are learning and mastering techniques at the highest level, as opposed to just going through motions.&nbsp;<\\/p>\",\"programs\":[\"16\",\"17\"]}}}}}', '2016-03-16 04:17:39', '2016-03-16 04:17:39', '51438fc2-415c-48fc-98d5-3740d3ce84cf'),
 ('11', '2', '1', '1', 'en_us', '5', '', '{\"typeId\":null,\"authorId\":null,\"title\":\"Home\",\"slug\":\"homepage\",\"postDate\":1457804906,\"expiryDate\":null,\"enabled\":1,\"parentId\":null,\"fields\":{\"5\":{\"15\":{\"type\":\"homeHero\",\"enabled\":\"1\",\"fields\":{\"heading\":\"Kick. Punch. Learn.\",\"body\":\"<p>Freddie Poole\\u2019s Martial Arts\\u00ae is a unique and modern training system that combines traditional values and principles with a modern system of combat, self-defense and fitness.&nbsp;<\\/p>\",\"backgroundColor\":\"#000000\",\"backgroundImage\":[\"10\"]}},\"18\":{\"type\":\"homePrograms\",\"enabled\":\"1\",\"fields\":{\"heading\":\"Approach\",\"body\":\"<p>This unique approach creates a balanced and well-rounded martial artist. The key to our success is that each discipline is introduced in stages to the student, rather than front-loading a program. This methodical approach ensures students are learning and mastering techniques at the highest level, as opposed to just going through motions.&nbsp;<\\/p>\",\"programs\":[\"16\",\"17\"],\"backgroundColor\":\"#000000\",\"backgroundImage\":[\"14\"]}}}}}', '2016-03-16 04:22:35', '2016-03-16 04:22:35', '9ba37737-e905-4a53-9315-d8976665d9c8'),
 ('12', '2', '1', '1', 'en_us', '6', '', '{\"typeId\":null,\"authorId\":null,\"title\":\"Home\",\"slug\":\"homepage\",\"postDate\":1457804906,\"expiryDate\":null,\"enabled\":1,\"parentId\":null,\"fields\":{\"5\":{\"15\":{\"type\":\"homeHero\",\"enabled\":\"1\",\"fields\":{\"heading\":\"Kick. Punch. Learn.\",\"body\":\"<p>Freddie Poole\\u2019s Martial Arts\\u00ae is a unique and modern training system that combines traditional values and principles with a modern system of combat, self-defense and fitness.&nbsp;<\\/p>\",\"backgroundColor\":\"#000000\",\"backgroundImage\":[\"14\"]}},\"18\":{\"type\":\"homePrograms\",\"enabled\":\"1\",\"fields\":{\"heading\":\"Approach\",\"body\":\"<p>This unique approach creates a balanced and well-rounded martial artist. The key to our success is that each discipline is introduced in stages to the student, rather than front-loading a program. This methodical approach ensures students are learning and mastering techniques at the highest level, as opposed to just going through motions.&nbsp;<\\/p>\",\"programs\":[\"16\",\"17\"],\"backgroundColor\":\"#000000\",\"backgroundImage\":[\"14\"]}}}}}', '2016-03-16 04:29:28', '2016-03-16 04:29:28', '43dd440a-86b3-4e5f-975f-41aab057aac0'),
 ('13', '2', '1', '1', 'en_us', '7', '', '{\"typeId\":null,\"authorId\":null,\"title\":\"Home\",\"slug\":\"homepage\",\"postDate\":1457804906,\"expiryDate\":null,\"enabled\":1,\"parentId\":null,\"fields\":{\"5\":{\"15\":{\"type\":\"homeHero\",\"enabled\":\"1\",\"fields\":{\"heading\":\"Kick. Punch. Learn.\",\"body\":\"<p>Freddie Poole\\u2019s Martial Arts\\u00ae is a unique and modern training system that combines traditional values and principles with a modern system of combat, self-defense and fitness.&nbsp;<\\/p>\",\"backgroundColor\":\"#000000\",\"backgroundImage\":[\"8\"]}},\"18\":{\"type\":\"homePrograms\",\"enabled\":\"1\",\"fields\":{\"heading\":\"Approach\",\"body\":\"<p>This unique approach creates a balanced and well-rounded martial artist. The key to our success is that each discipline is introduced in stages to the student, rather than front-loading a program. This methodical approach ensures students are learning and mastering techniques at the highest level, as opposed to just going through motions.&nbsp;<\\/p>\",\"programs\":[\"16\",\"17\"],\"backgroundColor\":\"#000000\",\"backgroundImage\":[\"14\"]}}}}}', '2016-03-16 04:30:39', '2016-03-16 04:30:39', '091769cb-c3ba-401f-af10-60a5ef74fcc9'),
 ('14', '16', '3', '1', 'en_us', '2', '', '{\"typeId\":\"4\",\"authorId\":\"1\",\"title\":\"Dragons\",\"slug\":\"dragons\",\"postDate\":1458099960,\"expiryDate\":null,\"enabled\":1,\"parentId\":\"6\",\"fields\":{\"5\":{\"new1\":{\"type\":\"secondaryHero\",\"enabled\":\"1\",\"fields\":{\"heading\":\"Brazilian Jiu Jitsu\",\"body\":\"<p>Brazilian Jiu-jitsu classes in Dallas (BJJ) is primarily a ground fighting art, a grappling style of Martial Arts that has roots and evolved from Japanese Judo and Classical jujutsu. Brazilian Jiu-jitsu specializes in ground techniques such as positional control and the use of leverage for reversals and submissions holds (joint lock and chokes) to overcome the size and strength of opponents. BJJ provides a clear path and strategy for victory in a self-defense scenario or competition. As a sport it is a safe and entertaining art that can be practiced for a lifetime of fitness and well-being.<\\/p>\",\"contactButton\":[\"on\"],\"backgroundColor\":\"#000000\",\"backgroundImage\":[\"8\"]}},\"new2\":{\"type\":\"oneColumn\",\"enabled\":\"1\",\"fields\":{\"heading\":\"History\",\"body\":\"<p>Most people involved in Martial Arts are familiar with the basic history of BJJ. How a Japanese Jiu-jitsu expert, Maeda, came to Brazil as part of a diplomatic mission to found and establish a Japanese colony. He befriended Gastao Gracie, a man of Scottish decent who had influence in local political circles.<\\/p>\\r\\n\\r\\n<p>Maeda offered to teach Gracie\\u2019s sons Jiu-jitsu.<br>The Gracie boys became very proficient in jiu-jitsu. Being a large family they never lacked training partners and new ideas for practicing and training daily within the family and nephews the Machados. This went on for generations. Later opening their own schools and developing their own additions and modifications to the techniques they had being taught, as a test of their skill, the Gracies fought many matches against other styles with great success.<\\/p>\\r\\n\\r\\n<p>In this manner they came to understand which techniques worked and which did not. They based their developing martial arts on their combat experiences over generations. With great success in MMA competitions, Brazilian jiu-jitsu has establish itself as an extremely effective martial arts and one of the most sought out.<\\/p>\",\"backgroundColor\":\"#000000\",\"backgroundImage\":[\"12\"]}},\"new3\":{\"type\":\"oneColumn\",\"enabled\":\"1\",\"fields\":{\"heading\":\"The BJJ strategy and the Japanese legacy\",\"body\":\"<p>eda taught the Gracie\\u2019s the art of \\u201cRandori\\u201d or live training (rolling) where safe but effective techniques can be applied with full resistance to opponents, as long as they agree to \\u201ctap-out\\u201d or submit (surrender) when a technique is successfully applied. This way, two opponents can face each other and fight close to full power which makes training much more realistic to a real fight, therefore more effective.<\\/p>\\r\\n\\r\\n<p>The genius of the Gracie\\u2019s lay in the strategy they implemented to win fights, which can be seen in sport point systems, they implemented in competition. The Gracie\\u2019s realized that fighting a bigger stronger opponent and trading blows was not a good idea, so they developed a strategy where they would take a standing opponent or fighter out of their comfort zone (stand up skill) put them on the ground and expose them to their great ground skills, positional control, leverage and submissions.<br>The Gracie\\u2019s realized that certain positions were better to attack and defend so they strategized ways from any position on the ground to a position where they can reverse, control and submit their opponent.<\\/p>\",\"backgroundColor\":\"#f5f5f5\",\"backgroundImage\":\"\"}}},\"22\":\"Dragons (4 \\u2013 6 YO)\",\"4\":\"\",\"3\":\"\"}}', '2016-03-24 02:37:17', '2016-03-24 02:37:17', '08de09b9-cafc-49af-aa19-b9c1a78c89a2'),
 ('15', '2', '1', '1', 'en_us', '8', '', '{\"typeId\":null,\"authorId\":null,\"title\":\"Home\",\"slug\":\"homepage\",\"postDate\":1457804906,\"expiryDate\":null,\"enabled\":1,\"parentId\":null,\"fields\":{\"5\":{\"15\":{\"type\":\"homeHero\",\"enabled\":\"1\",\"fields\":{\"heading\":\"Kick. Punch. Learn.\",\"body\":\"<p>Freddie Poole\\u2019s Martial Arts\\u00ae is a unique and modern training system that combines traditional values and principles with a modern system of combat, self-defense and fitness.&nbsp;<\\/p>\",\"backgroundColor\":\"#000000\",\"backgroundImage\":[\"8\"],\"contactButton\":\"1\"}},\"18\":{\"type\":\"homePrograms\",\"enabled\":\"1\",\"fields\":{\"heading\":\"Approach\",\"body\":\"<p>This unique approach creates a balanced and well-rounded martial artist. The key to our success is that each discipline is introduced in stages to the student, rather than front-loading a program. This methodical approach ensures students are learning and mastering techniques at the highest level, as opposed to just going through motions.&nbsp;<\\/p>\",\"programs\":[\"16\",\"17\"],\"backgroundColor\":\"#000000\",\"backgroundImage\":[\"14\"]}}}}}', '2016-03-24 02:42:11', '2016-03-24 02:42:11', '1248b846-7957-4ffd-8846-d95fee7f029e'),
 ('16', '16', '3', '1', 'en_us', '3', '', '{\"typeId\":\"4\",\"authorId\":\"1\",\"title\":\"Dragons\",\"slug\":\"dragons\",\"postDate\":1458099960,\"expiryDate\":null,\"enabled\":1,\"parentId\":\"6\",\"fields\":{\"5\":{\"21\":{\"type\":\"secondaryHero\",\"enabled\":\"1\",\"fields\":{\"heading\":\"Brazilian Jiu Jitsu\",\"body\":\"<p>Brazilian Jiu-jitsu classes in Dallas (BJJ) is primarily a ground fighting art, a grappling style of Martial Arts that has roots and evolved from Japanese Judo and Classical jujutsu. Brazilian Jiu-jitsu specializes in ground techniques such as positional control and the use of leverage for reversals and submissions holds (joint lock and chokes) to overcome the size and strength of opponents. BJJ provides a clear path and strategy for victory in a self-defense scenario or competition. As a sport it is a safe and entertaining art that can be practiced for a lifetime of fitness and well-being.<\\/p>\",\"contactButton\":\"1\",\"backgroundColor\":\"#000000\",\"backgroundImage\":[\"8\"]}},\"22\":{\"type\":\"oneColumn\",\"enabled\":\"1\",\"fields\":{\"heading\":\"History\",\"body\":\"<p>Most people involved in Martial Arts are familiar with the basic history of BJJ. How a Japanese Jiu-jitsu expert, Maeda, came to Brazil as part of a diplomatic mission to found and establish a Japanese colony. He befriended Gastao Gracie, a man of Scottish decent who had influence in local political circles.<\\/p>\\r\\n\\r\\n<p>Maeda offered to teach Gracie\\u2019s sons Jiu-jitsu.<br>The Gracie boys became very proficient in jiu-jitsu. Being a large family they never lacked training partners and new ideas for practicing and training daily within the family and nephews the Machados. This went on for generations. Later opening their own schools and developing their own additions and modifications to the techniques they had being taught, as a test of their skill, the Gracies fought many matches against other styles with great success.<\\/p>\\r\\n\\r\\n\\r\\n\\r\\n<p>In this manner they came to understand which techniques worked and which did not. They based their developing martial arts on their combat experiences over generations. With great success in MMA competitions, Brazilian jiu-jitsu has establish itself as an extremely effective martial arts and one of the most sought out.<\\/p>\",\"backgroundColor\":\"#000000\",\"backgroundImage\":[\"12\"]}},\"23\":{\"type\":\"oneColumn\",\"enabled\":\"1\",\"fields\":{\"heading\":\"The BJJ strategy and the Japanese legacy\",\"body\":\"<p>eda taught the Gracie\\u2019s the art of \\u201cRandori\\u201d or live training (rolling) where safe but effective techniques can be applied with full resistance to opponents, as long as they agree to \\u201ctap-out\\u201d or submit (surrender) when a technique is successfully applied. This way, two opponents can face each other and fight close to full power which makes training much more realistic to a real fight, therefore more effective.<\\/p>\\r\\n\\r\\n<p>The genius of the Gracie\\u2019s lay in the strategy they implemented to win fights, which can be seen in sport point systems, they implemented in competition. The Gracie\\u2019s realized that fighting a bigger stronger opponent and trading blows was not a good idea, so they developed a strategy where they would take a standing opponent or fighter out of their comfort zone (stand up skill) put them on the ground and expose them to their great ground skills, positional control, leverage and submissions.<br>The Gracie\\u2019s realized that certain positions were better to attack and defend so they strategized ways from any position on the ground to a position where they can reverse, control and submit their opponent.<\\/p>\",\"backgroundColor\":\"#f5f5f5\",\"backgroundImage\":\"\"}}},\"22\":\"Dragons (4 \\u2013 6 YO)\",\"4\":\"\",\"3\":\"\"}}', '2016-03-24 03:49:46', '2016-03-24 03:49:46', 'fdeda0fc-a7d5-4708-b486-1f5cd6c349c9'),
 ('17', '24', '3', '1', 'en_us', '1', '', '{\"typeId\":\"3\",\"authorId\":\"1\",\"title\":\"Locations\",\"slug\":\"locations-1\",\"postDate\":1458012000,\"expiryDate\":null,\"enabled\":1,\"parentId\":\"\",\"fields\":{\"5\":{\"new1\":{\"type\":\"secondaryHero\",\"enabled\":\"1\",\"fields\":{\"heading\":\"\",\"body\":\"\",\"contactButton\":\"1\",\"backgroundColor\":\"#000000\",\"backgroundImage\":\"\",\"map\":\"{\\\"markers\\\":[{\\\"isNew\\\":true,\\\"isSavedToMap\\\":true,\\\"address\\\":\\\"17194 Preston Rd, Dallas, TX 75248, USA\\\",\\\"addressComponents\\\":[{\\\"long_name\\\":\\\"17194\\\",\\\"short_name\\\":\\\"17194\\\",\\\"types\\\":[\\\"street_number\\\"]},{\\\"long_name\\\":\\\"Preston Road\\\",\\\"short_name\\\":\\\"Preston Rd\\\",\\\"types\\\":[\\\"route\\\"]},{\\\"long_name\\\":\\\"Far North Dallas\\\",\\\"short_name\\\":\\\"Far North Dallas\\\",\\\"types\\\":[\\\"neighborhood\\\",\\\"political\\\"]},{\\\"long_name\\\":\\\"Dallas\\\",\\\"short_name\\\":\\\"Dallas\\\",\\\"types\\\":[\\\"locality\\\",\\\"political\\\"]},{\\\"long_name\\\":\\\"Dallas County\\\",\\\"short_name\\\":\\\"Dallas County\\\",\\\"types\\\":[\\\"administrative_area_level_2\\\",\\\"political\\\"]},{\\\"long_name\\\":\\\"Texas\\\",\\\"short_name\\\":\\\"TX\\\",\\\"types\\\":[\\\"administrative_area_level_1\\\",\\\"political\\\"]},{\\\"long_name\\\":\\\"United States\\\",\\\"short_name\\\":\\\"US\\\",\\\"types\\\":[\\\"country\\\",\\\"political\\\"]},{\\\"long_name\\\":\\\"75248\\\",\\\"short_name\\\":\\\"75248\\\",\\\"types\\\":[\\\"postal_code\\\"]}],\\\"lat\\\":32.98391826247492,\\\"lng\\\":-96.80163320552253,\\\"content\\\":\\\"17194 Preston Rd<br> Dallas<br> TX 75248<br> USA\\\",\\\"title\\\":\\\"\\\",\\\"scaledWidth\\\":null,\\\"scaledHeight\\\":null}],\\\"polygons\\\":[],\\\"polylines\\\":[{\\\"points\\\":[{\\\"lat\\\":32.9839177,\\\"lng\\\":-96.8016265}],\\\"hideDetails\\\":false,\\\"isNew\\\":true,\\\"isSavedToMap\\\":true,\\\"strokeColor\\\":\\\"#000000\\\",\\\"strokeOpacity\\\":\\\"0.60\\\",\\\"strokeWeight\\\":\\\"3.00\\\",\\\"title\\\":\\\"\\\",\\\"content\\\":\\\"\\\"}],\\\"routes\\\":[],\\\"circles\\\":[],\\\"groundOverlays\\\":[]}\"}}},\"4\":\"\",\"3\":\"\"}}', '2016-03-24 04:22:43', '2016-03-24 04:22:43', 'f223923d-dd00-4fad-bc17-287ca1b830fc'),
 ('18', '24', '3', '1', 'en_us', '2', '', '{\"typeId\":\"3\",\"authorId\":\"1\",\"title\":\"North Dallas\",\"slug\":\"north-dallas\",\"postDate\":1458012000,\"expiryDate\":null,\"enabled\":1,\"parentId\":\"\",\"fields\":{\"5\":{\"25\":{\"type\":\"secondaryHero\",\"enabled\":\"1\",\"fields\":{\"heading\":\"North Dallas\",\"body\":\"<p>Globally syndicate market positioning niches with accurate platforms. Energistically coordinate exceptional e-tailers without open-source functionalities.<\\/p>\",\"contactButton\":\"1\",\"backgroundColor\":\"#000000\",\"backgroundImage\":[\"10\"],\"map\":\"{\\\"markers\\\":[{\\\"isNew\\\":false,\\\"isSavedToMap\\\":true,\\\"title\\\":\\\"\\\",\\\"distance\\\":false,\\\"icon\\\":\\\"\\\",\\\"lat\\\":32.983918262475,\\\"lng\\\":-96.801633205523,\\\"content\\\":\\\"17194 Preston Rd<br> Dallas<br> TX 75248<br> USA\\\",\\\"customContent\\\":false,\\\"address\\\":\\\"17194 Preston Rd, Dallas, TX 75248, USA\\\",\\\"addressComponents\\\":[{\\\"long_name\\\":\\\"17194\\\",\\\"short_name\\\":\\\"17194\\\",\\\"types\\\":[\\\"street_number\\\"]},{\\\"long_name\\\":\\\"Preston Road\\\",\\\"short_name\\\":\\\"Preston Rd\\\",\\\"types\\\":[\\\"route\\\"]},{\\\"long_name\\\":\\\"Far North Dallas\\\",\\\"short_name\\\":\\\"Far North Dallas\\\",\\\"types\\\":[\\\"neighborhood\\\",\\\"political\\\"]},{\\\"long_name\\\":\\\"Dallas\\\",\\\"short_name\\\":\\\"Dallas\\\",\\\"types\\\":[\\\"locality\\\",\\\"political\\\"]},{\\\"long_name\\\":\\\"Dallas County\\\",\\\"short_name\\\":\\\"Dallas County\\\",\\\"types\\\":[\\\"administrative_area_level_2\\\",\\\"political\\\"]},{\\\"long_name\\\":\\\"Texas\\\",\\\"short_name\\\":\\\"TX\\\",\\\"types\\\":[\\\"administrative_area_level_1\\\",\\\"political\\\"]},{\\\"long_name\\\":\\\"United States\\\",\\\"short_name\\\":\\\"US\\\",\\\"types\\\":[\\\"country\\\",\\\"political\\\"]},{\\\"long_name\\\":\\\"75248\\\",\\\"short_name\\\":\\\"75248\\\",\\\"types\\\":[\\\"postal_code\\\"]}],\\\"locationId\\\":\\\"1\\\",\\\"elementId\\\":\\\"25\\\",\\\"deleted\\\":false}],\\\"polygons\\\":[],\\\"polylines\\\":[{\\\"isSavedToMap\\\":true,\\\"title\\\":\\\"\\\",\\\"content\\\":\\\"\\\",\\\"points\\\":[{\\\"lat\\\":32.9839177,\\\"lng\\\":-96.8016265}],\\\"hideDetails\\\":false,\\\"strokeColor\\\":\\\"#000000\\\",\\\"strokeWeight\\\":\\\"3.00\\\",\\\"strokeOpacity\\\":\\\"0.60\\\",\\\"isNew\\\":false,\\\"elementId\\\":\\\"25\\\",\\\"deleted\\\":false,\\\"fillColor\\\":\\\"#666666\\\",\\\"fillOpacity\\\":0.6}],\\\"routes\\\":[],\\\"circles\\\":[],\\\"groundOverlays\\\":[]}\"}}},\"4\":\"\",\"3\":\"\"}}', '2016-03-24 04:24:48', '2016-03-24 04:24:48', '9e12e28c-3620-4e88-bcc3-9ba43e15e1b0'),
 ('19', '24', '3', '1', 'en_us', '3', '', '{\"typeId\":\"3\",\"authorId\":\"1\",\"title\":\"North Dallas\",\"slug\":\"north-dallas\",\"postDate\":1458012000,\"expiryDate\":null,\"enabled\":1,\"parentId\":\"7\",\"fields\":{\"5\":{\"25\":{\"type\":\"secondaryHero\",\"enabled\":\"1\",\"fields\":{\"heading\":\"North Dallas\",\"body\":\"<p>Globally syndicate market positioning niches with accurate platforms. Energistically coordinate exceptional e-tailers without open-source functionalities.<\\/p>\",\"contactButton\":\"1\",\"backgroundColor\":\"#000000\",\"backgroundImage\":[\"10\"],\"map\":\"{\\\"markers\\\":[{\\\"isNew\\\":false,\\\"isSavedToMap\\\":true,\\\"title\\\":\\\"\\\",\\\"distance\\\":false,\\\"icon\\\":\\\"\\\",\\\"lat\\\":32.983918262475,\\\"lng\\\":-96.801633205523,\\\"content\\\":\\\"17194 Preston Rd<br> Dallas<br> TX 75248<br> USA\\\",\\\"customContent\\\":false,\\\"address\\\":\\\"17194 Preston Rd, Dallas, TX 75248, USA\\\",\\\"addressComponents\\\":[{\\\"long_name\\\":\\\"17194\\\",\\\"short_name\\\":\\\"17194\\\",\\\"types\\\":[\\\"street_number\\\"]},{\\\"long_name\\\":\\\"Preston Road\\\",\\\"short_name\\\":\\\"Preston Rd\\\",\\\"types\\\":[\\\"route\\\"]},{\\\"long_name\\\":\\\"Far North Dallas\\\",\\\"short_name\\\":\\\"Far North Dallas\\\",\\\"types\\\":[\\\"neighborhood\\\",\\\"political\\\"]},{\\\"long_name\\\":\\\"Dallas\\\",\\\"short_name\\\":\\\"Dallas\\\",\\\"types\\\":[\\\"locality\\\",\\\"political\\\"]},{\\\"long_name\\\":\\\"Dallas County\\\",\\\"short_name\\\":\\\"Dallas County\\\",\\\"types\\\":[\\\"administrative_area_level_2\\\",\\\"political\\\"]},{\\\"long_name\\\":\\\"Texas\\\",\\\"short_name\\\":\\\"TX\\\",\\\"types\\\":[\\\"administrative_area_level_1\\\",\\\"political\\\"]},{\\\"long_name\\\":\\\"United States\\\",\\\"short_name\\\":\\\"US\\\",\\\"types\\\":[\\\"country\\\",\\\"political\\\"]},{\\\"long_name\\\":\\\"75248\\\",\\\"short_name\\\":\\\"75248\\\",\\\"types\\\":[\\\"postal_code\\\"]}],\\\"locationId\\\":\\\"1\\\",\\\"elementId\\\":\\\"25\\\",\\\"deleted\\\":false}],\\\"polygons\\\":[],\\\"polylines\\\":[{\\\"isSavedToMap\\\":true,\\\"title\\\":\\\"\\\",\\\"content\\\":\\\"\\\",\\\"points\\\":[{\\\"lat\\\":32.9839177,\\\"lng\\\":-96.8016265}],\\\"hideDetails\\\":false,\\\"strokeColor\\\":\\\"#000000\\\",\\\"strokeWeight\\\":\\\"3.00\\\",\\\"strokeOpacity\\\":\\\"0.60\\\",\\\"isNew\\\":false,\\\"elementId\\\":\\\"25\\\",\\\"deleted\\\":false,\\\"fillColor\\\":\\\"#666666\\\",\\\"fillOpacity\\\":0.6}],\\\"routes\\\":[],\\\"circles\\\":[],\\\"groundOverlays\\\":[]}\"}}},\"4\":\"\",\"3\":\"\"}}', '2016-03-24 04:37:35', '2016-03-24 04:37:35', '58e747ff-d514-402a-b674-b62add2073d5'),
 ('20', '24', '3', '1', 'en_us', '4', '', '{\"typeId\":\"3\",\"authorId\":\"1\",\"title\":\"North Dallas\",\"slug\":\"north-dallas\",\"postDate\":1458012000,\"expiryDate\":null,\"enabled\":1,\"parentId\":\"7\",\"fields\":{\"5\":{\"25\":{\"type\":\"secondaryHero\",\"enabled\":\"1\",\"fields\":{\"heading\":\"North Dallas\",\"body\":\"<p>Globally syndicate market positioning niches with accurate platforms. Energistically coordinate exceptional e-tailers without open-source functionalities.<\\/p>\",\"contactButton\":\"1\",\"backgroundColor\":\"#000000\",\"backgroundImage\":[\"10\"],\"map\":\"{\\\"markers\\\":[{\\\"isNew\\\":false,\\\"isSavedToMap\\\":true,\\\"title\\\":\\\"17194 Preston Rd\\\",\\\"distance\\\":false,\\\"icon\\\":\\\"\\\",\\\"lat\\\":32.983918262475,\\\"lng\\\":-96.801633205523,\\\"content\\\":\\\"17194 Preston Rd<br> Dallas<br> TX 75248<br> USA\\\",\\\"customContent\\\":false,\\\"address\\\":\\\"17194 Preston Rd, Dallas, TX 75248, USA\\\",\\\"addressComponents\\\":[{\\\"long_name\\\":\\\"17194\\\",\\\"short_name\\\":\\\"17194\\\",\\\"types\\\":[\\\"street_number\\\"]},{\\\"long_name\\\":\\\"Preston Road\\\",\\\"short_name\\\":\\\"Preston Rd\\\",\\\"types\\\":[\\\"route\\\"]},{\\\"long_name\\\":\\\"Far North Dallas\\\",\\\"short_name\\\":\\\"Far North Dallas\\\",\\\"types\\\":[\\\"neighborhood\\\",\\\"political\\\"]},{\\\"long_name\\\":\\\"Dallas\\\",\\\"short_name\\\":\\\"Dallas\\\",\\\"types\\\":[\\\"locality\\\",\\\"political\\\"]},{\\\"long_name\\\":\\\"Dallas County\\\",\\\"short_name\\\":\\\"Dallas County\\\",\\\"types\\\":[\\\"administrative_area_level_2\\\",\\\"political\\\"]},{\\\"long_name\\\":\\\"Texas\\\",\\\"short_name\\\":\\\"TX\\\",\\\"types\\\":[\\\"administrative_area_level_1\\\",\\\"political\\\"]},{\\\"long_name\\\":\\\"United States\\\",\\\"short_name\\\":\\\"US\\\",\\\"types\\\":[\\\"country\\\",\\\"political\\\"]},{\\\"long_name\\\":\\\"75248\\\",\\\"short_name\\\":\\\"75248\\\",\\\"types\\\":[\\\"postal_code\\\"]}],\\\"locationId\\\":\\\"1\\\",\\\"elementId\\\":\\\"25\\\",\\\"deleted\\\":false,\\\"scaledWidth\\\":null,\\\"scaledHeight\\\":null}],\\\"polygons\\\":[],\\\"polylines\\\":[{\\\"isSavedToMap\\\":true,\\\"title\\\":\\\"\\\",\\\"content\\\":\\\"\\\",\\\"points\\\":[{\\\"lat\\\":32.9839177,\\\"lng\\\":-96.8016265}],\\\"hideDetails\\\":false,\\\"strokeColor\\\":\\\"#000000\\\",\\\"strokeWeight\\\":\\\"3.00\\\",\\\"strokeOpacity\\\":\\\"0.60\\\",\\\"isNew\\\":false,\\\"elementId\\\":\\\"25\\\",\\\"deleted\\\":false,\\\"fillColor\\\":\\\"#666666\\\",\\\"fillOpacity\\\":0.6}],\\\"routes\\\":[],\\\"circles\\\":[],\\\"groundOverlays\\\":[]}\"}}},\"4\":\"\",\"3\":\"\"}}', '2016-03-24 04:53:43', '2016-03-24 04:53:43', '8bd8b88e-f658-4ce6-91eb-6f1cce923309'),
 ('21', '24', '3', '1', 'en_us', '5', '', '{\"typeId\":\"3\",\"authorId\":\"1\",\"title\":\"North Dallas\",\"slug\":\"north-dallas\",\"postDate\":1458012000,\"expiryDate\":null,\"enabled\":1,\"parentId\":\"7\",\"fields\":{\"5\":{\"25\":{\"type\":\"secondaryHero\",\"enabled\":\"1\",\"fields\":{\"heading\":\"North Dallas\",\"body\":\"<p>Globally syndicate market positioning niches with accurate platforms. Energistically coordinate exceptional e-tailers without open-source functionalities.<\\/p>\",\"contactButton\":\"1\",\"backgroundColor\":\"#000000\",\"backgroundImage\":[\"10\"],\"map\":\"<p>17194 Preston Rd<br> Dallas<br> TX 75248<br><\\/p>\"}}},\"4\":\"\",\"3\":\"\"}}', '2016-03-24 05:01:53', '2016-03-24 05:01:53', '46f43761-3484-4a4b-b0e4-4c6829266df3'),
 ('22', '24', '3', '1', 'en_us', '6', '', '{\"typeId\":\"3\",\"authorId\":\"1\",\"title\":\"North Dallas\",\"slug\":\"north-dallas\",\"postDate\":1458012000,\"expiryDate\":null,\"enabled\":1,\"parentId\":\"7\",\"fields\":{\"5\":{\"25\":{\"type\":\"secondaryHero\",\"enabled\":\"1\",\"fields\":{\"heading\":\"North Dallas\",\"body\":\"<p>Globally syndicate market positioning niches with accurate platforms. Energistically coordinate exceptional e-tailers without open-source functionalities.<\\/p>\",\"contactButton\":\"1\",\"backgroundColor\":\"#000000\",\"backgroundImage\":[\"10\"],\"map\":\"<p>17194 Preston Rd<br> Dallas<br> TX 75248<br><\\/p>\"}}},\"4\":\"\",\"3\":\"\"}}', '2016-03-24 05:02:01', '2016-03-24 05:02:01', '3dac5ba4-af71-4f81-a6ee-25fc418519d6'),
 ('23', '24', '3', '1', 'en_us', '7', '', '{\"typeId\":\"3\",\"authorId\":\"1\",\"title\":\"North Dallas\",\"slug\":\"north-dallas\",\"postDate\":1458012000,\"expiryDate\":null,\"enabled\":1,\"parentId\":\"7\",\"fields\":{\"5\":{\"25\":{\"type\":\"secondaryHero\",\"enabled\":\"1\",\"fields\":{\"heading\":\"North Dallas\",\"body\":\"<p>Globally syndicate market positioning niches with accurate platforms. Energistically coordinate exceptional e-tailers without open-source functionalities.<\\/p>\",\"contactButton\":\"1\",\"backgroundColor\":\"#000000\",\"backgroundImage\":[\"10\"],\"mapTitle\":\"Freddie Poole\\u2019s Martial Arts\",\"mapAddress\":\"<p>17194 Preston Rd<br> Dallas<br> TX 75248<br><\\/p>\",\"flexibleArea\":\"<p>This is a flexible Marketing area. Fill it wil specials, messages or anything else!<\\/p>\"}}},\"4\":\"\",\"3\":\"\"}}', '2016-03-25 01:19:54', '2016-03-25 01:19:54', 'da30d145-5fc8-44de-ad3b-c1d7e911387b'),
 ('24', '24', '3', '1', 'en_us', '8', '', '{\"typeId\":\"3\",\"authorId\":\"1\",\"title\":\"North Dallas\",\"slug\":\"north-dallas\",\"postDate\":1458012000,\"expiryDate\":null,\"enabled\":1,\"parentId\":\"7\",\"fields\":{\"5\":{\"25\":{\"type\":\"secondaryHero\",\"enabled\":\"1\",\"fields\":{\"heading\":\"North Dallas\",\"body\":\"<p>Globally syndicate market positioning niches with accurate platforms. Energistically coordinate exceptional e-tailers without open-source functionalities.<\\/p>\",\"contactButton\":\"1\",\"backgroundColor\":\"#000000\",\"backgroundImage\":[\"10\"],\"mapTitle\":\"FPMA\",\"mapAddress\":\"<p>17194 Preston Rd<br> Dallas<br> TX 75248<br><\\/p>\",\"flexibleArea\":\"<p>This is a flexible Marketing area. Fill it wil specials, messages or anything else!<\\/p>\"}}},\"4\":\"\",\"3\":\"\"}}', '2016-03-25 01:43:31', '2016-03-25 01:43:31', '83f258ca-2ada-4a14-b778-7ab010a1d7b6'),
 ('26', '27', '3', '1', 'en_us', '1', '', '{\"typeId\":\"3\",\"authorId\":\"1\",\"title\":\"Staff\",\"slug\":\"staff\",\"postDate\":1458873964,\"expiryDate\":null,\"enabled\":1,\"parentId\":\"26\",\"fields\":{\"5\":{\"new2\":{\"type\":\"secondaryHero\",\"enabled\":\"1\",\"fields\":{\"heading\":\"Staff\",\"body\":\"<p>Globally syndicate market positioning niches with accurate platforms. Energistically coordinate exceptional e-tailers without open-source functionalities.<\\/p>\",\"contactButton\":\"1\",\"backgroundColor\":\"#000000\",\"backgroundImage\":[\"10\"],\"mapTitle\":\"\",\"mapAddress\":\"\",\"flexibleArea\":\"\"}},\"new3\":{\"type\":\"staff\",\"enabled\":\"1\",\"fields\":{\"image\":\"\",\"staffName\":\"Mike Rose\",\"staffTitle\":\"Machado Jiu Jitsu Black Belt Judo Black Belt\",\"body\":\"<p>Seamlessly target business web services for standardized schemas. Authoritatively transform ethical core competencies and excellent materials. Professionally exploit sustainable data for e-business systems. Collaboratively procrastinate standards compliant deliverables rather than value-added architectures. Rapidiously recaptiualize intuitive paradigms via collaborative testing procedures. Competently myocardinate sticky mindshare for competitive resources. Intrinsicly enable economically sound potentialities with enterprise-wide sources.&nbsp;<\\/p>\"}},\"new4\":{\"type\":\"staff\",\"enabled\":\"1\",\"fields\":{\"image\":\"\",\"staffName\":\"Westin Poole\",\"staffTitle\":\"Machado Jiu Jitsu Black Belt Judo Black Belt\",\"body\":\"<p>Seamlessly target business web services for standardized schemas. Authoritatively transform ethical core competencies and excellent materials. Professionally exploit sustainable data for e-business systems. Collaboratively procrastinate standards compliant deliverables rather than value-added architectures. Rapidiously recaptiualize intuitive paradigms via collaborative testing procedures. Competently myocardinate sticky mindshare for competitive resources. Intrinsicly enable economically sound potentialities with enterprise-wide sources.&nbsp;<\\/p>\"}},\"new5\":{\"type\":\"staff\",\"enabled\":\"1\",\"fields\":{\"image\":\"\",\"staffName\":\"Randy Stem\",\"staffTitle\":\"Machado Jiu Jitsu Black Belt Judo Black Belt\",\"body\":\"<p>Seamlessly target business web services for standardized schemas. Authoritatively transform ethical core competencies and excellent materials. Professionally exploit sustainable data for e-business systems. Collaboratively procrastinate standards compliant deliverables rather than value-added architectures. Rapidiously recaptiualize intuitive paradigms via collaborative testing procedures. Competently myocardinate sticky mindshare for competitive resources. Intrinsicly enable economically sound potentialities with enterprise-wide sources.&nbsp;<\\/p>\"}}},\"4\":\"\",\"3\":\"\"}}', '2016-03-25 02:46:04', '2016-03-25 02:46:04', 'e28fc3db-1f71-47f1-be08-cf2c789210cd'),
 ('28', '32', '3', '1', 'en_us', '1', '', '{\"typeId\":\"3\",\"authorId\":\"1\",\"title\":\"Contact Us\",\"slug\":\"contact-us\",\"postDate\":1458879715,\"expiryDate\":null,\"enabled\":1,\"parentId\":\"\",\"fields\":{\"5\":\"\",\"4\":\"\",\"3\":\"\"}}', '2016-03-25 04:21:55', '2016-03-25 04:21:55', 'db54efd7-b97b-47b2-bebf-a1bc85529e8a'),
 ('29', '33', '3', '1', 'en_us', '1', '', '{\"typeId\":\"3\",\"authorId\":\"1\",\"title\":\"Specials\",\"slug\":\"specials\",\"postDate\":1458879730,\"expiryDate\":null,\"enabled\":1,\"parentId\":\"\",\"fields\":{\"5\":\"\",\"4\":\"\",\"3\":\"\"}}', '2016-03-25 04:22:10', '2016-03-25 04:22:10', '65a9adc0-c04b-449f-aaea-c44a2c1f3771'),
 ('30', '24', '3', '1', 'en_us', '9', '', '{\"typeId\":\"3\",\"authorId\":\"1\",\"title\":\"North Dallas\",\"slug\":\"north-dallas\",\"postDate\":1458012000,\"expiryDate\":null,\"enabled\":1,\"parentId\":\"7\",\"fields\":{\"5\":{\"25\":{\"type\":\"secondaryHero\",\"enabled\":\"1\",\"fields\":{\"heading\":\"North Dallas\",\"body\":\"<p>Globally syndicate market positioning niches with accurate platforms. Energistically coordinate exceptional e-tailers without open-source functionalities.<\\/p>\",\"contactButton\":\"1\",\"backgroundColor\":\"#000000\",\"backgroundImage\":[\"10\"],\"mapTitle\":\"FPMA\",\"mapContent\":\"<p>17194 Preston Rd. #215 <\\/p><p>Dallas , TX United States 75248<\\/p><p>(972) 232-0027<\\/p>\",\"mapAddress\":\"17194 Preston Rd. #215   Dallas , TX United States 75248\",\"flexibleArea\":\"<p>This is a flexible Marketing area. Fill it wil specials, messages or anything else!<\\/p>\"}}},\"4\":\"\",\"3\":\"\"}}', '2016-03-26 22:41:22', '2016-03-26 22:41:22', '5b33338a-33ad-402a-9a6d-aa386879a1a4'),
 ('31', '34', '3', '1', 'en_us', '1', '', '{\"typeId\":\"3\",\"authorId\":\"1\",\"title\":\"Dallas\",\"slug\":\"dallas\",\"postDate\":1459032274,\"expiryDate\":null,\"enabled\":1,\"parentId\":\"\",\"fields\":{\"5\":{\"new1\":{\"type\":\"secondaryHero\",\"enabled\":\"1\",\"fields\":{\"heading\":\"Dallas\",\"body\":\"<p>Globally syndicate market positioning niches with accurate platforms. Energistically coordinate exceptional e-tailers without open-source functionalities.&nbsp;<\\/p>\",\"contactButton\":\"1\",\"backgroundColor\":\"#000000\",\"backgroundImage\":[\"8\"],\"mapTitle\":\"Freddie Poole\'s Martial Arts\\u00ae\",\"mapContent\":\"<p>5757 W. Lovers Lane #217 Dallas,&nbsp;<\\/p><p>TX United States 75209<\\/p>\",\"mapAddress\":\"5757 W. Lovers Lane #217 Dallas, TX United States 75209\",\"flexibleArea\":\"<p>This is a flexible Marketing area. Fill it wil specials, messages or anything else!<\\/p>\"}}},\"4\":\"\",\"3\":\"\"}}', '2016-03-26 22:44:34', '2016-03-26 22:44:34', '16250989-625c-4078-bfdb-43fd4f068bb4'),
 ('32', '24', '3', '1', 'en_us', '10', '', '{\"typeId\":\"3\",\"authorId\":\"1\",\"title\":\"North Dallas\",\"slug\":\"north-dallas\",\"postDate\":1458012000,\"expiryDate\":null,\"enabled\":1,\"parentId\":\"7\",\"fields\":{\"5\":{\"25\":{\"type\":\"secondaryHero\",\"enabled\":\"1\",\"fields\":{\"heading\":\"North Dallas\",\"body\":\"<p>Globally syndicate market positioning niches with accurate platforms. Energistically coordinate exceptional e-tailers without open-source functionalities.<\\/p>\",\"contactButton\":\"1\",\"backgroundColor\":\"#000000\",\"backgroundImage\":[\"10\"],\"mapTitle\":\"Freddie Poole\'s Martial Arts\\u00ae North Texas Martial Arts\",\"mapContent\":\"<p>17194 Preston Rd. #215 <\\/p>\\r\\n\\r\\n<p>Dallas , TX United States 75248<\\/p>\\r\\n\\r\\n<p>(972) 232-0027<\\/p>\",\"mapAddress\":\"17194 Preston Rd. #215   Dallas , TX United States 75248\",\"flexibleArea\":\"<p>This is a flexible Marketing area. Fill it wil specials, messages or anything else!<\\/p>\"}}},\"4\":\"\",\"3\":\"\"}}', '2016-03-26 22:45:32', '2016-03-26 22:45:32', '0bfc578b-220e-47f4-bc61-990b9f56df0b'),
 ('34', '2', '1', '1', 'en_us', '9', '', '{\"typeId\":null,\"authorId\":null,\"title\":\"Home\",\"slug\":\"homepage\",\"postDate\":1457804906,\"expiryDate\":null,\"enabled\":1,\"parentId\":null,\"fields\":{\"5\":{\"15\":{\"type\":\"homeHero\",\"enabled\":\"1\",\"fields\":{\"heading\":\"Kick. Punch. Learn.\",\"body\":\"<p>Freddie Poole\\u2019s Martial Arts\\u00ae is a unique and modern training system that combines traditional values and principles with a modern system of combat, self-defense and fitness.&nbsp;<\\/p>\",\"backgroundColor\":\"#000000\",\"backgroundImage\":[\"8\"],\"contactButton\":\"1\"}},\"18\":{\"type\":\"homePrograms\",\"enabled\":\"1\",\"fields\":{\"heading\":\"Approach\",\"body\":\"<p>This unique approach creates a balanced and well-rounded martial artist. The key to our success is that each discipline is introduced in stages to the student, rather than front-loading a program. This methodical approach ensures students are learning and mastering techniques at the highest level, as opposed to just going through motions.&nbsp;<\\/p>\",\"programs\":[\"16\",\"17\"],\"backgroundColor\":\"#000000\",\"backgroundImage\":[\"14\"]}},\"new1\":{\"type\":\"homeLocation\",\"enabled\":\"1\",\"fields\":{\"heading\":\"Locations\",\"body\":\"<p>We currently have 2 locations to serve you.&nbsp;<\\/p>\"}},\"new3\":{\"type\":\"twoColumns\",\"enabled\":\"1\",\"fields\":{\"heading\":\"\",\"bodyLeft\":\"\",\"bodyRight\":\"<p>You too can enjoy the benefits of martial arts classes in Dallas. Come see for yourself why martial arts have been so popular for so many years. Our black belt instructors are here to help you achieve all your martial arts and fitness goals.<\\/p>\",\"columnsLeft\":\"col-3-of-5\",\"columnsRight\":\"col-2-of-5\",\"backgroundColor\":\"#000000\",\"backgroundImage\":[\"8\"]}}}}}', '2016-04-21 04:20:31', '2016-04-21 04:20:31', '4f1ea834-44a6-40b1-8ce4-5503d96e6ba9'),
 ('35', '2', '1', '1', 'en_us', '10', '', '{\"typeId\":null,\"authorId\":null,\"title\":\"Home\",\"slug\":\"homepage\",\"postDate\":1457804906,\"expiryDate\":null,\"enabled\":1,\"parentId\":null,\"fields\":{\"5\":{\"15\":{\"type\":\"homeHero\",\"enabled\":\"1\",\"fields\":{\"heading\":\"Kick. Punch. Learn.\",\"body\":\"<p>Freddie Poole\\u2019s Martial Arts\\u00ae is a unique and modern training system that combines traditional values and principles with a modern system of combat, self-defense and fitness.&nbsp;<\\/p>\",\"backgroundColor\":\"#000000\",\"backgroundImage\":[\"8\"],\"contactButton\":\"1\"}},\"18\":{\"type\":\"homePrograms\",\"enabled\":\"1\",\"fields\":{\"heading\":\"Approach\",\"body\":\"<p>This unique approach creates a balanced and well-rounded martial artist. The key to our success is that each discipline is introduced in stages to the student, rather than front-loading a program. This methodical approach ensures students are learning and mastering techniques at the highest level, as opposed to just going through motions.&nbsp;<\\/p>\",\"programs\":[\"16\",\"17\"],\"backgroundColor\":\"#000000\",\"backgroundImage\":[\"14\"]}},\"52\":{\"type\":\"homeLocations\",\"enabled\":\"1\",\"fields\":{\"heading\":\"Locations\",\"body\":\"<p>We currently have 2 locations to serve you.&nbsp;<\\/p>\",\"backgroundImage\":[\"11\"]}},\"53\":{\"type\":\"twoColumns\",\"enabled\":\"1\",\"fields\":{\"heading\":\"\",\"bodyLeft\":\"\",\"bodyRight\":\"<p>You too can enjoy the benefits of martial arts classes in Dallas. Come see for yourself why martial arts have been so popular for so many years. Our black belt instructors are here to help you achieve all your martial arts and fitness goals.<\\/p>\",\"columnsLeft\":\"col-3-of-5\",\"columnsRight\":\"col-2-of-5\",\"backgroundColor\":\"#000000\",\"backgroundImage\":[\"8\"],\"contactButton\":\"1\"}}}}}', '2016-04-21 04:22:32', '2016-04-21 04:22:32', '3176f491-4d20-425e-8e71-1bbbade8573d'),
 ('36', '2', '1', '1', 'en_us', '11', '', '{\"typeId\":null,\"authorId\":null,\"title\":\"Home\",\"slug\":\"homepage\",\"postDate\":1457804906,\"expiryDate\":null,\"enabled\":1,\"parentId\":null,\"fields\":{\"5\":{\"15\":{\"type\":\"homeHero\",\"enabled\":\"1\",\"fields\":{\"heading\":\"Kick. Punch. Learn.\",\"body\":\"<p>Freddie Poole\\u2019s Martial Arts\\u00ae is a unique and modern training system that combines traditional values and principles with a modern system of combat, self-defense and fitness.&nbsp;<\\/p>\",\"backgroundColor\":\"#000000\",\"backgroundImage\":[\"8\"],\"contactButton\":\"1\"}},\"18\":{\"type\":\"homePrograms\",\"enabled\":\"1\",\"fields\":{\"heading\":\"Approach\",\"body\":\"<p>This unique approach creates a balanced and well-rounded martial artist. The key to our success is that each discipline is introduced in stages to the student, rather than front-loading a program. This methodical approach ensures students are learning and mastering techniques at the highest level, as opposed to just going through motions.&nbsp;<\\/p>\",\"programs\":[\"16\",\"17\"],\"backgroundColor\":\"#000000\",\"backgroundImage\":[\"14\"]}},\"52\":{\"type\":\"homeLocations\",\"enabled\":\"1\",\"fields\":{\"heading\":\"Locations\",\"body\":\"<p>We currently have 2 locations to serve you.&nbsp;<\\/p>\",\"backgroundImage\":[\"11\"]}},\"53\":{\"type\":\"twoColumns\",\"enabled\":\"1\",\"fields\":{\"heading\":\"\",\"bodyLeft\":\"<p>You too can enjoy the benefits of martial arts classes in Dallas. Come see for yourself why martial arts have been so popular for so many years. Our black belt instructors are here to help you achieve all your martial arts and fitness goals.<\\/p>\",\"bodyRight\":\"\",\"columnsLeft\":\"col-3-of-5\",\"columnsRight\":\"col-2-of-5\",\"backgroundColor\":\"#000000\",\"backgroundImage\":[\"8\"],\"contactButton\":\"1\"}}}}}', '2016-04-21 04:23:28', '2016-04-21 04:23:28', '524370a2-b374-42c8-9030-196c15d8cd2b'),
 ('37', '27', '3', '1', 'en_us', '2', '', '{\"typeId\":\"3\",\"authorId\":\"1\",\"title\":\"Staff\",\"slug\":\"staff\",\"postDate\":1458873960,\"expiryDate\":null,\"enabled\":1,\"parentId\":\"5\",\"fields\":{\"5\":{\"28\":{\"type\":\"secondaryHero\",\"enabled\":\"1\",\"fields\":{\"heading\":\"Staff\",\"body\":\"<p>Globally syndicate market positioning niches with accurate platforms. Energistically coordinate exceptional e-tailers without open-source functionalities.<\\/p>\",\"contactButton\":\"1\",\"backgroundColor\":\"#000000\",\"backgroundImage\":[\"41\"],\"mapTitle\":\"\",\"mapContent\":\"\",\"mapAddress\":\"\",\"flexibleArea\":\"\"}},\"29\":{\"type\":\"staff\",\"enabled\":\"1\",\"fields\":{\"image\":[\"43\"],\"staffName\":\"Mike Rose\",\"staffTitle\":\"Machado Jiu Jitsu Black Belt Judo Black Belt\",\"body\":\"<p>Seamlessly target business web services for standardized schemas. Authoritatively transform ethical core competencies and excellent materials. Professionally exploit sustainable data for e-business systems. Collaboratively procrastinate standards compliant deliverables rather than value-added architectures. Rapidiously recaptiualize intuitive paradigms via collaborative testing procedures. Competently myocardinate sticky mindshare for competitive resources. Intrinsicly enable economically sound potentialities with enterprise-wide sources.&nbsp;<\\/p>\"}},\"30\":{\"type\":\"staff\",\"enabled\":\"1\",\"fields\":{\"image\":[\"45\"],\"staffName\":\"Westin Poole\",\"staffTitle\":\"Machado Jiu Jitsu Black Belt Judo Black Belt\",\"body\":\"<p>Seamlessly target business web services for standardized schemas. Authoritatively transform ethical core competencies and excellent materials. Professionally exploit sustainable data for e-business systems. Collaboratively procrastinate standards compliant deliverables rather than value-added architectures. Rapidiously recaptiualize intuitive paradigms via collaborative testing procedures. Competently myocardinate sticky mindshare for competitive resources. Intrinsicly enable economically sound potentialities with enterprise-wide sources.&nbsp;<\\/p>\"}},\"31\":{\"type\":\"staff\",\"enabled\":\"1\",\"fields\":{\"image\":[\"46\"],\"staffName\":\"Randy Stem\",\"staffTitle\":\"Machado Jiu Jitsu Black Belt Judo Black Belt\",\"body\":\"<p>Seamlessly target business web services for standardized schemas. Authoritatively transform ethical core competencies and excellent materials. Professionally exploit sustainable data for e-business systems. Collaboratively procrastinate standards compliant deliverables rather than value-added architectures. Rapidiously recaptiualize intuitive paradigms via collaborative testing procedures. Competently myocardinate sticky mindshare for competitive resources. Intrinsicly enable economically sound potentialities with enterprise-wide sources.&nbsp;<\\/p>\"}}},\"4\":\"\",\"3\":\"\"}}', '2016-04-21 04:24:56', '2016-04-21 04:24:56', '94ef1af0-4872-4e41-b131-27d0fca9f732'),
 ('38', '34', '3', '1', 'en_us', '2', '', '{\"typeId\":\"3\",\"authorId\":\"1\",\"title\":\"Dallas\",\"slug\":\"dallas\",\"postDate\":1459032240,\"expiryDate\":null,\"enabled\":1,\"parentId\":\"7\",\"fields\":{\"5\":{\"35\":{\"type\":\"secondaryHero\",\"enabled\":\"1\",\"fields\":{\"heading\":\"Dallas\",\"body\":\"<p>Globally syndicate market positioning niches with accurate platforms. Energistically coordinate exceptional e-tailers without open-source functionalities.&nbsp;<\\/p>\",\"contactButton\":\"1\",\"backgroundColor\":\"#000000\",\"backgroundImage\":[\"38\"],\"mapTitle\":\"Freddie Poole\'s Martial Arts\\u00ae\",\"mapContent\":\"<p>5757 W. Lovers Lane #217 Dallas,&nbsp;<\\/p>\\r\\n\\r\\n<p>TX United States 75209<\\/p>\",\"mapAddress\":\"5757 W. Lovers Lane #217 Dallas, TX United States 75209\",\"flexibleArea\":\"<p>This is a flexible Marketing area. Fill it wil specials, messages or anything else!<\\/p>\"}},\"new1\":{\"type\":\"events\",\"enabled\":\"1\",\"fields\":{\"heading\":\"Event Calendar\",\"body\":\"\",\"location\":\"dallas\"}}},\"4\":\"\",\"3\":\"\"}}', '2016-04-21 04:35:34', '2016-04-21 04:35:34', 'b389623a-49aa-4c0b-a57f-8729e1650a7a'),
 ('40', '33', '3', '1', 'en_us', '2', '', '{\"typeId\":\"3\",\"authorId\":\"1\",\"title\":\"Specials\",\"slug\":\"specials\",\"postDate\":1458879720,\"expiryDate\":null,\"enabled\":1,\"parentId\":\"\",\"fields\":{\"5\":{\"new1\":{\"type\":\"secondaryHero\",\"enabled\":\"1\",\"fields\":{\"heading\":\"Specials\",\"body\":\"<p>Globally syndicate market positioning niches with accurate platforms. Energistically coordinate exceptional e-tailers without open-source functionalities.&nbsp;<\\/p>\",\"contactButton\":\"1\",\"backgroundColor\":\"#000000\",\"backgroundImage\":\"\",\"mapTitle\":\"\",\"mapContent\":\"\",\"mapAddress\":\"\",\"flexibleArea\":\"\"}},\"new2\":{\"type\":\"oneColumn\",\"enabled\":\"1\",\"fields\":{\"heading\":\"Parent\\u2019s Nights Out\",\"body\":\"<p>Seamlessly target business web services for standardized schemas. Authoritatively transform ethical core competencies and excellent materials. Professionally exploit sustainable data for e-business systems. Collaboratively procrastinate standards compliant deliverables rather than value-added architectures. Rapidiously recaptiualize intuitive paradigms via collaborative testing procedures. Competently myocardinate sticky mindshare for competitive resources. Intrinsicly enable economically sound potentialities with enterprise-wide sources.&nbsp;<\\/p>\",\"backgroundColor\":\"#000000\",\"backgroundImage\":\"\"}},\"new3\":{\"type\":\"oneColumn\",\"enabled\":\"1\",\"fields\":{\"heading\":\"Birthday Parties\",\"body\":\"<p>Seamlessly target business web services for standardized schemas. Authoritatively transform ethical core competencies and excellent materials. Professionally exploit sustainable data for e-business systems. Collaboratively procrastinate standards compliant deliverables rather than value-added architectures. Rapidiously recaptiualize intuitive paradigms via collaborative testing procedures. Competently myocardinate sticky mindshare for competitive resources. Intrinsicly enable economically sound potentialities with enterprise-wide sources.&nbsp;<br><\\/p>\",\"backgroundColor\":\"#dadada\",\"backgroundImage\":\"\"}},\"new4\":{\"type\":\"oneColumn\",\"enabled\":\"1\",\"fields\":{\"heading\":\"Special Events\",\"body\":\"<p>Seamlessly target business web services for standardized schemas. Authoritatively transform ethical core competencies and excellent materials. Professionally exploit sustainable data for e-business systems. Collaboratively procrastinate standards compliant deliverables rather than value-added architectures. Rapidiously recaptiualize intuitive paradigms via collaborative testing procedures. Competently myocardinate sticky mindshare for competitive resources. Intrinsicly enable economically sound potentialities with enterprise-wide sources.&nbsp;<br><\\/p>\",\"backgroundColor\":\"#000000\",\"backgroundImage\":\"\"}}},\"4\":\"\",\"3\":\"\"}}', '2016-04-21 04:39:51', '2016-04-21 04:39:51', 'beed125e-b602-461e-935e-aac888a1001a'),
 ('41', '33', '3', '1', 'en_us', '3', '', '{\"typeId\":\"3\",\"authorId\":\"1\",\"title\":\"Specials\",\"slug\":\"specials\",\"postDate\":1458879720,\"expiryDate\":null,\"enabled\":1,\"parentId\":\"\",\"fields\":{\"5\":{\"55\":{\"type\":\"secondaryHero\",\"enabled\":\"1\",\"fields\":{\"heading\":\"Specials\",\"body\":\"<p>Globally syndicate market positioning niches with accurate platforms. Energistically coordinate exceptional e-tailers without open-source functionalities.&nbsp;<\\/p>\",\"contactButton\":\"1\",\"backgroundColor\":\"#000000\",\"backgroundImage\":[\"40\"],\"mapTitle\":\"\",\"mapContent\":\"\",\"mapAddress\":\"\",\"flexibleArea\":\"\"}},\"56\":{\"type\":\"oneColumn\",\"enabled\":\"1\",\"fields\":{\"heading\":\"Parent\\u2019s Nights Out\",\"body\":\"<p>Seamlessly target business web services for standardized schemas. Authoritatively transform ethical core competencies and excellent materials. Professionally exploit sustainable data for e-business systems. Collaboratively procrastinate standards compliant deliverables rather than value-added architectures. Rapidiously recaptiualize intuitive paradigms via collaborative testing procedures. Competently myocardinate sticky mindshare for competitive resources. Intrinsicly enable economically sound potentialities with enterprise-wide sources.&nbsp;<\\/p>\",\"backgroundColor\":\"#000000\",\"backgroundImage\":\"\"}},\"57\":{\"type\":\"oneColumn\",\"enabled\":\"1\",\"fields\":{\"heading\":\"Birthday Parties\",\"body\":\"<p>Seamlessly target business web services for standardized schemas. Authoritatively transform ethical core competencies and excellent materials. Professionally exploit sustainable data for e-business systems. Collaboratively procrastinate standards compliant deliverables rather than value-added architectures. Rapidiously recaptiualize intuitive paradigms via collaborative testing procedures. Competently myocardinate sticky mindshare for competitive resources. Intrinsicly enable economically sound potentialities with enterprise-wide sources.&nbsp;<br><\\/p>\",\"backgroundColor\":\"#dadada\",\"backgroundImage\":\"\"}},\"58\":{\"type\":\"oneColumn\",\"enabled\":\"1\",\"fields\":{\"heading\":\"Special Events\",\"body\":\"<p>Seamlessly target business web services for standardized schemas. Authoritatively transform ethical core competencies and excellent materials. Professionally exploit sustainable data for e-business systems. Collaboratively procrastinate standards compliant deliverables rather than value-added architectures. Rapidiously recaptiualize intuitive paradigms via collaborative testing procedures. Competently myocardinate sticky mindshare for competitive resources. Intrinsicly enable economically sound potentialities with enterprise-wide sources.&nbsp;<br><\\/p>\",\"backgroundColor\":\"#000000\",\"backgroundImage\":\"\"}}},\"4\":\"\",\"3\":\"\"}}', '2016-04-21 04:40:43', '2016-04-21 04:40:43', '94f80465-98a3-44e8-bc2f-f7e0f7606f88'),
 ('42', '32', '3', '1', 'en_us', '2', '', '{\"typeId\":\"3\",\"authorId\":\"1\",\"title\":\"Contact Us\",\"slug\":\"contact-us\",\"postDate\":1458879660,\"expiryDate\":null,\"enabled\":1,\"parentId\":\"\",\"fields\":{\"5\":{\"new2\":{\"type\":\"secondaryHero\",\"enabled\":\"1\",\"fields\":{\"heading\":\"Contact Us\",\"body\":\"<p>Globally syndicate market positioning niches with accurate platforms. Energistically coordinate exceptional e-tailers without open-source functionalities.&nbsp;<\\/p>\",\"contactButton\":\"\",\"backgroundColor\":\"#000000\",\"backgroundImage\":\"\",\"mapTitle\":\"\",\"mapContent\":\"\",\"mapAddress\":\"\",\"flexibleArea\":\"\"}}},\"4\":\"\",\"3\":\"\"}}', '2016-04-21 04:41:43', '2016-04-21 04:41:43', '8df6360b-0756-474f-89c5-4f28659b19b4'),
 ('43', '32', '3', '1', 'en_us', '3', '', '{\"typeId\":\"3\",\"authorId\":\"1\",\"title\":\"Contact Us\",\"slug\":\"contact-us\",\"postDate\":1458879660,\"expiryDate\":null,\"enabled\":1,\"parentId\":\"\",\"fields\":{\"5\":{\"59\":{\"type\":\"secondaryHero\",\"enabled\":\"1\",\"fields\":{\"heading\":\"Contact Us\",\"body\":\"<p>Globally syndicate market positioning niches with accurate platforms. Energistically coordinate exceptional e-tailers without open-source functionalities.&nbsp;<\\/p>\",\"contactButton\":\"\",\"backgroundColor\":\"#000000\",\"backgroundImage\":\"\",\"mapTitle\":\"\",\"mapContent\":\"\",\"mapAddress\":\"\",\"flexibleArea\":\"\"}},\"new1\":{\"type\":\"contact\",\"enabled\":\"1\",\"fields\":{\"heading\":\"Contact Us\",\"body\":\"\",\"backgroundColor\":\"#f5f5f5\"}}},\"4\":\"\",\"3\":\"\"}}', '2016-04-21 04:42:25', '2016-04-21 04:42:25', '7cf7ad9d-5e8b-4f77-9868-991674c36cdd'),
 ('44', '32', '3', '1', 'en_us', '4', '', '{\"typeId\":\"3\",\"authorId\":\"1\",\"title\":\"Contact Us\",\"slug\":\"contact-us\",\"postDate\":1458879660,\"expiryDate\":null,\"enabled\":1,\"parentId\":\"\",\"fields\":{\"5\":{\"59\":{\"type\":\"secondaryHero\",\"enabled\":\"1\",\"fields\":{\"heading\":\"Contact Us\",\"body\":\"<p>Globally syndicate market positioning niches with accurate platforms. Energistically coordinate exceptional e-tailers without open-source functionalities.&nbsp;<\\/p>\",\"contactButton\":\"\",\"backgroundColor\":\"#000000\",\"backgroundImage\":[\"37\"],\"mapTitle\":\"\",\"mapContent\":\"\",\"mapAddress\":\"\",\"flexibleArea\":\"\"}},\"60\":{\"type\":\"contact\",\"enabled\":\"1\",\"fields\":{\"heading\":\"Contact Us\",\"body\":\"\",\"backgroundColor\":\"#f5f5f5\"}}},\"4\":\"\",\"3\":\"\"}}', '2016-04-21 04:42:48', '2016-04-21 04:42:48', 'c41ac04f-b974-47c2-b727-1e989d82f72d'),
 ('45', '2', '1', '1', 'en_us', '12', '', '{\"typeId\":null,\"authorId\":null,\"title\":\"Home\",\"slug\":\"homepage\",\"postDate\":1457804906,\"expiryDate\":null,\"enabled\":1,\"parentId\":null,\"fields\":{\"5\":{\"15\":{\"type\":\"homeHero\",\"enabled\":\"1\",\"fields\":{\"heading\":\"Kick. Punch. Learn.\",\"body\":\"<p>Freddie Poole\\u2019s Martial Arts\\u00ae is a unique and modern training system that combines traditional values and principles with a modern system of combat, self-defense and fitness.&nbsp;<\\/p>\",\"backgroundColor\":\"#000000\",\"backgroundImage\":[\"8\"],\"contactButton\":\"1\"}},\"18\":{\"type\":\"homePrograms\",\"enabled\":\"1\",\"fields\":{\"heading\":\"Approach\",\"body\":\"<p>This unique approach creates a balanced and well-rounded martial artist. The key to our success is that each discipline is introduced in stages to the student, rather than front-loading a program. This methodical approach ensures students are learning and mastering techniques at the highest level, as opposed to just going through motions.&nbsp;<\\/p>\",\"programs\":[\"16\",\"17\"],\"backgroundColor\":\"#000000\",\"backgroundImage\":[\"61\"]}},\"52\":{\"type\":\"homeLocations\",\"enabled\":\"1\",\"fields\":{\"heading\":\"Locations\",\"body\":\"<p>We currently have 2 locations to serve you.&nbsp;<\\/p>\",\"backgroundImage\":[\"11\"]}},\"53\":{\"type\":\"twoColumns\",\"enabled\":\"1\",\"fields\":{\"heading\":\"\",\"bodyLeft\":\"<p>You too can enjoy the benefits of martial arts classes in Dallas. Come see for yourself why martial arts have been so popular for so many years. Our black belt instructors are here to help you achieve all your martial arts and fitness goals.<\\/p>\",\"bodyRight\":\"\",\"columnsLeft\":\"col-3-of-5\",\"columnsRight\":\"col-2-of-5\",\"backgroundColor\":\"#000000\",\"backgroundImage\":[\"8\"],\"contactButton\":\"1\"}}}}}', '2016-05-04 14:37:23', '2016-05-04 14:37:23', '023e1839-9ad8-4dae-bb90-efde2dc66eb9'),
 ('46', '27', '3', '1', 'en_us', '3', '', '{\"typeId\":\"3\",\"authorId\":\"1\",\"title\":\"Staff\",\"slug\":\"staff\",\"postDate\":1458873960,\"expiryDate\":null,\"enabled\":1,\"parentId\":\"5\",\"fields\":{\"5\":{\"28\":{\"type\":\"secondaryHero\",\"enabled\":\"1\",\"fields\":{\"heading\":\"Staff\",\"body\":\"<p>Globally syndicate market positioning niches with accurate platforms. Energistically coordinate exceptional e-tailers without open-source functionalities.<\\/p>\",\"contactButton\":\"1\",\"backgroundColor\":\"#000000\",\"backgroundImage\":[\"41\"],\"mapTitle\":\"\",\"mapContent\":\"\",\"mapAddress\":\"\",\"flexibleArea\":\"\"}},\"29\":{\"type\":\"staff\",\"enabled\":\"1\",\"fields\":{\"image\":[\"64\"],\"staffName\":\"Steve Sosa\",\"staffTitle\":\"Machado Jiu Jitsu Black Belt Judo Black Belt\",\"body\":\"<p>Master Steve Sosa has been an unstoppable, highly skilled martial artist for over 30 years. Master Sosa a 7th degree black belt in karate, trained by legendary martial artists such as Tim Kirby, Allen Steen, Ray McCallum, Billye Jackson, and Demetrius \\u201cThe Greek\\u201d Havanas - the original members of \\u201cTexas Blood \\u2018n\\u2019 Guts\\u201d karate in the Dallas area.&nbsp;<\\/p>\\r\\n\\r\\n<p>Master Sosa is a passionate trainer who has amassed several prestigious accolades in Martial Arts tournaments including \\u201cThe Golden Greek\\u201d which is the highest award given by the Amateur Organization of Karate. Master Sosa was also honored with the Positive Coaching Alliance\\u2019s Double-Goal Coaching Award, awarded to coaches who implement positive life skills, work ethic and drive into their students training.&nbsp;<\\/p>\\r\\n\\r\\n<p>In 2010 Master Sosa started North Texas Martial Arts (NTMA), which ultimately joined Freddie Poole Martial Arts in 2015.<\\/p>\"}},\"30\":{\"type\":\"staff\",\"enabled\":\"1\",\"fields\":{\"image\":[\"62\"],\"staffName\":\"Jayda Clayton\",\"staffTitle\":\"Machado Jiu Jitsu Black Belt Judo Black Belt\",\"body\":\"<p>Jayda Clayton, a 2nd degree black belt, began her training in January 2007 at the ripe old age of 4. A prodigy of Master Steven Sosa, Jayda received her yellow and brown belts in 2007 and 2009, respectively. At age 7, Jayda became Master Sosa\\u2019s first and youngest student to receive her black belt. Jayda has competed in numerous local, state and national karate competitions and won over 60 trophies in sparring and kata competitions with over 40 of them being first place positions.<\\/p>\"}},\"31\":{\"type\":\"staff\",\"enabled\":\"1\",\"fields\":{\"image\":[\"44\"],\"staffName\":\"Westin Poole\",\"staffTitle\":\"Machado Jiu Jitsu Black Belt Judo Black Belt\",\"body\":\"<p>Westin Poole\\u2019s love for karate kicked in as a kid when began training in martial arts at the age of 6. By 2009, Westin was a certified 1st degree black belt and has no plans of slowing down. He has been teaching for almost eight years and enjoys working with children. The mission behind his teaching is inspiring his students to reach their goals and see the benefits of their hard work.&nbsp;<\\/p>\"}},\"new1\":{\"type\":\"staff\",\"enabled\":\"1\",\"fields\":{\"image\":[\"47\"],\"staffName\":\"Vanny Boon\",\"staffTitle\":\"\",\"body\":\"<p>Master Vanny Boon is a certified 5th degree black belt skilled in various forms of martial arts including Taekwondo Do, Muay Thai, Brazilian Jiu jitsu and Boxing. Master Boon\\u2019s passion and experience for martial arts began when he started training at the age of 5 and spans over 25 years; Master Boon trained under Grand Master Hong, Master Freddie Poole and Muay Thai world champion Saekson Janjira.<\\/p>\"}},\"new2\":{\"type\":\"staff\",\"enabled\":\"1\",\"fields\":{\"image\":[\"48\"],\"staffName\":\"Johnny Rodriguez\",\"staffTitle\":\"\",\"body\":\"<p>Professor Johnny Rodriguez is a highly skilled black belt in Brazilian Jiu-Jitsu with over 20 years of training in several martial art forms including Kenpo karate, Aikido, Judo and Muay Thai. Professor Rodriguez teaches workshops, self-defense seminars, and has previously worked in law enforcement. &nbsp;Professor Rodriguez actively coaches students in preparation for BJJ tournaments and MMA bouts and still competes in many Brazilian jiu-jitsu tournaments.&nbsp;<\\/p>\"}},\"new3\":{\"type\":\"staff\",\"enabled\":\"1\",\"fields\":{\"image\":[\"49\"],\"staffName\":\"Gerardo Mulas\",\"staffTitle\":\"\",\"body\":\"<p>Gerardo Mulas is a certified personal trainer, yoga and martial arts expert whose mission is educating students the benefits of fitness and health and wellness goals. Gerardo specializes in sports performance, weight loss, injury rehabilitation, stress relief, nutritional counseling and meal planning. Gerardo has over two decades of professional and collegiate athletics under his belt, along with extensive training in kickboxing, boxing and grappling.<\\/p>\"}},\"new4\":{\"type\":\"staff\",\"enabled\":\"1\",\"fields\":{\"image\":[\"50\"],\"staffName\":\"Randy Stem\",\"staffTitle\":\"\",\"body\":\"<p>Randy Stem is a 5th degree black belt trained in Karate, Kickboxing, and Judo and currently in Brazilian Jiu-Jitsu. Randy studied under the teachings of Allen Steen, widely recognized as the \'Father of American Taekwondo\', and has over 45 years of experience mastering martial arts. Randy strongly encourages his students to build a firm foundation in martial arts early on by focusing on the development of basic fundamental motor skills and concepts.<\\/p>\"}},\"new5\":{\"type\":\"staff\",\"enabled\":\"1\",\"fields\":{\"image\":[\"43\"],\"staffName\":\"Sovandy Om\",\"staffTitle\":\"\",\"body\":\"<p>Master Sovandy Om is a 5th degree black belt, kickboxing fitness certified trainer and a FPMA student favorite. Master Om has trained extensively in Tae Kwon Do, MMA, Gymnastic, as well as Crossfit. Along with a passion for martial arts, Master Om has an even bigger passion for fitness. Master Om works tirelessly with helping the students execute proper technique to achieve the maximum benefits, as well as helping students reach and exceed their fitness goals.<\\/p>\"}},\"new6\":{\"type\":\"staff\",\"enabled\":\"1\",\"fields\":{\"image\":[\"46\"],\"staffName\":\"Alex Garcia\",\"staffTitle\":\"\",\"body\":\"<p>Alex Garcia is a 2nd degree black belt in Tae Kwon Do who gravitated towards the world of martial arts at the age of 4. Alex soon began training to develop and perfect his skills for martial arts and became a student at Freddie Poole\'s Martial Arts at the age of 10. Within 2 years, Alex\\u2019s dedication transformed him into an avid competitor, in which Alex received several 1st place wins in state martial arts championships.<\\/p>\"}},\"new7\":{\"type\":\"staff\",\"enabled\":\"1\",\"fields\":{\"image\":[\"45\"],\"staffName\":\"Nathan Bagby\",\"staffTitle\":\"\",\"body\":\"<p>Nathanael \\u201cNathan\\u201d Bagby is a 3rd degree black belt and an accomplished Muay Thai fighter and instructor. Nathan first became interested and started training in martial arts at the age of 8, and in the past 25 years, has trained in Isshinryu Karate, Eskrima, Tae Kwon Do, American Kickboxing, Brazilian Jiu Jitsu, Close Quarter Combat, Boxing, and Muay Thai. &nbsp;Nathan has gone on to compete in several amateur and professional kickboxing and Muay Thai bouts.&nbsp;<\\/p>\"}},\"new8\":{\"type\":\"staff\",\"enabled\":\"1\",\"fields\":{\"image\":\"\",\"staffName\":\"Mike Rose\",\"staffTitle\":\"\",\"body\":\"<p>Mike Rose has over 25 years of martial arts training, competition, and teaching experience in both Judo and Brazilian Jiu Jitsu. Mike started training in Judo in 1992, when he received his black belt. In 1998, under the teachings of Greg Nelson, Mike began training in Brazilian Jiu Jitsu and received his blue belt in 1999 and his black belt in 2009.<\\/p>\"}}},\"4\":\"\",\"3\":\"\"}}', '2016-06-06 22:03:30', '2016-06-06 22:03:30', '480cfbbb-724f-473f-9227-5a4c4a0f4585'),
 ('47', '2', '1', '1', 'en_us', '13', '', '{\"typeId\":null,\"authorId\":null,\"title\":\"Home\",\"slug\":\"homepage\",\"postDate\":1457804906,\"expiryDate\":null,\"enabled\":1,\"parentId\":null,\"fields\":{\"5\":{\"15\":{\"type\":\"homeHero\",\"enabled\":\"1\",\"fields\":{\"heading\":\"Kick. Punch. Learn.\",\"body\":\"<p>Freddie Poole\\u2019s Martial Arts\\u00ae is a unique and modern training system that combines traditional values and principles with a modern system of combat, self-defense and fitness.&nbsp;<\\/p>\",\"backgroundColor\":\"#000000\",\"backgroundImage\":[\"10\"],\"contactButton\":\"1\"}},\"18\":{\"type\":\"homePrograms\",\"enabled\":\"1\",\"fields\":{\"heading\":\"Approach\",\"body\":\"<p>This unique approach creates a balanced and well-rounded martial artist. The key to our success is that each discipline is introduced in stages to the student, rather than front-loading a program. This methodical approach ensures students are learning and mastering techniques at the highest level, as opposed to just going through motions.&nbsp;<\\/p>\",\"programs\":[\"16\",\"17\"],\"backgroundColor\":\"#000000\",\"backgroundImage\":[\"61\"]}},\"52\":{\"type\":\"homeLocations\",\"enabled\":\"1\",\"fields\":{\"heading\":\"Locations\",\"body\":\"<p>We currently have 2 locations to serve you.&nbsp;<\\/p>\",\"backgroundImage\":[\"11\"]}},\"53\":{\"type\":\"twoColumns\",\"enabled\":\"1\",\"fields\":{\"heading\":\"\",\"bodyLeft\":\"<p>You too can enjoy the benefits of martial arts classes in Dallas. Come see for yourself why martial arts have been so popular for so many years. Our black belt instructors are here to help you achieve all your martial arts and fitness goals.<\\/p>\",\"bodyRight\":\"\",\"columnsLeft\":\"col-3-of-5\",\"columnsRight\":\"col-2-of-5\",\"backgroundColor\":\"#000000\",\"backgroundImage\":[\"8\"],\"contactButton\":\"1\"}}}}}', '2016-06-07 03:44:50', '2016-06-07 03:44:50', '203a0ca1-1791-4ef4-bde5-bdf0e89685eb'),
 ('48', '2', '1', '1', 'en_us', '14', '', '{\"typeId\":null,\"authorId\":null,\"title\":\"Home\",\"slug\":\"homepage\",\"postDate\":1457804906,\"expiryDate\":null,\"enabled\":1,\"parentId\":null,\"fields\":{\"5\":{\"15\":{\"type\":\"homeHero\",\"enabled\":\"1\",\"fields\":{\"heading\":\"Kick. Punch. Learn.\",\"body\":\"<p>Freddie Poole\\u2019s Martial Arts \\u00ae offers an exclusive hybrid training system that incorporates the traditional training values and principles of karate and tae-kwon-do with a contemporary system of combat, self-defense and fitness.<\\/p>\",\"backgroundColor\":\"#000000\",\"backgroundImage\":[\"10\"],\"contactButton\":\"1\"}},\"18\":{\"type\":\"homePrograms\",\"enabled\":\"1\",\"fields\":{\"heading\":\"Approach\",\"body\":\"<p>The key to our success is that each discipline is introduced in stages to our student, rather than front-loading a program. This methodical approach ensures students are learning and mastering techniques at the highest level, as opposed to just going through motions. Additionally, we have a variety of instructors teaching our programs. This gives students an advantage of learning martial arts from varied perspectives, which enhances the quality of the training. Each instructor at FPMA\\u00ae is trained to recognize a student\\u2019s personality, learning style, and individual needs.<\\/p>\",\"programs\":[\"16\",\"17\"],\"backgroundColor\":\"#000000\",\"backgroundImage\":[\"61\"]}},\"52\":{\"type\":\"homeLocations\",\"enabled\":\"1\",\"fields\":{\"heading\":\"Locations\",\"body\":\"<p>We currently have 2 locations to serve you.&nbsp;<\\/p>\",\"backgroundImage\":[\"11\"]}},\"53\":{\"type\":\"twoColumns\",\"enabled\":\"1\",\"fields\":{\"heading\":\"Outro\",\"bodyLeft\":\"<p>Come see for yourself why our martial arts system has been so popular for so many years. Our black belt instructors are here to help you achieve all your marital art and fitness goals.<\\/p>\",\"bodyRight\":\"\",\"columnsLeft\":\"col-3-of-5\",\"columnsRight\":\"col-2-of-5\",\"backgroundColor\":\"#000000\",\"backgroundImage\":[\"8\"],\"contactButton\":\"1\"}}}}}', '2016-06-07 14:09:15', '2016-06-07 14:09:15', '044e4579-7671-4a0a-a653-42ffbe51c5bd'),
 ('49', '34', '3', '1', 'en_us', '3', '', '{\"typeId\":\"3\",\"authorId\":\"1\",\"title\":\"Dallas\",\"slug\":\"dallas\",\"postDate\":1459032240,\"expiryDate\":null,\"enabled\":1,\"parentId\":\"7\",\"fields\":{\"5\":{\"35\":{\"type\":\"secondaryHero\",\"enabled\":\"1\",\"fields\":{\"heading\":\"Dallas\",\"body\":\"<p>Globally syndicate market positioning niches with accurate platforms. Energistically coordinate exceptional e-tailers without open-source functionalities.&nbsp;<\\/p>\",\"contactButton\":\"1\",\"backgroundColor\":\"#000000\",\"backgroundImage\":[\"38\"],\"mapTitle\":\"Freddie Poole\'s Martial Arts\",\"mapContent\":\"<p>5757 West Lovers Lane, Suite 217<\\/p><p>TX United States 75209<\\/p><p>214.352.5425<\\/p>\",\"mapAddress\":\"5757 W. Lovers Lane #217 Dallas, TX United States 75209\",\"flexibleArea\":\"<p>This is a flexible Marketing area. Fill it wil specials, messages or anything else!<\\/p>\"}},\"54\":{\"type\":\"events\",\"enabled\":\"1\",\"fields\":{\"heading\":\"Event Calendar\",\"body\":\"\",\"location\":\"dallas\"}}},\"4\":\"\",\"3\":\"\"}}', '2016-06-07 14:16:53', '2016-06-07 14:16:53', '323f2f7e-4bfe-4221-a698-941d647ec9b3'),
 ('50', '24', '3', '1', 'en_us', '11', '', '{\"typeId\":\"3\",\"authorId\":\"1\",\"title\":\"North Dallas\",\"slug\":\"north-dallas\",\"postDate\":1458012000,\"expiryDate\":null,\"enabled\":1,\"parentId\":\"7\",\"fields\":{\"5\":{\"25\":{\"type\":\"secondaryHero\",\"enabled\":\"1\",\"fields\":{\"heading\":\"North Dallas\",\"body\":\"<p>Globally syndicate market positioning niches with accurate platforms. Energistically coordinate exceptional e-tailers without open-source functionalities.<\\/p>\",\"contactButton\":\"1\",\"backgroundColor\":\"#000000\",\"backgroundImage\":[\"10\"],\"mapTitle\":\"North Texas Martial Arts\",\"mapContent\":\"<p>17194 Preston Road, Suite 215 <\\/p>\\r\\n\\r\\n<p>Dallas, Texas 75248 <\\/p>\\r\\n\\r\\n<p>972.323.0027<\\/p>\",\"mapAddress\":\"17194 Preston Rd. #215   Dallas , TX United States 75248\",\"flexibleArea\":\"<p>This is a flexible Marketing area. Fill it wil specials, messages or anything else!<\\/p>\"}}},\"4\":\"\",\"3\":\"\"}}', '2016-06-07 14:27:02', '2016-06-07 14:27:02', 'cc4ede47-5c95-43c4-8c46-a53acb095aa7'),
 ('51', '34', '3', '1', 'en_us', '4', '', '{\"typeId\":\"3\",\"authorId\":\"1\",\"title\":\"Freddie Poole Martial\",\"slug\":\"dallas\",\"postDate\":1459032240,\"expiryDate\":null,\"enabled\":1,\"parentId\":\"7\",\"fields\":{\"5\":{\"35\":{\"type\":\"secondaryHero\",\"enabled\":\"1\",\"fields\":{\"heading\":\"Freddie Poole Martial \\u2013 FPMA\",\"body\":\"<p>Freddie Poole Martial Arts is conveniently located in Highland Park, just minutes away from Highland Park High School and McCulloch Intermediate School.&nbsp; We offer classes six days a week and have something for everyone in the family, check out our current class schedule below.<\\/p>\",\"contactButton\":\"1\",\"backgroundColor\":\"#000000\",\"backgroundImage\":[\"38\"],\"mapTitle\":\"Freddie Poole\'s Martial Arts\",\"mapContent\":\"<p>5757 West Lovers Lane, Suite 217<\\/p>\\r\\n\\r\\n<p>TX United States 75209<\\/p>\\r\\n\\r\\n<p><a href=\\\"tel:2143525425\\\">214.352.5425<\\/a><\\/p>\",\"mapAddress\":\"5757 W. Lovers Lane #217 Dallas, TX United States 75209\",\"flexibleArea\":\"<p>This is a flexible Marketing area. Fill it wil specials, messages or anything else!<\\/p>\"}},\"54\":{\"type\":\"events\",\"enabled\":\"1\",\"fields\":{\"heading\":\"Event Calendar\",\"body\":\"\",\"location\":\"dallas\"}}},\"4\":\"\",\"3\":\"\"}}', '2016-06-07 14:51:40', '2016-06-07 14:51:40', 'b9ce7c51-d205-4b60-8867-c830f6816854'),
 ('52', '24', '3', '1', 'en_us', '12', '', '{\"typeId\":\"3\",\"authorId\":\"1\",\"title\":\"NTMA\",\"slug\":\"north-dallas\",\"postDate\":1458012000,\"expiryDate\":null,\"enabled\":1,\"parentId\":\"7\",\"fields\":{\"5\":{\"25\":{\"type\":\"secondaryHero\",\"enabled\":\"1\",\"fields\":{\"heading\":\"North Texas Martial Arts \\u2013 NTMA\",\"body\":\"<p>North Texas Martial Arts is certified partner school of Freddie Poole Martial Arts; we leverage the same martial arts curriculum as FPMA. North Texas Martial Art is led by Master Steve Sosa, a true martial artist with over 30 years of experience and multiple accolades, whose dedicated his passion for martial arts into teaching and coaching students.<\\/p>\",\"contactButton\":\"1\",\"backgroundColor\":\"#000000\",\"backgroundImage\":[\"10\"],\"mapTitle\":\"North Texas Martial Arts\",\"mapContent\":\"<p>17194 Preston Road, Suite 215 <\\/p>\\r\\n\\r\\n<p>Dallas, Texas 75248 <\\/p>\\r\\n\\r\\n\\r\\n\\r\\n<p>972.323.0027<\\/p>\",\"mapAddress\":\"17194 Preston Rd. #215   Dallas , TX United States 75248\",\"flexibleArea\":\"<p>This is a flexible Marketing area. Fill it wil specials, messages or anything else!<\\/p>\"}}},\"4\":\"\",\"3\":\"\"}}', '2016-06-07 15:46:59', '2016-06-07 15:46:59', '62a3e70c-4a9d-432a-b7f0-19f6ba6abed5'),
 ('53', '34', '3', '1', 'en_us', '5', '', '{\"typeId\":\"3\",\"authorId\":\"1\",\"title\":\"FPMA\",\"slug\":\"dallas\",\"postDate\":1459032240,\"expiryDate\":null,\"enabled\":1,\"parentId\":\"7\",\"fields\":{\"5\":{\"35\":{\"type\":\"secondaryHero\",\"enabled\":\"1\",\"fields\":{\"heading\":\"Freddie Poole Martial \\u2013 FPMA\",\"body\":\"<p>Freddie Poole Martial Arts is conveniently located in Highland Park, just minutes away from Highland Park High School and McCulloch Intermediate School.&nbsp; We offer classes six days a week and have something for everyone in the family, check out our current class schedule below.<\\/p>\",\"contactButton\":\"1\",\"backgroundColor\":\"#000000\",\"backgroundImage\":[\"38\"],\"mapTitle\":\"Freddie Poole\'s Martial Arts\",\"mapContent\":\"<p>5757 West Lovers Lane, Suite 217<\\/p>\\r\\n\\r\\n<p>TX United States 75209<\\/p>\\r\\n\\r\\n\\r\\n\\r\\n<p><a href=\\\"tel:2143525425\\\">214.352.5425<\\/a><\\/p>\",\"mapAddress\":\"5757 W. Lovers Lane #217 Dallas, TX United States 75209\",\"flexibleArea\":\"<p>This is a flexible Marketing area. Fill it wil specials, messages or anything else!<\\/p>\"}},\"54\":{\"type\":\"events\",\"enabled\":\"1\",\"fields\":{\"heading\":\"Event Calendar\",\"body\":\"\",\"location\":\"dallas\"}}},\"4\":\"\",\"3\":\"\"}}', '2016-06-07 15:52:50', '2016-06-07 15:52:50', '1b41d557-1152-4fd5-ac33-b0068802b9a3'),
 ('54', '2', '1', '1', 'en_us', '15', '', '{\"typeId\":null,\"authorId\":null,\"title\":\"Home\",\"slug\":\"homepage\",\"postDate\":1457804906,\"expiryDate\":null,\"enabled\":1,\"parentId\":null,\"fields\":{\"5\":{\"15\":{\"type\":\"homeHero\",\"enabled\":\"1\",\"fields\":{\"heading\":\"Kick. Punch. Learn.\",\"body\":\"<p>Freddie Poole\\u2019s Martial Arts \\u00ae offers an exclusive hybrid training system that incorporates the traditional training values and principles of karate and tae-kwon-do with a contemporary system of combat, self-defense and fitness.<\\/p>\",\"backgroundColor\":\"#000000\",\"backgroundImage\":[\"10\"],\"contactButton\":\"1\"}},\"18\":{\"type\":\"homePrograms\",\"enabled\":\"1\",\"fields\":{\"heading\":\"Approach\",\"body\":\"<p>The key to our success is each discipline being introduced in stages to our student, rather than a front-loading program. This methodical approach ensures students are learning and mastering techniques at the highest level, as opposed to just going through motions. Additionally, we have a variety of skilled instructors teaching our programs. This gives students an advantage of learning martial arts from varied perspectives, which enhances the quality of the training. Each instructor at FPMA\\u00ae is trained to recognize a student\\u2019s personality, learning style, and individual needs.<\\/p>\",\"programs\":[\"16\",\"17\"],\"backgroundColor\":\"#000000\",\"backgroundImage\":[\"61\"]}},\"52\":{\"type\":\"homeLocations\",\"enabled\":\"1\",\"fields\":{\"heading\":\"Locations\",\"body\":\"<p>We currently have 2 locations to serve you.&nbsp;<\\/p>\",\"backgroundImage\":[\"11\"]}},\"53\":{\"type\":\"twoColumns\",\"enabled\":\"1\",\"fields\":{\"heading\":\"Outro\",\"bodyLeft\":\"<p>Come see for yourself why our martial arts system has been so popular for so many years. Our black belt instructors are here to help you achieve all your marital art and fitness goals.<\\/p>\",\"bodyRight\":\"\",\"columnsLeft\":\"col-3-of-5\",\"columnsRight\":\"col-2-of-5\",\"backgroundColor\":\"#000000\",\"backgroundImage\":[\"8\"],\"contactButton\":\"1\"}}}}}', '2016-06-08 21:27:43', '2016-06-08 21:27:43', 'f57031d4-f8d7-47f6-b74d-5f74cdbd074b'),
 ('55', '27', '3', '1', 'en_us', '4', '', '{\"typeId\":\"3\",\"authorId\":\"1\",\"title\":\"Staff\",\"slug\":\"staff\",\"postDate\":1458873960,\"expiryDate\":null,\"enabled\":1,\"parentId\":\"5\",\"fields\":{\"5\":{\"28\":{\"type\":\"secondaryHero\",\"enabled\":\"1\",\"fields\":{\"heading\":\"Staff\",\"body\":\"<p>Globally syndicate market positioning niches with accurate platforms. Energistically coordinate exceptional e-tailers without open-source functionalities.<\\/p>\",\"contactButton\":\"1\",\"backgroundColor\":\"#000000\",\"backgroundImage\":[\"41\"],\"mapTitle\":\"\",\"mapContent\":\"\",\"mapAddress\":\"\",\"flexibleArea\":\"\"}},\"29\":{\"type\":\"staff\",\"enabled\":\"1\",\"fields\":{\"image\":[\"64\"],\"staffName\":\"Steve Sosa\",\"staffTitle\":\"Instructor, 7th degree black belt\",\"body\":\"<p>Master Steve Sosa has been an unstoppable, highly skilled martial artist for over 30 years. Master Sosa a 7th degree black belt in karate, trained by legendary martial artists such as Tim Kirby, Allen Steen, Ray McCallum, Billye Jackson, and Demetrius \\u201cThe Greek\\u201d Havanas - the original members of \\u201cTexas Blood \\u2018n\\u2019 Guts\\u201d karate in the Dallas area.&nbsp;<\\/p>\\r\\n\\r\\n<p>Master Sosa is a passionate trainer who has amassed several prestigious accolades in Martial Arts tournaments including \\u201cThe Golden Greek\\u201d which is the highest award given by the Amateur Organization of Karate. Master Sosa was also honored with the Positive Coaching Alliance\\u2019s Double-Goal Coaching Award, awarded to coaches who implement positive life skills, work ethic and drive into their students training.&nbsp;<\\/p>\\r\\n\\r\\n\\r\\n\\r\\n<p>In 2010 Master Sosa started North Texas Martial Arts (NTMA), which ultimately joined Freddie Poole Martial Arts in 2015.<\\/p>\"}},\"30\":{\"type\":\"staff\",\"enabled\":\"1\",\"fields\":{\"image\":[\"62\"],\"staffName\":\"Jayda Clayton\",\"staffTitle\":\"Instructor, 2nd degree black belt\",\"body\":\"<p>Jayda Clayton, a 2nd degree black belt, began her training in January 2007 at the ripe old age of 4. A prodigy of Master Steven Sosa, Jayda received her yellow and brown belts in 2007 and 2009, respectively. At age 7, Jayda became Master Sosa\\u2019s first and youngest student to receive her black belt. Jayda has competed in numerous local, state and national karate competitions and won over 60 trophies in sparring and kata competitions with over 40 of them being first place positions.<\\/p>\"}},\"31\":{\"type\":\"staff\",\"enabled\":\"1\",\"fields\":{\"image\":[\"44\"],\"staffName\":\"Westin Poole\",\"staffTitle\":\"Instructor, 3rd degree black belt\",\"body\":\"<p>Westin Poole\\u2019s love for karate kicked in as a kid when began training in martial arts at the age of 6. By 2009, Westin was a certified 1st degree black belt and has no plans of slowing down. He has been teaching for almost eight years and enjoys working with children. The mission behind his teaching is inspiring his students to reach their goals and see the benefits of their hard work.&nbsp;<\\/p>\"}},\"65\":{\"type\":\"staff\",\"enabled\":\"1\",\"fields\":{\"image\":\"\",\"staffName\":\"Vanny Boon\",\"staffTitle\":\"Instructor, 5th degree black belt, Saekson Muay Thai \",\"body\":\"<p>Master Vanny Boon is a certified 5th degree black belt skilled in various forms of martial arts including Taekwondo Do, Muay Thai, Brazilian Jiu jitsu and Boxing. Master Boon\\u2019s passion and experience for martial arts began when he started training at the age of 5 and spans over 25 years; Master Boon trained under Grand Master Hong, Master Freddie Poole and Muay Thai world champion Saekson Janjira.<\\/p>\"}},\"66\":{\"type\":\"staff\",\"enabled\":\"1\",\"fields\":{\"image\":[\"48\"],\"staffName\":\"Johnny Rodriguez\",\"staffTitle\":\"Instructor, Machado black belt\",\"body\":\"<p>Professor Johnny Rodriguez is a highly skilled black belt in Brazilian Jiu-Jitsu with over 20 years of training in several martial art forms including Kenpo karate, Aikido, Judo and Muay Thai. Professor Rodriguez teaches workshops, self-defense seminars, and has previously worked in law enforcement. &nbsp;Professor Rodriguez actively coaches students in preparation for BJJ tournaments and MMA bouts and still competes in many Brazilian jiu-jitsu tournaments.&nbsp;<\\/p>\"}},\"67\":{\"type\":\"staff\",\"enabled\":\"1\",\"fields\":{\"image\":[\"49\"],\"staffName\":\"Gerardo Mulas\",\"staffTitle\":\"Instructor, Certified Personal Trainer, Yoga\",\"body\":\"<p>Gerardo Mulas is a certified personal trainer, yoga and martial arts expert whose mission is educating students the benefits of fitness and health and wellness goals. Gerardo specializes in sports performance, weight loss, injury rehabilitation, stress relief, nutritional counseling and meal planning. Gerardo has over two decades of professional and collegiate athletics under his belt, along with extensive training in kickboxing, boxing and grappling.<\\/p>\"}},\"68\":{\"type\":\"staff\",\"enabled\":\"1\",\"fields\":{\"image\":[\"50\"],\"staffName\":\"Randy Stem\",\"staffTitle\":\"Instructor, 5th degree black belt, fitness trainer \",\"body\":\"<p>Randy Stem is a 5th degree black belt trained in Karate, Kickboxing, and Judo and currently in Brazilian Jiu-Jitsu. Randy studied under the teachings of Allen Steen, widely recognized as the \'Father of American Taekwondo\', and has over 45 years of experience mastering martial arts. Randy strongly encourages his students to build a firm foundation in martial arts early on by focusing on the development of basic fundamental motor skills and concepts.<\\/p>\"}},\"69\":{\"type\":\"staff\",\"enabled\":\"1\",\"fields\":{\"image\":[\"43\"],\"staffName\":\"Sovandy Om\",\"staffTitle\":\"Instructor, 5th degree black belt\",\"body\":\"<p>Master Sovandy Om is a 5th degree black belt, kickboxing fitness certified trainer and a FPMA student favorite. Master Om has trained extensively in Tae Kwon Do, MMA, Gymnastic, as well as Crossfit. Along with a passion for martial arts, Master Om has an even bigger passion for fitness. Master Om works tirelessly with helping the students execute proper technique to achieve the maximum benefits, as well as helping students reach and exceed their fitness goals.<\\/p>\"}},\"70\":{\"type\":\"staff\",\"enabled\":\"1\",\"fields\":{\"image\":[\"46\"],\"staffName\":\"Alex Garcia\",\"staffTitle\":\"Instructor, 2nd degree black belt\",\"body\":\"<p>Alex Garcia is a 2nd degree black belt in Tae Kwon Do who gravitated towards the world of martial arts at the age of 4. Alex soon began training to develop and perfect his skills for martial arts and became a student at Freddie Poole\'s Martial Arts at the age of 10. Within 2 years, Alex\\u2019s dedication transformed him into an avid competitor, in which Alex received several 1st place wins in state martial arts championships.<\\/p>\"}},\"71\":{\"type\":\"staff\",\"enabled\":\"1\",\"fields\":{\"image\":[\"45\"],\"staffName\":\"Nathan Bagby\",\"staffTitle\":\"Instructor, 3rd degree black belt, Muay Thai \",\"body\":\"<p>Nathanael \\u201cNathan\\u201d Bagby is a 3rd degree black belt and an accomplished Muay Thai fighter and instructor. Nathan first became interested and started training in martial arts at the age of 8, and in the past 25 years, has trained in Isshinryu Karate, Eskrima, Tae Kwon Do, American Kickboxing, Brazilian Jiu Jitsu, Close Quarter Combat, Boxing, and Muay Thai. &nbsp;Nathan has gone on to compete in several amateur and professional kickboxing and Muay Thai bouts.&nbsp;<\\/p>\"}},\"72\":{\"type\":\"staff\",\"enabled\":\"1\",\"fields\":{\"image\":\"\",\"staffName\":\"Mike Rose\",\"staffTitle\":\"Instructor, Machado black belt \",\"body\":\"<p>Mike Rose has over 25 years of martial arts training, competition, and teaching experience in both Judo and Brazilian Jiu Jitsu. Mike started training in Judo in 1992, when he received his black belt. In 1998, under the teachings of Greg Nelson, Mike began training in Brazilian Jiu Jitsu and received his blue belt in 1999 and his black belt in 2009.<\\/p>\"}}},\"4\":\"\",\"3\":\"\"}}', '2016-06-11 03:22:05', '2016-06-11 03:22:05', '20bea140-2c48-4f72-b9ec-c7c4cf650849'),
 ('56', '27', '3', '1', 'en_us', '5', '', '{\"typeId\":\"3\",\"authorId\":\"1\",\"title\":\"Staff\",\"slug\":\"staff\",\"postDate\":1458873960,\"expiryDate\":null,\"enabled\":1,\"parentId\":\"5\",\"fields\":{\"5\":{\"28\":{\"type\":\"secondaryHero\",\"enabled\":\"1\",\"fields\":{\"heading\":\"Staff\",\"body\":\"<p>Our instructors have spent many years perfecting the martial arts craft and continue to go through extensive testing training and certifications to ensure that we are able to provide our students with the best care and instruction. <\\/p>\\r\\n\\r\\n\\r\\n\\r\\n<p>Here, we\\u2019re family and we truly enjoy what we do and we enjoy sharing that passion with others. Collectively we invest in each student, as we feel that their success is our success!&nbsp;<\\/p>\",\"contactButton\":\"1\",\"backgroundColor\":\"#000000\",\"backgroundImage\":[\"41\"],\"mapTitle\":\"\",\"mapContent\":\"\",\"mapAddress\":\"\",\"flexibleArea\":\"\"}},\"29\":{\"type\":\"staff\",\"enabled\":\"1\",\"fields\":{\"image\":[\"64\"],\"staffName\":\"Steve Sosa\",\"staffTitle\":\"Instructor, 7th degree black belt\",\"body\":\"<p>Master Steve Sosa has been an unstoppable, highly skilled martial artist for over 30 years. Master Sosa a 7th degree black belt in karate, trained by legendary martial artists such as Tim Kirby, Allen Steen, Ray McCallum, Billye Jackson, and Demetrius \\u201cThe Greek\\u201d Havanas - the original members of \\u201cTexas Blood \\u2018n\\u2019 Guts\\u201d karate in the Dallas area.&nbsp;<\\/p>\\r\\n\\r\\n<p>Master Sosa is a passionate trainer who has amassed several prestigious accolades in Martial Arts tournaments including \\u201cThe Golden Greek\\u201d which is the highest award given by the Amateur Organization of Karate. Master Sosa was also honored with the Positive Coaching Alliance\\u2019s Double-Goal Coaching Award, awarded to coaches who implement positive life skills, work ethic and drive into their students training.&nbsp;<\\/p>\\r\\n\\r\\n\\r\\n\\r\\n\\r\\n\\r\\n\\r\\n\\r\\n<p>In 2010 Master Sosa started North Texas Martial Arts (NTMA), which ultimately joined Freddie Poole Martial Arts in 2015.<\\/p>\"}},\"30\":{\"type\":\"staff\",\"enabled\":\"1\",\"fields\":{\"image\":[\"62\"],\"staffName\":\"Jayda Clayton\",\"staffTitle\":\"Instructor, 2nd degree black belt\",\"body\":\"<p>Jayda Clayton, a 2nd degree black belt, began her training in January 2007 at the ripe old age of 4. A prodigy of Master Steven Sosa, Jayda received her yellow and brown belts in 2007 and 2009, respectively. At age 7, Jayda became Master Sosa\\u2019s first and youngest student to receive her black belt. Jayda has competed in numerous local, state and national karate competitions and won over 60 trophies in sparring and kata competitions with over 40 of them being first place positions.<\\/p>\"}},\"31\":{\"type\":\"staff\",\"enabled\":\"1\",\"fields\":{\"image\":[\"44\"],\"staffName\":\"Westin Poole\",\"staffTitle\":\"Instructor, 3rd degree black belt\",\"body\":\"<p>Westin Poole\\u2019s love for karate kicked in as a kid when began training in martial arts at the age of 6. By 2009, Westin was a certified 1st degree black belt and has no plans of slowing down. He has been teaching for almost eight years and enjoys working with children. The mission behind his teaching is inspiring his students to reach their goals and see the benefits of their hard work.&nbsp;<\\/p>\"}},\"65\":{\"type\":\"staff\",\"enabled\":\"1\",\"fields\":{\"image\":\"\",\"staffName\":\"Vanny Boon\",\"staffTitle\":\"Instructor, 5th degree black belt, Saekson Muay Thai \",\"body\":\"<p>Master Vanny Boon is a certified 5th degree black belt skilled in various forms of martial arts including Taekwondo Do, Muay Thai, Brazilian Jiu jitsu and Boxing. Master Boon\\u2019s passion and experience for martial arts began when he started training at the age of 5 and spans over 25 years; Master Boon trained under Grand Master Hong, Master Freddie Poole and Muay Thai world champion Saekson Janjira.<\\/p>\"}},\"66\":{\"type\":\"staff\",\"enabled\":\"1\",\"fields\":{\"image\":[\"48\"],\"staffName\":\"Johnny Rodriguez\",\"staffTitle\":\"Instructor, Machado black belt\",\"body\":\"<p>Professor Johnny Rodriguez is a highly skilled black belt in Brazilian Jiu-Jitsu with over 20 years of training in several martial art forms including Kenpo karate, Aikido, Judo and Muay Thai. Professor Rodriguez teaches workshops, self-defense seminars, and has previously worked in law enforcement. &nbsp;Professor Rodriguez actively coaches students in preparation for BJJ tournaments and MMA bouts and still competes in many Brazilian jiu-jitsu tournaments.&nbsp;<\\/p>\"}},\"67\":{\"type\":\"staff\",\"enabled\":\"1\",\"fields\":{\"image\":[\"49\"],\"staffName\":\"Gerardo Mulas\",\"staffTitle\":\"Instructor, Certified Personal Trainer, Yoga\",\"body\":\"<p>Gerardo Mulas is a certified personal trainer, yoga and martial arts expert whose mission is educating students the benefits of fitness and health and wellness goals. Gerardo specializes in sports performance, weight loss, injury rehabilitation, stress relief, nutritional counseling and meal planning. Gerardo has over two decades of professional and collegiate athletics under his belt, along with extensive training in kickboxing, boxing and grappling.<\\/p>\"}},\"68\":{\"type\":\"staff\",\"enabled\":\"1\",\"fields\":{\"image\":[\"50\"],\"staffName\":\"Randy Stem\",\"staffTitle\":\"Instructor, 5th degree black belt, fitness trainer \",\"body\":\"<p>Randy Stem is a 5th degree black belt trained in Karate, Kickboxing, and Judo and currently in Brazilian Jiu-Jitsu. Randy studied under the teachings of Allen Steen, widely recognized as the \'Father of American Taekwondo\', and has over 45 years of experience mastering martial arts. Randy strongly encourages his students to build a firm foundation in martial arts early on by focusing on the development of basic fundamental motor skills and concepts.<\\/p>\"}},\"69\":{\"type\":\"staff\",\"enabled\":\"1\",\"fields\":{\"image\":[\"43\"],\"staffName\":\"Sovandy Om\",\"staffTitle\":\"Instructor, 5th degree black belt\",\"body\":\"<p>Master Sovandy Om is a 5th degree black belt, kickboxing fitness certified trainer and a FPMA student favorite. Master Om has trained extensively in Tae Kwon Do, MMA, Gymnastic, as well as Crossfit. Along with a passion for martial arts, Master Om has an even bigger passion for fitness. Master Om works tirelessly with helping the students execute proper technique to achieve the maximum benefits, as well as helping students reach and exceed their fitness goals.<\\/p>\"}},\"70\":{\"type\":\"staff\",\"enabled\":\"1\",\"fields\":{\"image\":[\"46\"],\"staffName\":\"Alex Garcia\",\"staffTitle\":\"Instructor, 2nd degree black belt\",\"body\":\"<p>Alex Garcia is a 2nd degree black belt in Tae Kwon Do who gravitated towards the world of martial arts at the age of 4. Alex soon began training to develop and perfect his skills for martial arts and became a student at Freddie Poole\'s Martial Arts at the age of 10. Within 2 years, Alex\\u2019s dedication transformed him into an avid competitor, in which Alex received several 1st place wins in state martial arts championships.<\\/p>\"}},\"71\":{\"type\":\"staff\",\"enabled\":\"1\",\"fields\":{\"image\":[\"45\"],\"staffName\":\"Nathan Bagby\",\"staffTitle\":\"Instructor, 3rd degree black belt, Muay Thai \",\"body\":\"<p>Nathanael \\u201cNathan\\u201d Bagby is a 3rd degree black belt and an accomplished Muay Thai fighter and instructor. Nathan first became interested and started training in martial arts at the age of 8, and in the past 25 years, has trained in Isshinryu Karate, Eskrima, Tae Kwon Do, American Kickboxing, Brazilian Jiu Jitsu, Close Quarter Combat, Boxing, and Muay Thai. &nbsp;Nathan has gone on to compete in several amateur and professional kickboxing and Muay Thai bouts.&nbsp;<\\/p>\"}},\"72\":{\"type\":\"staff\",\"enabled\":\"1\",\"fields\":{\"image\":\"\",\"staffName\":\"Mike Rose\",\"staffTitle\":\"Instructor, Machado black belt \",\"body\":\"<p>Mike Rose has over 25 years of martial arts training, competition, and teaching experience in both Judo and Brazilian Jiu Jitsu. Mike started training in Judo in 1992, when he received his black belt. In 1998, under the teachings of Greg Nelson, Mike began training in Brazilian Jiu Jitsu and received his blue belt in 1999 and his black belt in 2009.<\\/p>\"}}},\"4\":\"\",\"3\":\"\"}}', '2016-06-15 02:55:56', '2016-06-15 02:55:56', 'ce165510-e7bd-49e9-ab3b-fde9cfbe64dc'),
 ('57', '73', '3', '1', 'en_us', '1', '', '{\"typeId\":\"3\",\"authorId\":\"1\",\"title\":\"About Freddie\",\"slug\":\"about-freddie\",\"postDate\":1465959376,\"expiryDate\":null,\"enabled\":1,\"parentId\":\"\",\"fields\":{\"5\":\"\",\"4\":\"\",\"3\":\"\"}}', '2016-06-15 02:56:16', '2016-06-15 02:56:16', '1193974d-8afa-4cae-8beb-e704932e2c26'),
 ('58', '73', '3', '1', 'en_us', '2', '', '{\"typeId\":\"3\",\"authorId\":\"1\",\"title\":\"About Freddie\",\"slug\":\"about-freddie\",\"postDate\":1465959360,\"expiryDate\":null,\"enabled\":1,\"parentId\":\"5\",\"fields\":{\"5\":{\"new1\":{\"type\":\"secondaryHero\",\"enabled\":\"1\",\"fields\":{\"heading\":\"About Freddie\",\"body\":\"<p>Freddie Poole began martial arts training in 1981, at the age of seven years old. He began studying at Southwest Karate Academy under Demetrius \\u201cGolden Greek\\u201d Havanas. Southwest Karate Academy produced some of the best martial arts champions and competitors in the world, at that time. The 80\\u2019s were the tail end of the \\u201cTexas Blood and Guts\\u201d era of martial arts. The lineage began with Jhoon Rhee and his first black belt was Allen Steen. Steen went on to train many black belts and students and Texas was known for producing some of the best fighters in the country. Tim Kirby, Billye Jackson, Raymond McCallum, Santae Wilson Jr. and Cliff Thomas were some of the world-class competitors who had influence over Poole\\u2019s training and development.<\\/p>\",\"contactButton\":\"1\",\"backgroundColor\":\"#000000\",\"backgroundImage\":[\"36\"],\"mapTitle\":\"\",\"mapContent\":\"\",\"mapAddress\":\"\",\"flexibleArea\":\"\"}},\"new2\":{\"type\":\"oneColumn\",\"enabled\":\"1\",\"fields\":{\"heading\":\"\",\"body\":\"<h3>As a young brown belt, Poole began teaching at Sun Belt Karate Academy by assisting younger and lower ranking students with warm-ups, kick punch technique and forms. It was not uncommon to see Poole leading an adult class at 12 years old.<\\/h3>\\r\\n\\r\\n<p>Poole received his 1st degree black belt in 1986, under Tim Kirby, Billye Jackson and Raymond McCallum. Poole competed in the AOK and was a top ranked competitor in forms and fighting for many years as a junior competitor.<\\/p>\\r\\n\\r\\n<p>Poole began training with long time friend and kickboxing champion Guy Mezger in 1993. Poole began honing his boxing and kickboxing skills with Mezger, Billye Jackson, Santae Wilson Jr. and Coach Charles Brown and went on to win a national title in 1997, which earned a spot on the US National Kickboxing team.<\\/p>\\r\\n\\r\\n<p>Poole\\u2019s boxing experience comes from training with some of the best coaches in the business. Phil Sawyer and Olympic Boxing Bronze medalist Charles Brown have influenced Poole in his boxing training, as well as Golden Gloves Champion Alex Andrade.<\\/p>\\r\\n\\r\\n<p>Poole has several years of Muay Thai experience, training with Francisco Sanchez of New World Combat, as well as World Muay Thai champion and MMA veteran Pete Spratt and Muay Thai champion Jason House.<\\/p>\\r\\n\\r\\n<p>Poole\\u2019s Judo experience comes from training with Master Vince Tamura and Judo Black Belt Rico Castro.<\\/p>\\r\\n\\r\\n<p>Poole currently trains under the tutelage of 8th degree Brazilian Jiu Jitsu master, Carlos Machado, where he holds a brown belt and is a proud affiliate of Machado Jiu Jitsu. Poole has also trained with many talented Brazilian Jiu Jitsu black belts including Kenny McClure, Jeff Sawyer, Rico Castro and Taryn Douglas.<\\/p>\\r\\n\\r\\n<p>Poole has competed all over the United States and internationally in Europe, winning a KICK International title in 2004 along with many team karate titles from 1999-2004. Poole also fought for Team Texas in Chuck Norris\\u2019s televised fight league, The World Combat League.<\\/p>\\r\\n\\r\\n<p>Poole has taken his vast knowledge of martial arts and created a well-rounded training system for all ages. Freddie Poole\\u2019s Martial Arts is the most balanced martial arts training system, combining traditional training elements with practical real world application. By integrating both of these elements into one system, one can truly train in mixed martial arts.<\\/p>\\r\\n\\r\\n\\r\\n\\r\\n<p>Since opening its doors in 2004, Freddie Poole\'s Martial Arts has been impacting thousands&nbsp;of&nbsp;lives in the community. Our friendly staff looks forward each day to helping our students achieve their goals. Although standards are set high, each student at FPMA is evaluated on an individual basis to ensure progression on their own timeline. This approach ensures students achieve and&nbsp;earn rank on their own merit.&nbsp;We encourage our students to trust the process and enjoy it. Earning a black belt at FPMA is a once in a lifetime experience!<\\/p>\",\"backgroundColor\":\"#000000\",\"backgroundImage\":\"\"}}},\"4\":\"\",\"3\":\"\"}}', '2016-06-15 02:59:06', '2016-06-15 02:59:06', '3838e336-f31e-4539-bb84-8562d4965d81'),
 ('59', '73', '3', '1', 'en_us', '3', '', '{\"typeId\":\"3\",\"authorId\":\"1\",\"title\":\"About Freddie\",\"slug\":\"about-freddie\",\"postDate\":1465959360,\"expiryDate\":null,\"enabled\":1,\"parentId\":\"5\",\"fields\":{\"5\":{\"75\":{\"type\":\"secondaryHero\",\"enabled\":\"1\",\"fields\":{\"heading\":\"About Freddie\",\"body\":\"<p>Freddie Poole began martial arts training in 1981, at the age of seven years old. He began studying at Southwest Karate Academy under Demetrius \\u201cGolden Greek\\u201d Havanas. Southwest Karate Academy produced some of the best martial arts champions and competitors in the world, at that time. The 80\\u2019s were the tail end of the \\u201cTexas Blood and Guts\\u201d era of martial arts. The lineage began with Jhoon Rhee and his first black belt was Allen Steen. Steen went on to train many black belts and students and Texas was known for producing some of the best fighters in the country. Tim Kirby, Billye Jackson, Raymond McCallum, Santae Wilson Jr. and Cliff Thomas were some of the world-class competitors who had influence over Poole\\u2019s training and development.<\\/p>\",\"contactButton\":\"1\",\"backgroundColor\":\"#000000\",\"backgroundImage\":[\"36\"],\"mapTitle\":\"\",\"mapContent\":\"\",\"mapAddress\":\"\",\"flexibleArea\":\"\"}},\"76\":{\"type\":\"oneColumn\",\"enabled\":\"1\",\"fields\":{\"heading\":\"\",\"body\":\"<h4>As a young brown belt, Poole began teaching at Sun Belt Karate Academy by assisting younger and lower ranking students with warm-ups, kick punch technique and forms. It was not uncommon to see Poole leading an adult class at 12 years old.<\\/h4>\\r\\n\\r\\n<p>Poole received his 1st degree black belt in 1986, under Tim Kirby, Billye Jackson and Raymond McCallum. Poole competed in the AOK and was a top ranked competitor in forms and fighting for many years as a junior competitor.<\\/p>\\r\\n\\r\\n\\r\\n\\r\\n\\r\\n\\r\\n<p>Poole began training with long time friend and kickboxing champion Guy Mezger in 1993. Poole began honing his boxing and kickboxing skills with Mezger, Billye Jackson, Santae Wilson Jr. and Coach Charles Brown and went on to win a national title in 1997, which earned a spot on the US National Kickboxing team.<\\/p>\\r\\n\\r\\n\\r\\n\\r\\n\\r\\n\\r\\n<p>Poole\\u2019s boxing experience comes from training with some of the best coaches in the business. Phil Sawyer and Olympic Boxing Bronze medalist Charles Brown have influenced Poole in his boxing training, as well as Golden Gloves Champion Alex Andrade.<\\/p>\\r\\n\\r\\n\\r\\n\\r\\n\\r\\n\\r\\n<p>Poole has several years of Muay Thai experience, training with Francisco Sanchez of New World Combat, as well as World Muay Thai champion and MMA veteran Pete Spratt and Muay Thai champion Jason House.<\\/p>\\r\\n\\r\\n\\r\\n\\r\\n\\r\\n\\r\\n<p>Poole\\u2019s Judo experience comes from training with Master Vince Tamura and Judo Black Belt Rico Castro.<\\/p>\\r\\n\\r\\n\\r\\n\\r\\n\\r\\n\\r\\n<p>Poole currently trains under the tutelage of 8th degree Brazilian Jiu Jitsu master, Carlos Machado, where he holds a brown belt and is a proud affiliate of Machado Jiu Jitsu. Poole has also trained with many talented Brazilian Jiu Jitsu black belts including Kenny McClure, Jeff Sawyer, Rico Castro and Taryn Douglas.<\\/p>\\r\\n\\r\\n\\r\\n\\r\\n\\r\\n\\r\\n<p>Poole has competed all over the United States and internationally in Europe, winning a KICK International title in 2004 along with many team karate titles from 1999-2004. Poole also fought for Team Texas in Chuck Norris\\u2019s televised fight league, The World Combat League.<\\/p>\\r\\n\\r\\n\\r\\n\\r\\n\\r\\n\\r\\n<p>Poole has taken his vast knowledge of martial arts and created a well-rounded training system for all ages. Freddie Poole\\u2019s Martial Arts is the most balanced martial arts training system, combining traditional training elements with practical real world application. By integrating both of these elements into one system, one can truly train in mixed martial arts.<\\/p>\\r\\n\\r\\n\\r\\n\\r\\n\\r\\n\\r\\n\\r\\n\\r\\n<p>Since opening its doors in 2004, Freddie Poole\'s Martial Arts has been impacting thousands&nbsp;of&nbsp;lives in the community. Our friendly staff looks forward each day to helping our students achieve their goals. Although standards are set high, each student at FPMA is evaluated on an individual basis to ensure progression on their own timeline. This approach ensures students achieve and&nbsp;earn rank on their own merit.&nbsp;We encourage our students to trust the process and enjoy it. Earning a black belt at FPMA is a once in a lifetime experience!<\\/p>\",\"backgroundColor\":\"#000000\",\"backgroundImage\":\"\"}}},\"4\":\"\",\"3\":\"\"}}', '2016-06-15 03:01:06', '2016-06-15 03:01:06', 'cb380721-95fd-47fe-bc5b-1afdb59a6d71'),
 ('60', '73', '3', '1', 'en_us', '4', '', '{\"typeId\":\"3\",\"authorId\":\"1\",\"title\":\"About Freddie\",\"slug\":\"about-freddie\",\"postDate\":1465959360,\"expiryDate\":null,\"enabled\":1,\"parentId\":\"5\",\"fields\":{\"5\":{\"75\":{\"type\":\"secondaryHero\",\"enabled\":\"1\",\"fields\":{\"heading\":\"About Freddie\",\"body\":\"<p>Freddie Poole began martial arts training in 1981, at the age of seven years old. He began studying at Southwest Karate Academy under Demetrius \\u201cGolden Greek\\u201d Havanas. Southwest Karate Academy produced some of the best martial arts champions and competitors in the world, at that time. The 80\\u2019s were the tail end of the \\u201cTexas Blood and Guts\\u201d era of martial arts. The lineage began with Jhoon Rhee and his first black belt was Allen Steen. Steen went on to train many black belts and students and Texas was known for producing some of the best fighters in the country. Tim Kirby, Billye Jackson, Raymond McCallum, Santae Wilson Jr. and Cliff Thomas were some of the world-class competitors who had influence over Poole\\u2019s training and development.<\\/p>\",\"contactButton\":\"1\",\"backgroundColor\":\"#000000\",\"backgroundImage\":[\"36\"],\"mapTitle\":\"\",\"mapContent\":\"\",\"mapAddress\":\"\",\"flexibleArea\":\"\"}},\"76\":{\"type\":\"oneColumn\",\"enabled\":\"1\",\"fields\":{\"heading\":\"\",\"body\":\"<h3>As a young brown belt, Poole began teaching at Sun Belt Karate Academy by assisting younger and lower ranking students with warm-ups, kick punch technique and forms. It was not uncommon to see Poole leading an adult class at 12 years old.<\\/h3>\\r\\n\\r\\n<p>Poole received his 1st degree black belt in 1986, under Tim Kirby, Billye Jackson and Raymond McCallum. Poole competed in the AOK and was a top ranked competitor in forms and fighting for many years as a junior competitor.<\\/p>\\r\\n\\r\\n\\r\\n\\r\\n\\r\\n\\r\\n\\r\\n\\r\\n<p>Poole began training with long time friend and kickboxing champion Guy Mezger in 1993. Poole began honing his boxing and kickboxing skills with Mezger, Billye Jackson, Santae Wilson Jr. and Coach Charles Brown and went on to win a national title in 1997, which earned a spot on the US National Kickboxing team.<\\/p>\\r\\n\\r\\n\\r\\n\\r\\n\\r\\n\\r\\n\\r\\n\\r\\n<p>Poole\\u2019s boxing experience comes from training with some of the best coaches in the business. Phil Sawyer and Olympic Boxing Bronze medalist Charles Brown have influenced Poole in his boxing training, as well as Golden Gloves Champion Alex Andrade.<\\/p>\\r\\n\\r\\n\\r\\n\\r\\n\\r\\n\\r\\n\\r\\n\\r\\n<p>Poole has several years of Muay Thai experience, training with Francisco Sanchez of New World Combat, as well as World Muay Thai champion and MMA veteran Pete Spratt and Muay Thai champion Jason House.<\\/p>\\r\\n\\r\\n\\r\\n\\r\\n\\r\\n\\r\\n\\r\\n\\r\\n<p>Poole\\u2019s Judo experience comes from training with Master Vince Tamura and Judo Black Belt Rico Castro.<\\/p>\\r\\n\\r\\n\\r\\n\\r\\n\\r\\n\\r\\n\\r\\n\\r\\n<p>Poole currently trains under the tutelage of 8th degree Brazilian Jiu Jitsu master, Carlos Machado, where he holds a brown belt and is a proud affiliate of Machado Jiu Jitsu. Poole has also trained with many talented Brazilian Jiu Jitsu black belts including Kenny McClure, Jeff Sawyer, Rico Castro and Taryn Douglas.<\\/p>\\r\\n\\r\\n\\r\\n\\r\\n\\r\\n\\r\\n\\r\\n\\r\\n<p>Poole has competed all over the United States and internationally in Europe, winning a KICK International title in 2004 along with many team karate titles from 1999-2004. Poole also fought for Team Texas in Chuck Norris\\u2019s televised fight league, The World Combat League.<\\/p>\\r\\n\\r\\n\\r\\n\\r\\n\\r\\n\\r\\n\\r\\n\\r\\n<p>Poole has taken his vast knowledge of martial arts and created a well-rounded training system for all ages. Freddie Poole\\u2019s Martial Arts is the most balanced martial arts training system, combining traditional training elements with practical real world application. By integrating both of these elements into one system, one can truly train in mixed martial arts.<\\/p>\\r\\n\\r\\n\\r\\n\\r\\n\\r\\n\\r\\n\\r\\n\\r\\n\\r\\n\\r\\n<p>Since opening its doors in 2004, Freddie Poole\'s Martial Arts has been impacting thousands&nbsp;of&nbsp;lives in the community. Our friendly staff looks forward each day to helping our students achieve their goals. Although standards are set high, each student at FPMA is evaluated on an individual basis to ensure progression on their own timeline. This approach ensures students achieve and&nbsp;earn rank on their own merit.&nbsp;We encourage our students to trust the process and enjoy it. Earning a black belt at FPMA is a once in a lifetime experience!<\\/p>\",\"backgroundColor\":\"#000000\",\"backgroundImage\":\"\"}}},\"4\":\"\",\"3\":\"\"}}', '2016-06-15 03:01:20', '2016-06-15 03:01:20', '88789c89-1da5-49a4-9669-d5e02a354f6f'),
 ('61', '33', '3', '1', 'en_us', '4', '', '{\"typeId\":\"3\",\"authorId\":\"1\",\"title\":\"Specials\",\"slug\":\"specials\",\"postDate\":1458879720,\"expiryDate\":null,\"enabled\":1,\"parentId\":\"\",\"fields\":{\"5\":{\"55\":{\"type\":\"secondaryHero\",\"enabled\":\"1\",\"fields\":{\"heading\":\"Specials\",\"body\":\"<p>We pride ourselves in offering superior service and training for parents and kids. Outside of our extensive martial arts programs offered at both of our Dallas locations, FPMA offers various extra personal services that are very educational, affordable and definitely FUN! From private birthday celebrations to women\\u2019s self-defense classes, there\\u2019s a special FPMA Extra for everyone.<\\/p>\",\"contactButton\":\"1\",\"backgroundColor\":\"#000000\",\"backgroundImage\":[\"40\"],\"mapTitle\":\"\",\"mapContent\":\"\",\"mapAddress\":\"\",\"flexibleArea\":\"\"}},\"56\":{\"type\":\"oneColumn\",\"enabled\":\"1\",\"fields\":{\"heading\":\"Parent\\u2019s Nights Out\",\"body\":\"<p>Seamlessly target business web services for standardized schemas. Authoritatively transform ethical core competencies and excellent materials. Professionally exploit sustainable data for e-business systems. Collaboratively procrastinate standards compliant deliverables rather than value-added architectures. Rapidiously recaptiualize intuitive paradigms via collaborative testing procedures. Competently myocardinate sticky mindshare for competitive resources. Intrinsicly enable economically sound potentialities with enterprise-wide sources.&nbsp;<\\/p>\",\"backgroundColor\":\"#000000\",\"backgroundImage\":\"\"}},\"57\":{\"type\":\"oneColumn\",\"enabled\":\"1\",\"fields\":{\"heading\":\"Birthday Parties\",\"body\":\"<p>Seamlessly target business web services for standardized schemas. Authoritatively transform ethical core competencies and excellent materials. Professionally exploit sustainable data for e-business systems. Collaboratively procrastinate standards compliant deliverables rather than value-added architectures. Rapidiously recaptiualize intuitive paradigms via collaborative testing procedures. Competently myocardinate sticky mindshare for competitive resources. Intrinsicly enable economically sound potentialities with enterprise-wide sources.&nbsp;<br><\\/p>\",\"backgroundColor\":\"#dadada\",\"backgroundImage\":\"\"}},\"58\":{\"type\":\"oneColumn\",\"enabled\":\"1\",\"fields\":{\"heading\":\"Special Events\",\"body\":\"<p>Seamlessly target business web services for standardized schemas. Authoritatively transform ethical core competencies and excellent materials. Professionally exploit sustainable data for e-business systems. Collaboratively procrastinate standards compliant deliverables rather than value-added architectures. Rapidiously recaptiualize intuitive paradigms via collaborative testing procedures. Competently myocardinate sticky mindshare for competitive resources. Intrinsicly enable economically sound potentialities with enterprise-wide sources.&nbsp;<br><\\/p>\",\"backgroundColor\":\"#000000\",\"backgroundImage\":\"\"}}},\"4\":\"\",\"3\":\"\"}}', '2016-06-15 03:03:18', '2016-06-15 03:03:18', '99581d91-ecfc-4f58-b3cc-95da294dcf02'),
 ('62', '33', '3', '1', 'en_us', '5', '', '{\"typeId\":\"3\",\"authorId\":\"1\",\"title\":\"Specials\",\"slug\":\"specials\",\"postDate\":1458879720,\"expiryDate\":null,\"enabled\":1,\"parentId\":\"\",\"fields\":{\"5\":{\"55\":{\"type\":\"secondaryHero\",\"enabled\":\"1\",\"fields\":{\"heading\":\"Specials\",\"body\":\"<p>We pride ourselves in offering superior service and training for parents and kids. Outside of our extensive martial arts programs offered at both of our Dallas locations, FPMA offers various extra personal services that are very educational, affordable and definitely FUN! From private birthday celebrations to women\\u2019s self-defense classes, there\\u2019s a special FPMA Extra for everyone.<\\/p>\",\"contactButton\":\"1\",\"backgroundColor\":\"#000000\",\"backgroundImage\":[\"40\"],\"mapTitle\":\"\",\"mapContent\":\"\",\"mapAddress\":\"\",\"flexibleArea\":\"\"}},\"56\":{\"type\":\"oneColumn\",\"enabled\":\"1\",\"fields\":{\"heading\":\"Parent\\u2019s Nights Out\",\"body\":\"<p>Got a date night or hang out with the crew night planned and need somewhere to take the kiddos? Bring \\u2018em to FPMA for Parents Night Out (PNO). The PNO program is on specified Saturdays from 5-9pm and welcomes both FPMA students and non-members to join in on a night full of pizza, movies, prizes and fun. <strong><em>Oh, did we mention Nerf gun wars, too?<\\/em><\\/strong> Just give one of our locations a call for more information, pricing and dates for the next PNO.&nbsp;<\\/p>\",\"backgroundColor\":\"#ffffff\",\"backgroundImage\":\"\"}},\"57\":{\"type\":\"oneColumn\",\"enabled\":\"1\",\"fields\":{\"heading\":\"Birthday Parties\",\"body\":\"<p>Celebrate the birthday for your little martial artists Freddie Poole style! FPMA offers a personal experience with one of our many skilled instructors, ready to teach all of the little partiers some exciting new martial arts moves and put a unique spin on a birthday celebrations. Decorations, music and food are welcome. Interested in having your kid\\u2019s next birthday celebration at FPMA? Give one of our locations a call for more information.<\\/p>\",\"backgroundColor\":\"#dadada\",\"backgroundImage\":\"\"}},\"58\":{\"type\":\"oneColumn\",\"enabled\":\"1\",\"fields\":{\"heading\":\"Special Events\",\"body\":\"<p>FPMA is proud to announce our summer 2016 Karate Camp for kids.<\\/p>\\r\\n\\r\\n<p>Karate Camp is designed for children ages 4-11 and provides the perfect summer getaway for kids interested in learning more about the many forms of martial art. Give you kids the opportunity to learn more about boosting leadership and teamwork skills, building and improving self confidence, self defense techniques, bully awareness as well as fun martial arts games and drills. Choose from 2 summer camp sessions only a $25 deposit required to reserve a spot. Reach out to a FPMA location for more details.<\\/p>\",\"backgroundColor\":\"#000000\",\"backgroundImage\":\"\"}},\"new1\":{\"type\":\"oneColumn\",\"enabled\":\"1\",\"fields\":{\"heading\":\"Women\\u2019s Self Defense Seminars\",\"body\":\"<p>Safety for our members is a major priority for us. FPMA offers self-defense classes for women to learn how to protect themselves and their loved ones from unexpected attacks. Join FPMA for one of our Women\\u2019s Self Defense Seminars in partnership with Not Dead Yet Apparel. Come get hands-on training as we demonstrate various self-defense techniques, learn empowering safety awareness and practices. Attendance is always free, but we accept donations of $25 or more to benefit a designated local non-profit organization. Take the first step by contacting one of our locations for more information.<\\/p>\",\"backgroundColor\":\"#000000\",\"backgroundImage\":\"\"}},\"new2\":{\"type\":\"oneColumn\",\"enabled\":\"1\",\"fields\":{\"heading\":\"Personal Training \",\"body\":\"<p>For the member who wants to learn the valuable techniques of martial arts outside of a group setting, FPMA offers specialized one-on-one training sessions. Members get individually structured personal instruction from one of our certified martial arts trainers. Training sessions are customized to benefit each student in any skill level, from a novice student wanting a more personal experience or an advanced student preparing for competition. <a href=\\\"\\/contact-us#entry:32\\\">Contact one of our two Dallas locations<\\/a> for more details.&nbsp;<\\/p>\",\"backgroundColor\":\"#ffffff\",\"backgroundImage\":\"\"}}},\"4\":\"\",\"3\":\"\"}}', '2016-06-15 03:07:18', '2016-06-15 03:07:18', 'bc707023-ae5e-4b8b-b8b2-ffd555a9385e'),
 ('63', '33', '3', '1', 'en_us', '6', '', '{\"typeId\":\"3\",\"authorId\":\"1\",\"title\":\"Specials\",\"slug\":\"specials\",\"postDate\":1458879720,\"expiryDate\":null,\"enabled\":1,\"parentId\":\"\",\"fields\":{\"5\":{\"55\":{\"type\":\"secondaryHero\",\"enabled\":\"1\",\"fields\":{\"heading\":\"Specials\",\"body\":\"<p>We pride ourselves in offering superior service and training for parents and kids. Outside of our extensive martial arts programs offered at both of our Dallas locations, FPMA offers various extra personal services that are very educational, affordable and definitely FUN! From private birthday celebrations to women\\u2019s self-defense classes, there\\u2019s a special FPMA Extra for everyone.<\\/p>\",\"contactButton\":\"1\",\"backgroundColor\":\"#000000\",\"backgroundImage\":[\"40\"],\"mapTitle\":\"\",\"mapContent\":\"\",\"mapAddress\":\"\",\"flexibleArea\":\"\"}},\"56\":{\"type\":\"oneColumn\",\"enabled\":\"1\",\"fields\":{\"heading\":\"Parent\\u2019s Nights Out\",\"body\":\"<p>Got a date night or hang out with the crew night planned and need somewhere to take the kiddos? Bring \\u2018em to FPMA for Parents Night Out (PNO). The PNO program is on specified Saturdays from 5-9pm and welcomes both FPMA students and non-members to join in on a night full of pizza, movies, prizes and fun. <strong><em>Oh, did we mention Nerf gun wars, too?<\\/em><\\/strong> Just give one of our locations a call for more information, pricing and dates for the next PNO.&nbsp;<\\/p>\",\"backgroundColor\":\"#ffffff\",\"backgroundImage\":\"\"}},\"57\":{\"type\":\"oneColumn\",\"enabled\":\"1\",\"fields\":{\"heading\":\"Birthday Parties\",\"body\":\"<p>Celebrate the birthday for your little martial artists Freddie Poole style! FPMA offers a personal experience with one of our many skilled instructors, ready to teach all of the little partiers some exciting new martial arts moves and put a unique spin on a birthday celebrations. Decorations, music and food are welcome. Interested in having your kid\\u2019s next birthday celebration at FPMA? Give one of our locations a call for more information.<\\/p>\",\"backgroundColor\":\"#f5f5f5\",\"backgroundImage\":\"\"}},\"58\":{\"type\":\"oneColumn\",\"enabled\":\"1\",\"fields\":{\"heading\":\"Special Events\",\"body\":\"<p>FPMA is proud to announce our summer 2016 Karate Camp for kids.<\\/p>\\r\\n\\r\\n<p>Karate Camp is designed for children ages 4-11 and provides the perfect summer getaway for kids interested in learning more about the many forms of martial art. Give you kids the opportunity to learn more about boosting leadership and teamwork skills, building and improving self confidence, self defense techniques, bully awareness as well as fun martial arts games and drills. Choose from 2 summer camp sessions only a $25 deposit required to reserve a spot. Reach out to a FPMA location for more details.<\\/p>\",\"backgroundColor\":\"#ffffff\",\"backgroundImage\":\"\"}},\"77\":{\"type\":\"oneColumn\",\"enabled\":\"1\",\"fields\":{\"heading\":\"Women\\u2019s Self Defense Seminars\",\"body\":\"<p>Safety for our members is a major priority for us. FPMA offers self-defense classes for women to learn how to protect themselves and their loved ones from unexpected attacks. Join FPMA for one of our Women\\u2019s Self Defense Seminars in partnership with Not Dead Yet Apparel. Come get hands-on training as we demonstrate various self-defense techniques, learn empowering safety awareness and practices. Attendance is always free, but we accept donations of $25 or more to benefit a designated local non-profit organization. Take the first step by contacting one of our locations for more information.<\\/p>\",\"backgroundColor\":\"#f5f5f5\",\"backgroundImage\":\"\"}},\"78\":{\"type\":\"oneColumn\",\"enabled\":\"1\",\"fields\":{\"heading\":\"Personal Training \",\"body\":\"<p>For the member who wants to learn the valuable techniques of martial arts outside of a group setting, FPMA offers specialized one-on-one training sessions. Members get individually structured personal instruction from one of our certified martial arts trainers. Training sessions are customized to benefit each student in any skill level, from a novice student wanting a more personal experience or an advanced student preparing for competition. <a href=\\\"\\/contact-us#entry:32:url\\\">Contact one of our two Dallas locations<\\/a> for more details.&nbsp;<\\/p>\",\"backgroundColor\":\"#ffffff\",\"backgroundImage\":\"\"}}},\"4\":\"\",\"3\":\"\"}}', '2016-06-15 03:08:19', '2016-06-15 03:08:19', '9631e313-4800-43e2-9cd9-c40a28a9e4c8'),
 ('64', '33', '3', '1', 'en_us', '7', '', '{\"typeId\":\"3\",\"authorId\":\"1\",\"title\":\"Specials\",\"slug\":\"specials\",\"postDate\":1458879720,\"expiryDate\":null,\"enabled\":1,\"parentId\":\"\",\"fields\":{\"5\":{\"55\":{\"type\":\"secondaryHero\",\"enabled\":\"1\",\"fields\":{\"heading\":\"Specials\",\"body\":\"<p>We pride ourselves in offering superior service and training for parents and kids. Outside of our extensive martial arts programs offered at both of our Dallas locations, FPMA offers various extra personal services that are very educational, affordable and definitely FUN! From private birthday celebrations to women\\u2019s self-defense classes, there\\u2019s a special FPMA Extra for everyone.<\\/p>\",\"contactButton\":\"1\",\"backgroundColor\":\"#000000\",\"backgroundImage\":[\"40\"],\"mapTitle\":\"\",\"mapContent\":\"\",\"mapAddress\":\"\",\"flexibleArea\":\"\"}},\"56\":{\"type\":\"oneColumn\",\"enabled\":\"1\",\"fields\":{\"heading\":\"Parent\\u2019s Nights Out\",\"body\":\"<p>Got a date night or hang out with the crew night planned and need somewhere to take the kiddos? Bring \\u2018em to FPMA for Parents Night Out (PNO). The PNO program is on specified Saturdays from 5-9pm and welcomes both FPMA students and non-members to join in on a night full of pizza, movies, prizes and fun. <strong><em>Oh, did we mention Nerf gun wars, too?<\\/em><\\/strong> <a href=\\\"\\/locations#entry:7\\\">Just give one of our locations a call<\\/a> for more information, pricing and dates for the next PNO.&nbsp;<\\/p>\",\"backgroundColor\":\"#ffffff\",\"backgroundImage\":\"\"}},\"57\":{\"type\":\"oneColumn\",\"enabled\":\"1\",\"fields\":{\"heading\":\"Birthday Parties\",\"body\":\"<p>Celebrate the birthday for your little martial artists Freddie Poole style! FPMA offers a personal experience with one of our many skilled instructors, ready to teach all of the little partiers some exciting new martial arts moves and put a unique spin on a birthday celebrations. Decorations, music and food are welcome. Interested in having your kid\\u2019s next birthday celebration at FPMA? <a href=\\\"tel:2143525425\\\">Give one of our locations a call<\\/a> for more information.<\\/p>\",\"backgroundColor\":\"#f5f5f5\",\"backgroundImage\":\"\"}},\"58\":{\"type\":\"oneColumn\",\"enabled\":\"1\",\"fields\":{\"heading\":\"Special Events\",\"body\":\"<p><strong>FPMA is proud to announce our summer 2016 Karate Camp for kids.<\\/strong><\\/p>\\r\\n\\r\\n<p>Karate Camp is designed for children ages 4-11 and provides the perfect summer getaway for kids interested in learning more about the many forms of martial art. Give you kids the opportunity to learn more about boosting leadership and teamwork skills, building and improving self confidence, self defense techniques, bully awareness as well as fun martial arts games and drills. Choose from 2 summer camp sessions only a $25 deposit required to reserve a spot. Reach out to a FPMA location for more details.<\\/p>\",\"backgroundColor\":\"#ffffff\",\"backgroundImage\":\"\"}},\"77\":{\"type\":\"oneColumn\",\"enabled\":\"1\",\"fields\":{\"heading\":\"Women\\u2019s Self Defense Seminars\",\"body\":\"<p>Safety for our members is a major priority for us. FPMA offers self-defense classes for women to learn how to protect themselves and their loved ones from unexpected attacks. Join FPMA for one of our Women\\u2019s Self Defense Seminars in partnership with Not Dead Yet Apparel. Come get hands-on training as we demonstrate various self-defense techniques, learn empowering safety awareness and practices. Attendance is always free, but we accept donations of $25 or more to benefit a designated local non-profit organization. Take the first step by contacting one of our locations for more information.<\\/p>\",\"backgroundColor\":\"#f5f5f5\",\"backgroundImage\":\"\"}},\"78\":{\"type\":\"oneColumn\",\"enabled\":\"1\",\"fields\":{\"heading\":\"Personal Training \",\"body\":\"<p>For the member who wants to learn the valuable techniques of martial arts outside of a group setting, FPMA offers specialized one-on-one training sessions. Members get individually structured personal instruction from one of our certified martial arts trainers. Training sessions are customized to benefit each student in any skill level, from a novice student wanting a more personal experience or an advanced student preparing for competition. <a href=\\\"\\/contact-us#entry:32:url\\\">Contact one of our two Dallas locations<\\/a> for more details.&nbsp;<\\/p>\",\"backgroundColor\":\"#ffffff\",\"backgroundImage\":\"\"}}},\"4\":\"\",\"3\":\"\"}}', '2016-06-15 03:10:56', '2016-06-15 03:10:56', '80b9f7c5-691d-4cdd-8710-899adc3a87fa'),
 ('65', '16', '3', '1', 'en_us', '4', '', '{\"typeId\":\"4\",\"authorId\":\"1\",\"title\":\"Dragons\",\"slug\":\"dragons\",\"postDate\":1458099960,\"expiryDate\":null,\"enabled\":1,\"parentId\":\"6\",\"fields\":{\"5\":{\"21\":{\"type\":\"secondaryHero\",\"enabled\":\"1\",\"fields\":{\"heading\":\"Brazilian Jiu Jitsu\",\"body\":\"<p>Specifically designed for children four to six years of age where they will begin to learn the fundamental life skills such as self-discipline, focus, self-control respect, patience and confidence. Dragons will also learn fine motor skills such as strength, balance, flexibility, and coordination.<\\/p>\",\"contactButton\":\"1\",\"backgroundColor\":\"#000000\",\"backgroundImage\":[\"8\"],\"mapTitle\":\"\",\"mapContent\":\"\",\"mapAddress\":\"\",\"flexibleArea\":\"\"}},\"22\":{\"type\":\"oneColumn\",\"enabled\":\"1\",\"fields\":{\"heading\":\"\",\"body\":\"<p>Our Dragons program has a fun and energetic class format helps the young students develop skills that set them up for success in life. The structure of the Freddie Poole Dragons program is a key principle of success of the student as it\\u2019s a preparatory training program for the Junior Martial Arts Program<\\/p>\",\"backgroundColor\":\"#000000\",\"backgroundImage\":[\"12\"]}}},\"22\":\"Dragons (4 \\u2013 6 YO)\",\"4\":\"\",\"3\":\"\"}}', '2016-06-15 03:13:01', '2016-06-15 03:13:01', 'fd22365e-d8f0-47ee-a4bc-64ff7f9a7662'),
 ('66', '16', '3', '1', 'en_us', '5', '', '{\"typeId\":\"4\",\"authorId\":\"1\",\"title\":\"Dragons\",\"slug\":\"dragons\",\"postDate\":1458099960,\"expiryDate\":null,\"enabled\":1,\"parentId\":\"6\",\"fields\":{\"5\":{\"21\":{\"type\":\"secondaryHero\",\"enabled\":\"1\",\"fields\":{\"heading\":\"Dragons (4 \\u2013 6 YO)\",\"body\":\"<p>Specifically designed for children four to six years of age where they will begin to learn the fundamental life skills such as self-discipline, focus, self-control respect, patience and confidence. Dragons will also learn fine motor skills such as strength, balance, flexibility, and coordination.<\\/p>\",\"contactButton\":\"1\",\"backgroundColor\":\"#000000\",\"backgroundImage\":[\"8\"],\"mapTitle\":\"\",\"mapContent\":\"\",\"mapAddress\":\"\",\"flexibleArea\":\"\"}},\"22\":{\"type\":\"oneColumn\",\"enabled\":\"1\",\"fields\":{\"heading\":\"\",\"body\":\"<p>Our Dragons program has a fun and energetic class format helps the young students develop skills that set them up for success in life. The structure of the Freddie Poole Dragons program is a key principle of success of the student as it\\u2019s a preparatory training program for the Junior Martial Arts Program<\\/p>\",\"backgroundColor\":\"#000000\",\"backgroundImage\":[\"12\"]}}},\"22\":\"Dragons (4 \\u2013 6 YO)\",\"4\":\"\",\"3\":\"\"}}', '2016-06-15 03:13:33', '2016-06-15 03:13:33', 'ce06e43f-3a75-415c-b57b-ebabb21c3ed0'),
 ('67', '17', '3', '1', 'en_us', '2', '', '{\"typeId\":\"4\",\"authorId\":\"1\",\"title\":\"Juniors\",\"slug\":\"juniors\",\"postDate\":1458100080,\"expiryDate\":null,\"enabled\":1,\"parentId\":\"6\",\"fields\":{\"5\":{\"new1\":{\"type\":\"secondaryHero\",\"enabled\":\"1\",\"fields\":{\"heading\":\"Juniors: (7 to 12 years old) \",\"body\":\"<p>Freddie Poole\\u2019s Martial Arts\\u00ae&nbsp;junior martial arts program&nbsp;is a unique training system that combines traditional values and principles with a modern system of combat, self-defense and fitness. Our exclusive system and program is a hybrid style, which incorporates training methods of karate and tae-kwon-do with westernized boxing, judo and Brazilian Jiu Jitsu. FPMA has a variety of instructors teaching our program. This gives students an advantage of learning martial arts from different perspectives, which enhances the quality of training.&nbsp;<\\/p>\",\"contactButton\":\"1\",\"backgroundColor\":\"#000000\",\"backgroundImage\":\"\",\"mapTitle\":\"\",\"mapContent\":\"\",\"mapAddress\":\"\",\"flexibleArea\":\"\"}},\"new2\":{\"type\":\"oneColumn\",\"enabled\":\"1\",\"fields\":{\"heading\":\"\",\"body\":\"<p>Our Juniors program focuses on advancement and growth based on each child\\u2019s individual pace. The key to our success is each discipline is introduced in stages to the student, rather than front-loading a program. Juniors will begin to grasp the concept of self-discipline as they achieve goals. When he\\/she tackles more difficult goals, the self-confidence grows and serves as a strong foundation in all aspects of life.<\\/p>\",\"backgroundColor\":\"#ffffff\",\"backgroundImage\":\"\"}}},\"22\":\"Juniors (7 -12 YO)\",\"4\":\"\",\"3\":\"\"}}', '2016-06-15 03:14:24', '2016-06-15 03:14:24', 'd34c5bfb-3ccb-4b47-84d4-39cae634e7c6'),
 ('68', '17', '3', '1', 'en_us', '3', '', '{\"typeId\":\"4\",\"authorId\":\"1\",\"title\":\"Juniors\",\"slug\":\"juniors\",\"postDate\":1458100080,\"expiryDate\":null,\"enabled\":1,\"parentId\":\"6\",\"fields\":{\"5\":{\"79\":{\"type\":\"secondaryHero\",\"enabled\":\"1\",\"fields\":{\"heading\":\"Juniors: (7 to 12 years old) \",\"body\":\"<p>Freddie Poole\\u2019s Martial Arts\\u00ae&nbsp;junior martial arts program&nbsp;is a unique training system that combines traditional values and principles with a modern system of combat, self-defense and fitness. Our exclusive system and program is a hybrid style, which incorporates training methods of karate and tae-kwon-do with westernized boxing, judo and Brazilian Jiu Jitsu. FPMA has a variety of instructors teaching our program. This gives students an advantage of learning martial arts from different perspectives, which enhances the quality of training.&nbsp;<\\/p>\",\"contactButton\":\"1\",\"backgroundColor\":\"#000000\",\"backgroundImage\":[\"8\"],\"mapTitle\":\"\",\"mapContent\":\"\",\"mapAddress\":\"\",\"flexibleArea\":\"\"}},\"80\":{\"type\":\"oneColumn\",\"enabled\":\"1\",\"fields\":{\"heading\":\"\",\"body\":\"<p>Our Juniors program focuses on advancement and growth based on each child\\u2019s individual pace. The key to our success is each discipline is introduced in stages to the student, rather than front-loading a program. Juniors will begin to grasp the concept of self-discipline as they achieve goals. When he\\/she tackles more difficult goals, the self-confidence grows and serves as a strong foundation in all aspects of life.<\\/p>\",\"backgroundColor\":\"#ffffff\",\"backgroundImage\":\"\"}}},\"22\":\"Juniors (7 -12 YO)\",\"4\":\"\",\"3\":\"\"}}', '2016-06-15 03:14:59', '2016-06-15 03:14:59', 'bd56e40c-3d56-4aff-9c84-52999891c654'),
 ('69', '81', '3', '1', 'en_us', '1', '', '{\"typeId\":\"3\",\"authorId\":\"1\",\"title\":\"Brazilian Jiu-Jitsu\",\"slug\":\"brazilian-jiu-jitsu\",\"postDate\":1465960807,\"expiryDate\":null,\"enabled\":1,\"parentId\":\"\",\"fields\":{\"5\":{\"new1\":{\"type\":\"secondaryHero\",\"enabled\":\"1\",\"fields\":{\"heading\":\"Brazilian Jiu-Jitsu: (7 to 12-year-old + Adults) \",\"body\":\"<p>The sport of Brazilian Jiu Jitsu can be quite complex. Our intro program helps break down all the essential concepts of the sport making it much easier to pick up for anybody. Freddie Poole\\u2019s Martial arts is a proud affiliate of the Carlos Machado BJJ association and network. Carlos Machado is nephew to one of the founders of Brazilian Jiu Jitsu, late master Carlos Gracie. Carlos is determined to keep the legacy going through teaching and partnering with others including our very own, Freddie Poole.&nbsp;<\\/p>\",\"contactButton\":\"1\",\"backgroundColor\":\"#000000\",\"backgroundImage\":\"\",\"mapTitle\":\"\",\"mapContent\":\"\",\"mapAddress\":\"\",\"flexibleArea\":\"\"}},\"new2\":{\"type\":\"oneColumn\",\"enabled\":\"1\",\"fields\":{\"heading\":\"\",\"body\":\"<p>Our classes are curriculum oriented, providing a fast paced yet easy approach to learning Brazilian Jiu Jitsu for children (7-12 years of age) and adults. Students achieve great results in a short amount of time learning realistic skills great for both self-defense and increasing fitness and stamina. Students also learn strategies for advancing in rank after completing time and skill requirements, all in a fun and safe environment.<\\/p>\",\"backgroundColor\":\"#ffffff\",\"backgroundImage\":\"\"}},\"new4\":{\"type\":\"oneColumn\",\"enabled\":\"1\",\"fields\":{\"heading\":\"Kids BJJ Program\",\"body\":\"<p>The FPMA Brazilian Jiu Jitsu kids program is the perfect tool to change your child\\u2019s life forever. Lessons learned both on and off the mat will instill in them a confidence and self-belief that will continue with them throughout their lives. Plus, it\\u2019s FUN! FPMA stands firm on our anti-bullying policies, which have been reverse engineered to safely and effectively repel any aggressor, with truly phenomenal results.<\\/p>\\r\\n\\r\\n<p>Overall, the Kids BBJ program is designed to develop a sense of discipline, determination, leadership, commitment, responsibility, good sportsmanship and confidence into our future leaders<\\/p>\",\"backgroundColor\":\"#f5f5f5\",\"backgroundImage\":\"\"}},\"new5\":{\"type\":\"oneColumn\",\"enabled\":\"1\",\"fields\":{\"heading\":\"Adults BJJ Fundamentals\",\"body\":\"<p>FPMA BJJ Fundamentals Program is designed to teach the overall self-defense strategy of Brazilian Jiu-Jitsu. The class begins with a pre-workout involving many body weight exercises and it will teach you the basics, from learning how to fall, to clinching, taking down and successfully setting up and applying a submission hold as well as various escapes. We provide a detailed instruction in wrestling, judo, and Brazilian Jiu Jitsu, as they are all relevant to mastership. The class ends with positional training that helps students focus on the lesson of the week and get a feel for live training. Through repetition techniques, your training will slowly prepare you to begin drilling at a full resistance.<\\/p>\",\"backgroundColor\":\"#ffffff\",\"backgroundImage\":\"\"}}},\"4\":\"\",\"3\":\"\"}}', '2016-06-15 03:20:08', '2016-06-15 03:20:08', 'ea1b86a8-5dfb-4a95-b325-05859a6c49e2'),
 ('70', '81', '3', '1', 'en_us', '2', '', '{\"typeId\":\"3\",\"authorId\":\"1\",\"title\":\"Brazilian Jiu-Jitsu\",\"slug\":\"brazilian-jiu-jitsu\",\"postDate\":1465960800,\"expiryDate\":null,\"enabled\":1,\"parentId\":\"\",\"fields\":{\"5\":{\"82\":{\"type\":\"secondaryHero\",\"enabled\":\"1\",\"fields\":{\"heading\":\"Brazilian Jiu-Jitsu\",\"body\":\"<p>The sport of Brazilian Jiu Jitsu can be quite complex. Our intro program helps break down all the essential concepts of the sport making it much easier to pick up for anybody. Freddie Poole\\u2019s Martial arts is a proud affiliate of the Carlos Machado BJJ association and network. Carlos Machado is nephew to one of the founders of Brazilian Jiu Jitsu, late master Carlos Gracie. Carlos is determined to keep the legacy going through teaching and partnering with others including our very own, Freddie Poole.&nbsp;<\\/p>\",\"contactButton\":\"1\",\"backgroundColor\":\"#000000\",\"backgroundImage\":\"\",\"mapTitle\":\"\",\"mapContent\":\"\",\"mapAddress\":\"\",\"flexibleArea\":\"\"}},\"83\":{\"type\":\"oneColumn\",\"enabled\":\"1\",\"fields\":{\"heading\":\"\",\"body\":\"<p>Our classes are curriculum oriented, providing a fast paced yet easy approach to learning Brazilian Jiu Jitsu for children (7-12 years of age) and adults. Students achieve great results in a short amount of time learning realistic skills great for both self-defense and increasing fitness and stamina. Students also learn strategies for advancing in rank after completing time and skill requirements, all in a fun and safe environment.<\\/p>\",\"backgroundColor\":\"#ffffff\",\"backgroundImage\":\"\"}},\"84\":{\"type\":\"oneColumn\",\"enabled\":\"1\",\"fields\":{\"heading\":\"Kids BJJ Program\",\"body\":\"<p>The FPMA Brazilian Jiu Jitsu kids program is the perfect tool to change your child\\u2019s life forever. Lessons learned both on and off the mat will instill in them a confidence and self-belief that will continue with them throughout their lives. Plus, it\\u2019s FUN! FPMA stands firm on our anti-bullying policies, which have been reverse engineered to safely and effectively repel any aggressor, with truly phenomenal results.<\\/p>\\r\\n\\r\\n<p>Overall, the Kids BBJ program is designed to develop a sense of discipline, determination, leadership, commitment, responsibility, good sportsmanship and confidence into our future leaders<\\/p>\",\"backgroundColor\":\"#f5f5f5\",\"backgroundImage\":\"\"}},\"85\":{\"type\":\"oneColumn\",\"enabled\":\"1\",\"fields\":{\"heading\":\"Adults BJJ Fundamentals\",\"body\":\"<p>FPMA BJJ Fundamentals Program is designed to teach the overall self-defense strategy of Brazilian Jiu-Jitsu. The class begins with a pre-workout involving many body weight exercises and it will teach you the basics, from learning how to fall, to clinching, taking down and successfully setting up and applying a submission hold as well as various escapes. We provide a detailed instruction in wrestling, judo, and Brazilian Jiu Jitsu, as they are all relevant to mastership. The class ends with positional training that helps students focus on the lesson of the week and get a feel for live training. Through repetition techniques, your training will slowly prepare you to begin drilling at a full resistance.<\\/p>\",\"backgroundColor\":\"#ffffff\",\"backgroundImage\":\"\"}}},\"4\":\"\",\"3\":\"\"}}', '2016-06-15 03:20:32', '2016-06-15 03:20:32', 'ed6066e7-88c5-4ff3-a8ec-c6859cb0acae'),
 ('71', '86', '3', '1', 'en_us', '1', '', '{\"typeId\":\"3\",\"authorId\":\"1\",\"title\":\"Ladies Kickboxing\",\"slug\":\"ladies-kickboxing\",\"postDate\":1465960944,\"expiryDate\":null,\"enabled\":1,\"parentId\":\"\",\"fields\":{\"5\":{\"new1\":{\"type\":\"oneColumn\",\"enabled\":\"1\",\"fields\":{\"heading\":\"Ladies Kickboxing\",\"body\":\"<p>The Ladies Kickboxing program is exclusively for ladies looking to combine an intense physical workout with the added perk of self-defense practices. Outside of incorporating various types of kickboxing techniques and strikes, FPMA Ladies kickboxing helps to educate students on many aspects of weight training, physical conditioning and yoga.&nbsp;<\\/p>\",\"backgroundColor\":\"#000000\",\"backgroundImage\":[\"8\"]}},\"new3\":{\"type\":\"oneColumn\",\"enabled\":\"1\",\"fields\":{\"heading\":\"\",\"body\":\"<p>As intimidating as it may sound, kickboxing is perfect for all ladies. From beginners to experts, you\\u2019re sure to get the most from the&nbsp;private like atmosphere and pace of the class. With a dedicated staff of skilled professionals, kickboxing is the ideal workout option for mothers looking for an alternative to going to the gym and unique workout options with morning, afternoon and evening classes available.<\\/p>\",\"backgroundColor\":\"#ffffff\",\"backgroundImage\":\"\"}}},\"4\":\"\",\"3\":\"\"}}', '2016-06-15 03:22:24', '2016-06-15 03:22:24', '3ae32c11-0850-432c-934f-0bc4f695ceb2'),
 ('72', '89', '3', '1', 'en_us', '1', '', '{\"typeId\":\"3\",\"authorId\":\"1\",\"title\":\"Martial Arts\",\"slug\":\"martial-arts\",\"postDate\":1465961192,\"expiryDate\":null,\"enabled\":1,\"parentId\":\"\",\"fields\":{\"5\":{\"new1\":{\"type\":\"secondaryHero\",\"enabled\":\"1\",\"fields\":{\"heading\":\"Martial Arts\",\"body\":\"<p><strong>Martial Arts (7 to 12 years old + Adults)<\\/strong><\\/p><p>Martial arts training helps to develop an indomitable spirit in practitioners of any age and any skill level. FPMA martial arts program focuses on increased concentration, ability to memorize and awareness. Many of our students say there is no better stress relief than coming onto the mat and pushing their minds, bodies and spirits to the limits.<\\/p>\",\"contactButton\":\"1\",\"backgroundColor\":\"#000000\",\"backgroundImage\":[\"8\"],\"mapTitle\":\"\",\"mapContent\":\"\",\"mapAddress\":\"\",\"flexibleArea\":\"\"}},\"new2\":{\"type\":\"oneColumn\",\"enabled\":\"1\",\"fields\":{\"heading\":\"Martial Arts: Juniors\",\"body\":\"<h3>Freddie Poole Beginner\\u2019s Course (White Belts):<\\/h3>\\r\\n\\r\\n<p>This class begins with traditional Chung Do Kwon (Tae Kwon Do) and karate. Students learn basic commands, basic stances and blocks, and basic kicks and punches. This program implements boxing to enhance and modernize the system. Students\\u2019 progress through short-term goals (stripes) to reach their long-term goal (colored rank). Students learn practical and situational self-defense as well. Classes are thirty minutes (for greater retention of material), in a fun, yet disciplined and true martial arts environment.<\\/p>\\r\\n\\r\\n\\r\\n\\r\\n<h3>Freddie Poole Intermediate Course (Orange through Purple belts):<\\/h3>\\r\\n\\r\\n<p>The Freddie Poole Intermediate Karate Course focuses on the student\\u2019s concentration and increases physical fitness through agility and coordination drills. Balance and kicking technique are emphasized as well as an introduction to sparring technique and strategy. Each step of the way, children are guided towards a true understanding of their new found skills and associated responsibilities. To balance and complete the intermediate program, students will learn basic judo and take downs (blue belt). Class time will increase to 45 minutes to an hour long.<\\/p><h3>Freddie Poole Advanced Course (Red through Black Belt):<\\/h3><p>In the Freddie Poole Advanced Karate Program, students are introduced to advanced technique drills and advanced forms. Students\\u2019 progress to a more intense and advanced sparring level in preparation for Black Belt. To create a well-balanced program and student, the Freddie Poole Advanced course focuses on self-defense and mental awareness, with a heavy emphasis on grappling and Brazilian Jiu Jitsu fitness goals.<\\/p>\",\"backgroundColor\":\"#ffffff\",\"backgroundImage\":\"\"}},\"new3\":{\"type\":\"oneColumn\",\"enabled\":\"1\",\"fields\":{\"heading\":\"Martial Arts: Adults\",\"body\":\"<p>The adult curriculum is a structured traditional program complimented by modern training techniques that provide students the opportunity to understand theory as well as practical application.<\\/p><p>Students learn techniques and strategies that can truly be life-saving skills as well as give overall fitness. New students will see improvement in their coordination, flexibility and muscle tone in just a few short weeks. Those who become proficient in martial arts will have better stamina, strength and peace of mind that comes from knowing they can efficiently and effectively defend themselves.<\\/p>\",\"backgroundColor\":\"#f5f5f5\",\"backgroundImage\":\"\"}}},\"4\":\"\",\"3\":\"\"}}', '2016-06-15 03:26:32', '2016-06-15 03:26:32', 'd720dc9a-10b9-4594-a91f-048962eef0d6'),
 ('73', '93', '3', '1', 'en_us', '1', '', '{\"typeId\":\"3\",\"authorId\":\"1\",\"title\":\"Muay Thai\",\"slug\":\"muay-thai\",\"postDate\":1465961434,\"expiryDate\":null,\"enabled\":1,\"parentId\":\"\",\"fields\":{\"5\":{\"new1\":{\"type\":\"secondaryHero\",\"enabled\":\"1\",\"fields\":{\"heading\":\"Muay Thai: Adults\",\"body\":\"<p>Muay Thai is a combat sport from Thailand that uses stand-up strikes along with various clinch techniques. This physical and mental discipline is known as \\\"the art of eight limbs\\\" because it is characterized by the combined use of fists, elbows, knees and shins during training.&nbsp;<\\/p>\",\"contactButton\":\"1\",\"backgroundColor\":\"#000000\",\"backgroundImage\":[\"40\"],\"mapTitle\":\"\",\"mapContent\":\"\",\"mapAddress\":\"\",\"flexibleArea\":\"\"}},\"new2\":{\"type\":\"oneColumn\",\"enabled\":\"1\",\"fields\":{\"heading\":\"\",\"body\":\"<p>Individuals participating in this program achieve outstanding physical conditioning due to the highly intense yet fun&nbsp;nature of striking through the use of bag&nbsp;drills, mitt drills&nbsp;and pad work. This self paced class is taught by high level instructors with years of training in this discipline, who encourage each participant to reach their full physical potential. &nbsp; &nbsp; &nbsp; &nbsp;&nbsp;<\\/p>\",\"backgroundColor\":\"#ffffff\",\"backgroundImage\":\"\"}}},\"4\":\"\",\"3\":\"\"}}', '2016-06-15 03:30:34', '2016-06-15 03:30:34', '319ba553-44bf-4597-93f9-b426b7bcb999'),
 ('74', '96', '3', '1', 'en_us', '1', '', '{\"typeId\":\"3\",\"authorId\":\"1\",\"title\":\"Leadership\",\"slug\":\"leadership\",\"postDate\":1465961494,\"expiryDate\":null,\"enabled\":1,\"parentId\":\"\",\"fields\":{\"5\":{\"new1\":{\"type\":\"secondaryHero\",\"enabled\":\"1\",\"fields\":{\"heading\":\"Leadership\",\"body\":\"<p>The FPMA Leadership Program is an instructor recommended program. Students must first attain a blue belt through the Intermediate Program. They must also demonstrate leadership qualities to receive nominations.<\\/p>\",\"contactButton\":\"1\",\"backgroundColor\":\"#000000\",\"backgroundImage\":[\"8\"],\"mapTitle\":\"\",\"mapContent\":\"\",\"mapAddress\":\"\",\"flexibleArea\":\"\"}},\"new2\":{\"type\":\"oneColumn\",\"enabled\":\"1\",\"fields\":{\"heading\":\"\",\"body\":\"<p>The FPMA Leadership Program focuses on developing leaders, not only in Martial Arts, but in the community as well. Each month leadership students are required to demonstrate and apply a new leadership skill at home, at school, and in the Martial&nbsp;Arts training.<\\/p>\",\"backgroundColor\":\"#ffffff\",\"backgroundImage\":\"\"}}},\"4\":\"\",\"3\":\"\"}}', '2016-06-15 03:31:34', '2016-06-15 03:31:34', '0090fcf7-29e7-4304-a4a8-499244a2577e'),
 ('75', '27', '3', '1', 'en_us', '6', '', '{\"typeId\":\"3\",\"authorId\":\"1\",\"title\":\"Staff\",\"slug\":\"staff\",\"postDate\":1458873960,\"expiryDate\":null,\"enabled\":1,\"parentId\":\"5\",\"fields\":{\"5\":{\"28\":{\"type\":\"secondaryHero\",\"enabled\":\"1\",\"fields\":{\"heading\":\"Staff\",\"body\":\"<p>Our instructors have spent many years perfecting the martial arts craft and continue to go through extensive testing training and certifications to ensure that we are able to provide our students with the best care and instruction. <\\/p>\\r\\n\\r\\n\\r\\n\\r\\n<p>Here, we\\u2019re family and we truly enjoy what we do and we enjoy sharing that passion with others. Collectively we invest in each student, as we feel that their success is our success!&nbsp;<\\/p>\",\"contactButton\":\"1\",\"backgroundColor\":\"#000000\",\"backgroundImage\":[\"41\"],\"mapTitle\":\"\",\"mapContent\":\"\",\"mapAddress\":\"\",\"flexibleArea\":\"\"}},\"29\":{\"type\":\"staff\",\"enabled\":\"1\",\"fields\":{\"image\":[\"64\"],\"staffName\":\"Steve Sosa\",\"staffTitle\":\"Instructor, 7th degree black belt\",\"body\":\"<p>Master Steve Sosa has been an unstoppable, highly skilled martial artist for over 30 years. Master Sosa a 7th degree black belt in karate, trained by legendary martial artists such as Tim Kirby, Allen Steen, Ray McCallum, Billye Jackson, and Demetrius \\u201cThe Greek\\u201d Havanas - the original members of \\u201cTexas Blood \\u2018n\\u2019 Guts\\u201d karate in the Dallas area.&nbsp;<\\/p>\\r\\n\\r\\n<p>Master Sosa is a passionate trainer who has amassed several prestigious accolades in Martial Arts tournaments including \\u201cThe Golden Greek\\u201d which is the highest award given by the Amateur Organization of Karate. Master Sosa was also honored with the Positive Coaching Alliance\\u2019s Double-Goal Coaching Award, awarded to coaches who implement positive life skills, work ethic and drive into their students training.&nbsp;<\\/p>\\r\\n\\r\\n\\r\\n\\r\\n\\r\\n\\r\\n\\r\\n\\r\\n\\r\\n\\r\\n<p>In 2010 Master Sosa started North Texas Martial Arts (NTMA), which ultimately joined Freddie Poole Martial Arts in 2015.<\\/p>\"}},\"30\":{\"type\":\"staff\",\"enabled\":\"1\",\"fields\":{\"image\":[\"62\"],\"staffName\":\"Jayda Clayton\",\"staffTitle\":\"Instructor, 2nd degree black belt\",\"body\":\"<p>Jayda Clayton, a 2nd degree black belt, began her training in January 2007 at the ripe old age of 4. A prodigy of Master Steven Sosa, Jayda received her yellow and brown belts in 2007 and 2009, respectively. At age 7, Jayda became Master Sosa\\u2019s first and youngest student to receive her black belt. Jayda has competed in numerous local, state and national karate competitions and won over 60 trophies in sparring and kata competitions with over 40 of them being first place positions.<\\/p>\"}},\"31\":{\"type\":\"staff\",\"enabled\":\"1\",\"fields\":{\"image\":[\"44\"],\"staffName\":\"Westin Poole\",\"staffTitle\":\"Instructor, 3rd degree black belt\",\"body\":\"<p>Westin Poole\\u2019s love for karate kicked in as a kid when began training in martial arts at the age of 6. By 2009, Westin was a certified 1st degree black belt and has no plans of slowing down. He has been teaching for almost eight years and enjoys working with children. The mission behind his teaching is inspiring his students to reach their goals and see the benefits of their hard work.&nbsp;<\\/p>\"}},\"65\":{\"type\":\"staff\",\"enabled\":\"1\",\"fields\":{\"image\":[\"99\"],\"staffName\":\"Vanny Boon\",\"staffTitle\":\"Instructor, 5th degree black belt, Saekson Muay Thai \",\"body\":\"<p>Master Vanny Boon is a certified 5th degree black belt skilled in various forms of martial arts including Taekwondo Do, Muay Thai, Brazilian Jiu jitsu and Boxing. Master Boon\\u2019s passion and experience for martial arts began when he started training at the age of 5 and spans over 25 years; Master Boon trained under Grand Master Hong, Master Freddie Poole and Muay Thai world champion Saekson Janjira.<\\/p>\"}},\"66\":{\"type\":\"staff\",\"enabled\":\"1\",\"fields\":{\"image\":[\"48\"],\"staffName\":\"Johnny Rodriguez\",\"staffTitle\":\"Instructor, Machado black belt\",\"body\":\"<p>Professor Johnny Rodriguez is a highly skilled black belt in Brazilian Jiu-Jitsu with over 20 years of training in several martial art forms including Kenpo karate, Aikido, Judo and Muay Thai. Professor Rodriguez teaches workshops, self-defense seminars, and has previously worked in law enforcement. &nbsp;Professor Rodriguez actively coaches students in preparation for BJJ tournaments and MMA bouts and still competes in many Brazilian jiu-jitsu tournaments.&nbsp;<\\/p>\"}},\"67\":{\"type\":\"staff\",\"enabled\":\"1\",\"fields\":{\"image\":[\"49\"],\"staffName\":\"Gerardo Mulas\",\"staffTitle\":\"Instructor, Certified Personal Trainer, Yoga\",\"body\":\"<p>Gerardo Mulas is a certified personal trainer, yoga and martial arts expert whose mission is educating students the benefits of fitness and health and wellness goals. Gerardo specializes in sports performance, weight loss, injury rehabilitation, stress relief, nutritional counseling and meal planning. Gerardo has over two decades of professional and collegiate athletics under his belt, along with extensive training in kickboxing, boxing and grappling.<\\/p>\"}},\"68\":{\"type\":\"staff\",\"enabled\":\"1\",\"fields\":{\"image\":[\"50\"],\"staffName\":\"Randy Stem\",\"staffTitle\":\"Instructor, 5th degree black belt, fitness trainer \",\"body\":\"<p>Randy Stem is a 5th degree black belt trained in Karate, Kickboxing, and Judo and currently in Brazilian Jiu-Jitsu. Randy studied under the teachings of Allen Steen, widely recognized as the \'Father of American Taekwondo\', and has over 45 years of experience mastering martial arts. Randy strongly encourages his students to build a firm foundation in martial arts early on by focusing on the development of basic fundamental motor skills and concepts.<\\/p>\"}},\"69\":{\"type\":\"staff\",\"enabled\":\"1\",\"fields\":{\"image\":[\"43\"],\"staffName\":\"Sovandy Om\",\"staffTitle\":\"Instructor, 5th degree black belt\",\"body\":\"<p>Master Sovandy Om is a 5th degree black belt, kickboxing fitness certified trainer and a FPMA student favorite. Master Om has trained extensively in Tae Kwon Do, MMA, Gymnastic, as well as Crossfit. Along with a passion for martial arts, Master Om has an even bigger passion for fitness. Master Om works tirelessly with helping the students execute proper technique to achieve the maximum benefits, as well as helping students reach and exceed their fitness goals.<\\/p>\"}},\"70\":{\"type\":\"staff\",\"enabled\":\"1\",\"fields\":{\"image\":[\"46\"],\"staffName\":\"Alex Garcia\",\"staffTitle\":\"Instructor, 2nd degree black belt\",\"body\":\"<p>Alex Garcia is a 2nd degree black belt in Tae Kwon Do who gravitated towards the world of martial arts at the age of 4. Alex soon began training to develop and perfect his skills for martial arts and became a student at Freddie Poole\'s Martial Arts at the age of 10. Within 2 years, Alex\\u2019s dedication transformed him into an avid competitor, in which Alex received several 1st place wins in state martial arts championships.<\\/p>\"}},\"71\":{\"type\":\"staff\",\"enabled\":\"1\",\"fields\":{\"image\":[\"45\"],\"staffName\":\"Nathan Bagby\",\"staffTitle\":\"Instructor, 3rd degree black belt, Muay Thai \",\"body\":\"<p>Nathanael \\u201cNathan\\u201d Bagby is a 3rd degree black belt and an accomplished Muay Thai fighter and instructor. Nathan first became interested and started training in martial arts at the age of 8, and in the past 25 years, has trained in Isshinryu Karate, Eskrima, Tae Kwon Do, American Kickboxing, Brazilian Jiu Jitsu, Close Quarter Combat, Boxing, and Muay Thai. &nbsp;Nathan has gone on to compete in several amateur and professional kickboxing and Muay Thai bouts.&nbsp;<\\/p>\"}},\"72\":{\"type\":\"staff\",\"enabled\":\"1\",\"fields\":{\"image\":[\"100\"],\"staffName\":\"Mike Rose\",\"staffTitle\":\"Instructor, Machado black belt \",\"body\":\"<p>Mike Rose has over 25 years of martial arts training, competition, and teaching experience in both Judo and Brazilian Jiu Jitsu. Mike started training in Judo in 1992, when he received his black belt. In 1998, under the teachings of Greg Nelson, Mike began training in Brazilian Jiu Jitsu and received his blue belt in 1999 and his black belt in 2009.<\\/p>\"}}},\"4\":\"\",\"3\":\"\"}}', '2016-06-15 03:36:12', '2016-06-15 03:36:12', 'c511b40c-a76d-4c72-86ac-e54627290f39'),
 ('76', '2', '1', '1', 'en_us', '16', '', '{\"typeId\":null,\"authorId\":null,\"title\":\"Home\",\"slug\":\"homepage\",\"postDate\":1457804906,\"expiryDate\":null,\"enabled\":1,\"parentId\":null,\"fields\":{\"5\":{\"15\":{\"type\":\"homeHero\",\"enabled\":\"1\",\"fields\":{\"heading\":\"Kick. Punch. Learn.\",\"body\":\"<p>Freddie Poole\\u2019s Martial Arts \\u00ae offers an exclusive hybrid training system that incorporates the traditional training values and principles of karate and tae-kwon-do with a contemporary system of combat, self-defense and fitness.<\\/p>\",\"backgroundColor\":\"#000000\",\"backgroundImage\":[\"10\"],\"contactButton\":\"1\"}},\"18\":{\"type\":\"homePrograms\",\"enabled\":\"1\",\"fields\":{\"heading\":\"Approach\",\"body\":\"<p>The key to our success is each discipline being introduced in stages to our student, rather than a front-loading program. This methodical approach ensures students are learning and mastering techniques at the highest level, as opposed to just going through motions. Additionally, we have a variety of skilled instructors teaching our programs. This gives students an advantage of learning martial arts from varied perspectives, which enhances the quality of the training. Each instructor at FPMA\\u00ae is trained to recognize a student\\u2019s personality, learning style, and individual needs.<\\/p>\",\"programs\":[\"16\",\"17\",\"81\",\"86\",\"89\",\"93\",\"96\"],\"backgroundColor\":\"#000000\",\"backgroundImage\":[\"61\"]}},\"52\":{\"type\":\"homeLocations\",\"enabled\":\"1\",\"fields\":{\"heading\":\"Locations\",\"body\":\"<p>We currently have 2 locations to serve you.&nbsp;<\\/p>\",\"backgroundImage\":[\"11\"]}},\"53\":{\"type\":\"twoColumns\",\"enabled\":\"1\",\"fields\":{\"heading\":\"\",\"bodyLeft\":\"<p>Come see for yourself why our martial arts system has been so popular for so many years. Our black belt instructors are here to help you achieve all your marital art and fitness goals.<\\/p>\",\"bodyRight\":\"\",\"columnsLeft\":\"col-3-of-5\",\"columnsRight\":\"col-2-of-5\",\"backgroundColor\":\"#000000\",\"backgroundImage\":[\"8\"],\"contactButton\":\"1\"}}}}}', '2016-06-15 03:39:24', '2016-06-15 03:39:24', '7b809937-43d8-4f97-960e-ab70e730a49e'),
 ('77', '2', '1', '1', 'en_us', '17', '', '{\"typeId\":null,\"authorId\":null,\"title\":\"Home\",\"slug\":\"homepage\",\"postDate\":1457804906,\"expiryDate\":null,\"enabled\":1,\"parentId\":null,\"fields\":{\"5\":{\"15\":{\"type\":\"homeHero\",\"enabled\":\"1\",\"fields\":{\"heading\":\"Kick. Punch. Learn.\",\"body\":\"<p>Freddie Poole\\u2019s Martial Arts \\u00ae offers an exclusive hybrid training system that incorporates the traditional training values and principles of karate and tae-kwon-do with a contemporary system of combat, self-defense and fitness.<\\/p>\",\"backgroundColor\":\"#000000\",\"backgroundImage\":[\"10\"],\"contactButton\":\"1\"}},\"18\":{\"type\":\"homePrograms\",\"enabled\":\"1\",\"fields\":{\"heading\":\"Approach\",\"body\":\"<p>The key to our success is each discipline being introduced in stages to our student, rather than a front-loading program. This methodical approach ensures students are learning and mastering techniques at the highest level, as opposed to just going through motions. Additionally, we have a variety of skilled instructors teaching our programs. This gives students an advantage of learning martial arts from varied perspectives, which enhances the quality of the training. Each instructor at FPMA\\u00ae is trained to recognize a student\\u2019s personality, learning style, and individual needs.<\\/p>\",\"programs\":[\"16\",\"17\",\"81\",\"86\",\"89\",\"93\",\"96\"],\"backgroundColor\":\"#000000\",\"backgroundImage\":[\"61\"]}},\"52\":{\"type\":\"homeLocations\",\"enabled\":\"1\",\"fields\":{\"heading\":\"Locations\",\"body\":\"<p>We currently have 2 locations to serve you.&nbsp;<\\/p>\",\"backgroundImage\":[\"101\"]}},\"53\":{\"type\":\"twoColumns\",\"enabled\":\"1\",\"fields\":{\"heading\":\"\",\"bodyLeft\":\"<p>Come see for yourself why our martial arts system has been so popular for so many years. Our black belt instructors are here to help you achieve all your marital art and fitness goals.<\\/p>\",\"bodyRight\":\"\",\"columnsLeft\":\"col-3-of-5\",\"columnsRight\":\"col-2-of-5\",\"backgroundColor\":\"#000000\",\"backgroundImage\":[\"8\"],\"contactButton\":\"1\"}}}}}', '2016-06-15 03:42:09', '2016-06-15 03:42:09', 'e22e54d7-2b45-4153-ba0e-11b161e0c16d'),
 ('78', '2', '1', '1', 'en_us', '18', '', '{\"typeId\":null,\"authorId\":null,\"title\":\"Home\",\"slug\":\"homepage\",\"postDate\":1457804906,\"expiryDate\":null,\"enabled\":1,\"parentId\":null,\"fields\":{\"5\":{\"15\":{\"type\":\"homeHero\",\"enabled\":\"1\",\"fields\":{\"heading\":\"Kick. Punch. Learn.\",\"body\":\"<p>Freddie Poole\\u2019s Martial Arts \\u00ae offers an exclusive hybrid training system that incorporates the traditional training values and principles of karate and tae-kwon-do with a contemporary system of combat, self-defense and fitness.<\\/p>\",\"backgroundColor\":\"#000000\",\"backgroundImage\":[\"10\"],\"contactButton\":\"1\"}},\"18\":{\"type\":\"homePrograms\",\"enabled\":\"1\",\"fields\":{\"heading\":\"Approach\",\"body\":\"<p>The key to our success is each discipline being introduced in stages to our student, rather than a front-loading program. This methodical approach ensures students are learning and mastering techniques at the highest level, as opposed to just going through motions. Additionally, we have a variety of skilled instructors teaching our programs. This gives students an advantage of learning martial arts from varied perspectives, which enhances the quality of the training. Each instructor at FPMA\\u00ae is trained to recognize a student\\u2019s personality, learning style, and individual needs.<\\/p>\",\"programs\":[\"16\",\"17\",\"81\",\"86\",\"89\",\"93\",\"96\"],\"backgroundColor\":\"#000000\",\"backgroundImage\":[\"102\"]}},\"52\":{\"type\":\"homeLocations\",\"enabled\":\"1\",\"fields\":{\"heading\":\"Locations\",\"body\":\"<p>We currently have 2 locations to serve you.&nbsp;<\\/p>\",\"backgroundImage\":[\"101\"]}},\"53\":{\"type\":\"twoColumns\",\"enabled\":\"1\",\"fields\":{\"heading\":\"\",\"bodyLeft\":\"<p>Come see for yourself why our martial arts system has been so popular for so many years. Our black belt instructors are here to help you achieve all your marital art and fitness goals.<\\/p>\",\"bodyRight\":\"\",\"columnsLeft\":\"col-3-of-5\",\"columnsRight\":\"col-2-of-5\",\"backgroundColor\":\"#000000\",\"backgroundImage\":[\"8\"],\"contactButton\":\"1\"}}}}}', '2016-06-15 03:43:28', '2016-06-15 03:43:28', '6b14ddab-fc85-49f5-a78d-a43eaef2becb'),
 ('79', '2', '1', '1', 'en_us', '19', '', '{\"typeId\":null,\"authorId\":null,\"title\":\"Home\",\"slug\":\"homepage\",\"postDate\":1457804906,\"expiryDate\":null,\"enabled\":1,\"parentId\":null,\"fields\":{\"5\":{\"15\":{\"type\":\"homeHero\",\"enabled\":\"1\",\"fields\":{\"heading\":\"Kick. Punch. Learn.\",\"body\":\"<p>Freddie Poole\\u2019s Martial Arts\\u00ae offers an exclusive hybrid training system that incorporates the traditional training values and principles of karate and tae-kwon-do with a contemporary system of combat, self-defense and fitness.<\\/p>\",\"backgroundColor\":\"#000000\",\"backgroundImage\":[\"10\"],\"contactButton\":\"1\"}},\"18\":{\"type\":\"homePrograms\",\"enabled\":\"1\",\"fields\":{\"heading\":\"Approach\",\"body\":\"<p>The key to our success is each discipline being introduced in stages to our student, rather than a front-loading program. This methodical approach ensures students are learning and mastering techniques at the highest level, as opposed to just going through motions. Additionally, we have a variety of skilled instructors teaching our programs. This gives students an advantage of learning martial arts from varied perspectives, which enhances the quality of the training. Each instructor at FPMA\\u00ae is trained to recognize a student\\u2019s personality, learning style, and individual needs.<\\/p>\",\"programs\":[\"16\",\"17\",\"81\",\"86\",\"89\",\"93\",\"96\"],\"backgroundColor\":\"#000000\",\"backgroundImage\":[\"102\"]}},\"52\":{\"type\":\"homeLocations\",\"enabled\":\"1\",\"fields\":{\"heading\":\"Locations\",\"body\":\"<p>We currently have 2 locations to serve you.&nbsp;<\\/p>\",\"backgroundImage\":[\"101\"]}},\"53\":{\"type\":\"twoColumns\",\"enabled\":\"1\",\"fields\":{\"heading\":\"\",\"bodyLeft\":\"<p>Come see for yourself why our martial arts system has been so popular for so many years. Our black belt instructors are here to help you achieve all your marital art and fitness goals.<\\/p>\",\"bodyRight\":\"\",\"columnsLeft\":\"col-3-of-5\",\"columnsRight\":\"col-2-of-5\",\"backgroundColor\":\"#000000\",\"backgroundImage\":[\"8\"],\"contactButton\":\"1\"}}}}}', '2016-06-15 03:45:30', '2016-06-15 03:45:30', 'f8afcc5b-3779-406d-b83a-d55c500b887a'),
 ('80', '2', '1', '1', 'en_us', '20', '', '{\"typeId\":null,\"authorId\":null,\"title\":\"Home\",\"slug\":\"homepage\",\"postDate\":1457804906,\"expiryDate\":null,\"enabled\":1,\"parentId\":null,\"fields\":{\"5\":{\"15\":{\"type\":\"homeHero\",\"enabled\":\"1\",\"fields\":{\"heading\":\"Kick. Punch. Learn.\",\"body\":\"<p>Freddie Poole\\u2019s Martial Arts\\u00ae offers an exclusive hybrid training system that incorporates the traditional training values and principles of karate and tae-kwon-do with a contemporary system of combat, self-defense and fitness.<\\/p>\",\"backgroundColor\":\"#000000\",\"backgroundImage\":[\"10\"],\"contactButton\":\"1\"}},\"18\":{\"type\":\"homePrograms\",\"enabled\":\"1\",\"fields\":{\"heading\":\"Approach\",\"body\":\"<p>The key to our success is each discipline being introduced in stages to our student, rather than a front-loading program. This methodical approach ensures students are learning and mastering techniques at the highest level, as opposed to just going through motions. Additionally, we have a variety of skilled instructors teaching our programs. This gives students an advantage of learning martial arts from varied perspectives, which enhances the quality of the training. Each instructor at FPMA\\u00ae is trained to recognize a student\\u2019s personality, learning style, and individual needs.<\\/p>\",\"programs\":[\"16\",\"17\",\"81\",\"86\",\"89\",\"93\",\"96\"],\"backgroundColor\":\"#000000\",\"backgroundImage\":[\"102\"]}},\"52\":{\"type\":\"homeLocations\",\"enabled\":\"1\",\"fields\":{\"heading\":\"Locations\",\"body\":\"<p>We currently have 2 locations to serve you.&nbsp;<\\/p>\",\"backgroundImage\":[\"101\"]}},\"53\":{\"type\":\"twoColumns\",\"enabled\":\"1\",\"fields\":{\"heading\":\"\",\"bodyLeft\":\"<p>Come see for yourself why our martial arts system has been so popular for so many years. Our black belt instructors are here to help you achieve all your marital art and fitness goals.<\\/p>\",\"bodyRight\":\"\",\"columnsLeft\":\"col-3-of-5\",\"columnsRight\":\"col-2-of-5\",\"backgroundColor\":\"#000000\",\"backgroundImage\":[\"9\"],\"contactButton\":\"1\"}}}}}', '2016-06-15 03:46:20', '2016-06-15 03:46:20', '527dc753-c939-4f40-a213-b959c6e60005'),
 ('81', '17', '3', '1', 'en_us', '4', '', '{\"typeId\":\"4\",\"authorId\":\"1\",\"title\":\"Juniors\",\"slug\":\"juniors\",\"postDate\":1458100080,\"expiryDate\":null,\"enabled\":1,\"parentId\":\"6\",\"fields\":{\"5\":{\"79\":{\"type\":\"secondaryHero\",\"enabled\":\"1\",\"fields\":{\"heading\":\"Juniors\",\"body\":\"<p><strong>Juniors: (7 to 12 years old)&nbsp;<br><\\/strong><\\/p><p>Freddie Poole\\u2019s Martial Arts\\u00ae&nbsp;junior martial arts program&nbsp;is a unique training system that combines traditional values and principles with a modern system of combat, self-defense and fitness. Our exclusive system and program is a hybrid style, which incorporates training methods of karate and tae-kwon-do with westernized boxing, judo and Brazilian Jiu Jitsu. FPMA has a variety of instructors teaching our program. This gives students an advantage of learning martial arts from different perspectives, which enhances the quality of training.&nbsp;<\\/p>\",\"contactButton\":\"1\",\"backgroundColor\":\"#000000\",\"backgroundImage\":[\"8\"],\"mapTitle\":\"\",\"mapContent\":\"\",\"mapAddress\":\"\",\"flexibleArea\":\"\"}},\"80\":{\"type\":\"oneColumn\",\"enabled\":\"1\",\"fields\":{\"heading\":\"\",\"body\":\"<p>Our Juniors program focuses on advancement and growth based on each child\\u2019s individual pace. The key to our success is each discipline is introduced in stages to the student, rather than front-loading a program. Juniors will begin to grasp the concept of self-discipline as they achieve goals. When he\\/she tackles more difficult goals, the self-confidence grows and serves as a strong foundation in all aspects of life.<\\/p>\",\"backgroundColor\":\"#ffffff\",\"backgroundImage\":\"\"}}},\"22\":\"Juniors (7 -12 YO)\",\"4\":\"\",\"3\":\"\"}}', '2016-06-15 03:51:25', '2016-06-15 03:51:25', '870d7047-9cf5-436c-8405-2896cb533ed0'),
 ('82', '81', '3', '1', 'en_us', '3', '', '{\"typeId\":\"3\",\"authorId\":\"1\",\"title\":\"Brazilian Jiu-Jitsu\",\"slug\":\"brazilian-jiu-jitsu\",\"postDate\":1465960800,\"expiryDate\":null,\"enabled\":1,\"parentId\":\"6\",\"fields\":{\"5\":{\"82\":{\"type\":\"secondaryHero\",\"enabled\":\"1\",\"fields\":{\"heading\":\"Brazilian Jiu-Jitsu\",\"body\":\"<p><b>Brazilian Jiu-Jitsu: (7 to 12-year-old + Adults)&nbsp;<\\/b><\\/p><p>The sport of Brazilian Jiu Jitsu can be quite complex. Our intro program helps break down all the essential concepts of the sport making it much easier to pick up for anybody. Freddie Poole\\u2019s Martial arts is a proud affiliate of the Carlos Machado BJJ association and network. Carlos Machado is nephew to one of the founders of Brazilian Jiu Jitsu, late master Carlos Gracie. Carlos is determined to keep the legacy going through teaching and partnering with others including our very own, Freddie Poole.&nbsp;<\\/p>\",\"contactButton\":\"1\",\"backgroundColor\":\"#000000\",\"backgroundImage\":[\"8\"],\"mapTitle\":\"\",\"mapContent\":\"\",\"mapAddress\":\"\",\"flexibleArea\":\"\"}},\"83\":{\"type\":\"oneColumn\",\"enabled\":\"1\",\"fields\":{\"heading\":\"\",\"body\":\"<p>Our classes are curriculum oriented, providing a fast paced yet easy approach to learning Brazilian Jiu Jitsu for children (7-12 years of age) and adults. Students achieve great results in a short amount of time learning realistic skills great for both self-defense and increasing fitness and stamina. Students also learn strategies for advancing in rank after completing time and skill requirements, all in a fun and safe environment.<\\/p>\",\"backgroundColor\":\"#ffffff\",\"backgroundImage\":\"\"}},\"84\":{\"type\":\"oneColumn\",\"enabled\":\"1\",\"fields\":{\"heading\":\"Kids BJJ Program\",\"body\":\"<p>The FPMA Brazilian Jiu Jitsu kids program is the perfect tool to change your child\\u2019s life forever. Lessons learned both on and off the mat will instill in them a confidence and self-belief that will continue with them throughout their lives. Plus, it\\u2019s FUN! FPMA stands firm on our anti-bullying policies, which have been reverse engineered to safely and effectively repel any aggressor, with truly phenomenal results.<\\/p>\\r\\n\\r\\n<p>Overall, the Kids BBJ program is designed to develop a sense of discipline, determination, leadership, commitment, responsibility, good sportsmanship and confidence into our future leaders<\\/p>\",\"backgroundColor\":\"#f5f5f5\",\"backgroundImage\":\"\"}},\"85\":{\"type\":\"oneColumn\",\"enabled\":\"1\",\"fields\":{\"heading\":\"Adults BJJ Fundamentals\",\"body\":\"<p>FPMA BJJ Fundamentals Program is designed to teach the overall self-defense strategy of Brazilian Jiu-Jitsu. The class begins with a pre-workout involving many body weight exercises and it will teach you the basics, from learning how to fall, to clinching, taking down and successfully setting up and applying a submission hold as well as various escapes. We provide a detailed instruction in wrestling, judo, and Brazilian Jiu Jitsu, as they are all relevant to mastership. The class ends with positional training that helps students focus on the lesson of the week and get a feel for live training. Through repetition techniques, your training will slowly prepare you to begin drilling at a full resistance.<\\/p>\",\"backgroundColor\":\"#ffffff\",\"backgroundImage\":\"\"}}},\"4\":\"\",\"3\":\"\"}}', '2016-06-15 03:52:55', '2016-06-15 03:52:55', '42a11529-c565-41ee-9c40-65effd57aa29'),
 ('83', '81', '3', '1', 'en_us', '4', '', '{\"typeId\":\"4\",\"authorId\":\"1\",\"title\":\"Brazilian Jiu-Jitsu\",\"slug\":\"brazilian-jiu-jitsu\",\"postDate\":1465960800,\"expiryDate\":null,\"enabled\":1,\"parentId\":\"6\",\"fields\":{\"5\":{\"82\":{\"type\":\"secondaryHero\",\"enabled\":\"1\",\"fields\":{\"heading\":\"Brazilian Jiu-Jitsu\",\"body\":\"<p><strong>Brazilian Jiu-Jitsu: (7 to 12-year-old + Adults)&nbsp;<\\/strong><\\/p>\\r\\n\\r\\n<p>The sport of Brazilian Jiu Jitsu can be quite complex. Our intro program helps break down all the essential concepts of the sport making it much easier to pick up for anybody. Freddie Poole\\u2019s Martial arts is a proud affiliate of the Carlos Machado BJJ association and network. Carlos Machado is nephew to one of the founders of Brazilian Jiu Jitsu, late master Carlos Gracie. Carlos is determined to keep the legacy going through teaching and partnering with others including our very own, Freddie Poole.&nbsp;<\\/p>\",\"contactButton\":\"1\",\"backgroundColor\":\"#000000\",\"backgroundImage\":[\"8\"],\"mapTitle\":\"\",\"mapContent\":\"\",\"mapAddress\":\"\",\"flexibleArea\":\"\"}},\"83\":{\"type\":\"oneColumn\",\"enabled\":\"1\",\"fields\":{\"heading\":\"\",\"body\":\"<p>Our classes are curriculum oriented, providing a fast paced yet easy approach to learning Brazilian Jiu Jitsu for children (7-12 years of age) and adults. Students achieve great results in a short amount of time learning realistic skills great for both self-defense and increasing fitness and stamina. Students also learn strategies for advancing in rank after completing time and skill requirements, all in a fun and safe environment.<\\/p>\",\"backgroundColor\":\"#ffffff\",\"backgroundImage\":\"\"}},\"84\":{\"type\":\"oneColumn\",\"enabled\":\"1\",\"fields\":{\"heading\":\"Kids BJJ Program\",\"body\":\"<p>The FPMA Brazilian Jiu Jitsu kids program is the perfect tool to change your child\\u2019s life forever. Lessons learned both on and off the mat will instill in them a confidence and self-belief that will continue with them throughout their lives. Plus, it\\u2019s FUN! FPMA stands firm on our anti-bullying policies, which have been reverse engineered to safely and effectively repel any aggressor, with truly phenomenal results.<\\/p>\\r\\n\\r\\n<p>Overall, the Kids BBJ program is designed to develop a sense of discipline, determination, leadership, commitment, responsibility, good sportsmanship and confidence into our future leaders<\\/p>\",\"backgroundColor\":\"#f5f5f5\",\"backgroundImage\":\"\"}},\"85\":{\"type\":\"oneColumn\",\"enabled\":\"1\",\"fields\":{\"heading\":\"Adults BJJ Fundamentals\",\"body\":\"<p>FPMA BJJ Fundamentals Program is designed to teach the overall self-defense strategy of Brazilian Jiu-Jitsu. The class begins with a pre-workout involving many body weight exercises and it will teach you the basics, from learning how to fall, to clinching, taking down and successfully setting up and applying a submission hold as well as various escapes. We provide a detailed instruction in wrestling, judo, and Brazilian Jiu Jitsu, as they are all relevant to mastership. The class ends with positional training that helps students focus on the lesson of the week and get a feel for live training. Through repetition techniques, your training will slowly prepare you to begin drilling at a full resistance.<\\/p>\",\"backgroundColor\":\"#ffffff\",\"backgroundImage\":\"\"}}},\"22\":\"Brazilian Jiu-Jitsu: (7 to 12-year-old + Adults)\",\"4\":\"\",\"3\":\"\"}}', '2016-06-15 03:53:41', '2016-06-15 03:53:41', '9c7dd54c-873a-4384-87fb-163a80632b92'),
 ('84', '86', '3', '1', 'en_us', '2', '', '{\"typeId\":\"4\",\"authorId\":\"1\",\"title\":\"Ladies Kickboxing\",\"slug\":\"ladies-kickboxing\",\"postDate\":1465960920,\"expiryDate\":null,\"enabled\":1,\"parentId\":\"6\",\"fields\":{\"5\":{\"87\":{\"type\":\"oneColumn\",\"enabled\":\"1\",\"fields\":{\"heading\":\"Ladies Kickboxing\",\"body\":\"<p>The Ladies Kickboxing program is exclusively for ladies looking to combine an intense physical workout with the added perk of self-defense practices. Outside of incorporating various types of kickboxing techniques and strikes, FPMA Ladies kickboxing helps to educate students on many aspects of weight training, physical conditioning and yoga.&nbsp;<\\/p>\",\"backgroundColor\":\"#000000\",\"backgroundImage\":[\"8\"]}},\"88\":{\"type\":\"oneColumn\",\"enabled\":\"1\",\"fields\":{\"heading\":\"\",\"body\":\"<p>As intimidating as it may sound, kickboxing is perfect for all ladies. From beginners to experts, you\\u2019re sure to get the most from the&nbsp;private like atmosphere and pace of the class. With a dedicated staff of skilled professionals, kickboxing is the ideal workout option for mothers looking for an alternative to going to the gym and unique workout options with morning, afternoon and evening classes available.<\\/p>\",\"backgroundColor\":\"#ffffff\",\"backgroundImage\":\"\"}}},\"22\":\"Ladies Kickboxing\",\"4\":\"\",\"3\":\"\"}}', '2016-06-15 03:54:23', '2016-06-15 03:54:23', '00aeba99-9857-4f07-911b-c2950340104b'),
 ('85', '93', '3', '1', 'en_us', '2', '', '{\"typeId\":\"4\",\"authorId\":\"1\",\"title\":\"Muay Thai\",\"slug\":\"muay-thai\",\"postDate\":1465961400,\"expiryDate\":null,\"enabled\":1,\"parentId\":\"6\",\"fields\":{\"5\":{\"94\":{\"type\":\"secondaryHero\",\"enabled\":\"1\",\"fields\":{\"heading\":\"Muay Thai\",\"body\":\"<p><strong>Muay Thai: Adults<\\/strong><br><\\/p><p>Muay Thai is a combat sport from Thailand that uses stand-up strikes along with various clinch techniques. This physical and mental discipline is known as \\\"the art of eight limbs\\\" because it is characterized by the combined use of fists, elbows, knees and shins during training.&nbsp;<\\/p>\",\"contactButton\":\"1\",\"backgroundColor\":\"#000000\",\"backgroundImage\":[\"40\"],\"mapTitle\":\"\",\"mapContent\":\"\",\"mapAddress\":\"\",\"flexibleArea\":\"\"}},\"95\":{\"type\":\"oneColumn\",\"enabled\":\"1\",\"fields\":{\"heading\":\"\",\"body\":\"<p>Individuals participating in this program achieve outstanding physical conditioning due to the highly intense yet fun&nbsp;nature of striking through the use of bag&nbsp;drills, mitt drills&nbsp;and pad work. This self paced class is taught by high level instructors with years of training in this discipline, who encourage each participant to reach their full physical potential. &nbsp; &nbsp; &nbsp; &nbsp;&nbsp;<\\/p>\",\"backgroundColor\":\"#ffffff\",\"backgroundImage\":\"\"}}},\"22\":\"Muay Thai: Adults\",\"4\":\"\",\"3\":\"\"}}', '2016-06-15 03:55:27', '2016-06-15 03:55:27', '1e1005fc-99cb-49d8-9e44-be775dbd7926'),
 ('86', '89', '3', '1', 'en_us', '2', '', '{\"typeId\":\"4\",\"authorId\":\"1\",\"title\":\"Martial Arts\",\"slug\":\"martial-arts\",\"postDate\":1465961160,\"expiryDate\":null,\"enabled\":1,\"parentId\":\"6\",\"fields\":{\"5\":{\"90\":{\"type\":\"secondaryHero\",\"enabled\":\"1\",\"fields\":{\"heading\":\"Martial Arts\",\"body\":\"<p><strong>Martial Arts (7 to 12 years old + Adults)<\\/strong><\\/p>\\r\\n\\r\\n<p>Martial arts training helps to develop an indomitable spirit in practitioners of any age and any skill level. FPMA martial arts program focuses on increased concentration, ability to memorize and awareness. Many of our students say there is no better stress relief than coming onto the mat and pushing their minds, bodies and spirits to the limits.<\\/p>\",\"contactButton\":\"1\",\"backgroundColor\":\"#000000\",\"backgroundImage\":[\"8\"],\"mapTitle\":\"\",\"mapContent\":\"\",\"mapAddress\":\"\",\"flexibleArea\":\"\"}},\"91\":{\"type\":\"oneColumn\",\"enabled\":\"1\",\"fields\":{\"heading\":\"Martial Arts: Juniors\",\"body\":\"<h3>Freddie Poole Beginner\\u2019s Course (White Belts):<\\/h3>\\r\\n\\r\\n<p>This class begins with traditional Chung Do Kwon (Tae Kwon Do) and karate. Students learn basic commands, basic stances and blocks, and basic kicks and punches. This program implements boxing to enhance and modernize the system. Students\\u2019 progress through short-term goals (stripes) to reach their long-term goal (colored rank). Students learn practical and situational self-defense as well. Classes are thirty minutes (for greater retention of material), in a fun, yet disciplined and true martial arts environment.<\\/p>\\r\\n\\r\\n\\r\\n\\r\\n\\r\\n\\r\\n\\r\\n\\r\\n<h3>Freddie Poole Intermediate Course (Orange through Purple belts):<\\/h3>\\r\\n\\r\\n\\r\\n\\r\\n\\r\\n\\r\\n<p>The Freddie Poole Intermediate Karate Course focuses on the student\\u2019s concentration and increases physical fitness through agility and coordination drills. Balance and kicking technique are emphasized as well as an introduction to sparring technique and strategy. Each step of the way, children are guided towards a true understanding of their new found skills and associated responsibilities. To balance and complete the intermediate program, students will learn basic judo and take downs (blue belt). Class time will increase to 45 minutes to an hour long.<\\/p>\\r\\n\\r\\n\\r\\n\\r\\n<h3>Freddie Poole Advanced Course (Red through Black Belt):<\\/h3>\\r\\n\\r\\n\\r\\n\\r\\n<p>In the Freddie Poole Advanced Karate Program, students are introduced to advanced technique drills and advanced forms. Students\\u2019 progress to a more intense and advanced sparring level in preparation for Black Belt. To create a well-balanced program and student, the Freddie Poole Advanced course focuses on self-defense and mental awareness, with a heavy emphasis on grappling and Brazilian Jiu Jitsu fitness goals.<\\/p>\",\"backgroundColor\":\"#ffffff\",\"backgroundImage\":\"\"}},\"92\":{\"type\":\"oneColumn\",\"enabled\":\"1\",\"fields\":{\"heading\":\"Martial Arts: Adults\",\"body\":\"<p>The adult curriculum is a structured traditional program complimented by modern training techniques that provide students the opportunity to understand theory as well as practical application.<\\/p>\\r\\n\\r\\n<p>Students learn techniques and strategies that can truly be life-saving skills as well as give overall fitness. New students will see improvement in their coordination, flexibility and muscle tone in just a few short weeks. Those who become proficient in martial arts will have better stamina, strength and peace of mind that comes from knowing they can efficiently and effectively defend themselves.<\\/p>\",\"backgroundColor\":\"#f5f5f5\",\"backgroundImage\":\"\"}}},\"22\":\"Martial Arts\",\"4\":\"\",\"3\":\"\"}}', '2016-06-15 03:55:47', '2016-06-15 03:55:47', '8d238207-2622-4ff2-8bf6-5ceb0fbd7af8'),
 ('87', '89', '3', '1', 'en_us', '3', '', '{\"typeId\":\"4\",\"authorId\":\"1\",\"title\":\"Martial Arts\",\"slug\":\"martial-arts\",\"postDate\":1465961160,\"expiryDate\":null,\"enabled\":1,\"parentId\":\"6\",\"fields\":{\"5\":{\"90\":{\"type\":\"secondaryHero\",\"enabled\":\"1\",\"fields\":{\"heading\":\"Martial Arts\",\"body\":\"<p><strong>Martial Arts (7 to 12 years old + Adults)<\\/strong><\\/p>\\r\\n\\r\\n<p>Martial arts training helps to develop an indomitable spirit in practitioners of any age and any skill level. FPMA martial arts program focuses on increased concentration, ability to memorize and awareness. Many of our students say there is no better stress relief than coming onto the mat and pushing their minds, bodies and spirits to the limits.<\\/p>\",\"contactButton\":\"1\",\"backgroundColor\":\"#000000\",\"backgroundImage\":[\"8\"],\"mapTitle\":\"\",\"mapContent\":\"\",\"mapAddress\":\"\",\"flexibleArea\":\"\"}},\"91\":{\"type\":\"oneColumn\",\"enabled\":\"1\",\"fields\":{\"heading\":\"Martial Arts: Juniors\",\"body\":\"<h3>Freddie Poole Beginner\\u2019s Course (White Belts):<\\/h3>\\r\\n\\r\\n<p>This class begins with traditional Chung Do Kwon (Tae Kwon Do) and karate. Students learn basic commands, basic stances and blocks, and basic kicks and punches. This program implements boxing to enhance and modernize the system. Students\\u2019 progress through short-term goals (stripes) to reach their long-term goal (colored rank). Students learn practical and situational self-defense as well. Classes are thirty minutes (for greater retention of material), in a fun, yet disciplined and true martial arts environment.<\\/p>\\r\\n\\r\\n\\r\\n\\r\\n\\r\\n\\r\\n\\r\\n\\r\\n\\r\\n\\r\\n<h3>Freddie Poole Intermediate Course (Orange through Purple belts):<\\/h3>\\r\\n\\r\\n\\r\\n\\r\\n\\r\\n\\r\\n\\r\\n\\r\\n<p>The Freddie Poole Intermediate Karate Course focuses on the student\\u2019s concentration and increases physical fitness through agility and coordination drills. Balance and kicking technique are emphasized as well as an introduction to sparring technique and strategy. Each step of the way, children are guided towards a true understanding of their new found skills and associated responsibilities. To balance and complete the intermediate program, students will learn basic judo and take downs (blue belt). Class time will increase to 45 minutes to an hour long.<\\/p>\\r\\n\\r\\n\\r\\n\\r\\n\\r\\n\\r\\n<h3>Freddie Poole Advanced Course (Red through Black Belt):<\\/h3>\\r\\n\\r\\n\\r\\n\\r\\n\\r\\n\\r\\n<p>In the Freddie Poole Advanced Karate Program, students are introduced to advanced technique drills and advanced forms. Students\\u2019 progress to a more intense and advanced sparring level in preparation for Black Belt. To create a well-balanced program and student, the Freddie Poole Advanced course focuses on self-defense and mental awareness, with a heavy emphasis on grappling and Brazilian Jiu Jitsu fitness goals.<\\/p>\",\"backgroundColor\":\"#ffffff\",\"backgroundImage\":\"\"}},\"92\":{\"type\":\"oneColumn\",\"enabled\":\"1\",\"fields\":{\"heading\":\"Martial Arts: Adults\",\"body\":\"<p>The adult curriculum is a structured traditional program complimented by modern training techniques that provide students the opportunity to understand theory as well as practical application.<\\/p>\\r\\n\\r\\n<p>Students learn techniques and strategies that can truly be life-saving skills as well as give overall fitness. New students will see improvement in their coordination, flexibility and muscle tone in just a few short weeks. Those who become proficient in martial arts will have better stamina, strength and peace of mind that comes from knowing they can efficiently and effectively defend themselves.<\\/p>\",\"backgroundColor\":\"#f5f5f5\",\"backgroundImage\":\"\"}}},\"22\":\"Martial Arts\",\"4\":\"\",\"3\":\"\"}}', '2016-06-15 03:55:58', '2016-06-15 03:55:58', 'a0be4344-d94d-476a-be6e-bd7a8081102b'),
 ('88', '96', '3', '1', 'en_us', '2', '', '{\"typeId\":\"4\",\"authorId\":\"1\",\"title\":\"Leadership\",\"slug\":\"leadership\",\"postDate\":1465961460,\"expiryDate\":null,\"enabled\":1,\"parentId\":\"6\",\"fields\":{\"5\":{\"97\":{\"type\":\"secondaryHero\",\"enabled\":\"1\",\"fields\":{\"heading\":\"Leadership\",\"body\":\"<p>The FPMA Leadership Program is an instructor recommended program. Students must first attain a blue belt through the Intermediate Program. They must also demonstrate leadership qualities to receive nominations.<\\/p>\",\"contactButton\":\"1\",\"backgroundColor\":\"#000000\",\"backgroundImage\":[\"8\"],\"mapTitle\":\"\",\"mapContent\":\"\",\"mapAddress\":\"\",\"flexibleArea\":\"\"}},\"98\":{\"type\":\"oneColumn\",\"enabled\":\"1\",\"fields\":{\"heading\":\"\",\"body\":\"<p>The FPMA Leadership Program focuses on developing leaders, not only in Martial Arts, but in the community as well. Each month leadership students are required to demonstrate and apply a new leadership skill at home, at school, and in the Martial&nbsp;Arts training.<\\/p>\",\"backgroundColor\":\"#ffffff\",\"backgroundImage\":\"\"}}},\"22\":\"\",\"4\":\"\",\"3\":\"\"}}', '2016-06-15 03:56:36', '2016-06-15 03:56:36', 'a0230b27-7ce3-4be6-a8f2-1c5b0c237013'),
 ('89', '81', '3', '1', 'en_us', '5', '', '{\"typeId\":\"4\",\"authorId\":\"1\",\"title\":\"Brazilian Jiu-Jitsu\",\"slug\":\"brazilian-jiu-jitsu\",\"postDate\":1465960800,\"expiryDate\":null,\"enabled\":1,\"parentId\":\"6\",\"fields\":{\"5\":{\"82\":{\"type\":\"secondaryHero\",\"enabled\":\"1\",\"fields\":{\"heading\":\"Brazilian Jiu-Jitsu\",\"body\":\"<p><strong>Brazilian Jiu-Jitsu: (7 to 12-year-old + Adults)&nbsp;<\\/strong><\\/p>\\r\\n\\r\\n<p>The sport of Brazilian Jiu Jitsu can be quite complex. Our intro program helps break down all the essential concepts of the sport making it much easier to pick up for anybody. Freddie Poole\\u2019s Martial arts is a proud affiliate of the Carlos Machado BJJ association and network. Carlos Machado is nephew to one of the founders of Brazilian Jiu Jitsu, late master Carlos Gracie. Carlos is determined to keep the legacy going through teaching and partnering with others including our very own, Freddie Poole.&nbsp;<\\/p>\",\"contactButton\":\"1\",\"backgroundColor\":\"#000000\",\"backgroundImage\":[\"8\"],\"mapTitle\":\"\",\"mapContent\":\"\",\"mapAddress\":\"\",\"flexibleArea\":\"\"}},\"83\":{\"type\":\"oneColumn\",\"enabled\":\"1\",\"fields\":{\"heading\":\"\",\"body\":\"<p>Our classes are curriculum oriented, providing a fast paced yet easy approach to learning Brazilian Jiu Jitsu for children (7-12 years of age) and adults. Students achieve great results in a short amount of time learning realistic skills great for both self-defense and increasing fitness and stamina. Students also learn strategies for advancing in rank after completing time and skill requirements, all in a fun and safe environment.<\\/p>\",\"backgroundColor\":\"#ffffff\",\"backgroundImage\":\"\"}},\"84\":{\"type\":\"oneColumn\",\"enabled\":\"1\",\"fields\":{\"heading\":\"Kids BJJ Program\",\"body\":\"<p>The FPMA Brazilian Jiu Jitsu kids program is the perfect tool to change your child\\u2019s life forever. Lessons learned both on and off the mat will instill in them a confidence and self-belief that will continue with them throughout their lives. Plus, it\\u2019s FUN! FPMA stands firm on our anti-bullying policies, which have been reverse engineered to safely and effectively repel any aggressor, with truly phenomenal results.<\\/p>\\r\\n\\r\\n<p>Overall, the Kids BBJ program is designed to develop a sense of discipline, determination, leadership, commitment, responsibility, good sportsmanship and confidence into our future leaders<\\/p>\",\"backgroundColor\":\"#f5f5f5\",\"backgroundImage\":\"\"}},\"85\":{\"type\":\"oneColumn\",\"enabled\":\"1\",\"fields\":{\"heading\":\"Adults BJJ Fundamentals\",\"body\":\"<p>FPMA BJJ Fundamentals Program is designed to teach the overall self-defense strategy of Brazilian Jiu-Jitsu. The class begins with a pre-workout involving many body weight exercises and it will teach you the basics, from learning how to fall, to clinching, taking down and successfully setting up and applying a submission hold as well as various escapes. We provide a detailed instruction in wrestling, judo, and Brazilian Jiu Jitsu, as they are all relevant to mastership. The class ends with positional training that helps students focus on the lesson of the week and get a feel for live training. Through repetition techniques, your training will slowly prepare you to begin drilling at a full resistance.<\\/p>\",\"backgroundColor\":\"#ffffff\",\"backgroundImage\":\"\"}}},\"22\":\"Brazilian Jiu-Jitsu\",\"4\":\"\",\"3\":\"\"}}', '2016-06-15 03:56:47', '2016-06-15 03:56:47', '14e9632e-8d6b-4110-9d3c-c2dc486717e1'),
 ('90', '34', '3', '1', 'en_us', '6', '', '{\"typeId\":\"3\",\"authorId\":\"1\",\"title\":\"FPMA\",\"slug\":\"dallas\",\"postDate\":1459032240,\"expiryDate\":null,\"enabled\":1,\"parentId\":\"7\",\"fields\":{\"5\":{\"35\":{\"type\":\"secondaryHero\",\"enabled\":\"1\",\"fields\":{\"heading\":\"Freddie Poole Martial \\u2013 FPMA\",\"body\":\"<p>Freddie Poole Martial Arts is conveniently located in Highland Park, just minutes away from Highland Park High School and McCulloch Intermediate School.&nbsp; We offer classes six days a week and have something for everyone in the family, check out our current class schedule below.<\\/p>\",\"contactButton\":\"1\",\"backgroundColor\":\"#000000\",\"backgroundImage\":[\"38\"],\"mapTitle\":\"Freddie Poole\'s Martial Arts\",\"mapContent\":\"<p>5757 West Lovers Lane, Suite 217<br>Dallas,&nbsp;TX United States 75209<br><a href=\\\"tel:2143525425\\\">214.352.5425<\\/a><\\/p>\",\"mapAddress\":\"5757 W. Lovers Lane #217 Dallas, TX United States 75209\",\"flexibleArea\":\"<p>Check out out current schedule to keep up to date with our latest offerings!<\\/p>\"}},\"54\":{\"type\":\"events\",\"enabled\":\"1\",\"fields\":{\"heading\":\"Event Calendar\",\"body\":\"\",\"location\":\"dallas\"}}},\"4\":\"\",\"3\":\"\"}}', '2016-06-15 03:59:34', '2016-06-15 03:59:34', 'e49e99ec-b15e-49d0-b67a-a5365a4ffbff'),
 ('91', '24', '3', '1', 'en_us', '13', '', '{\"typeId\":\"3\",\"authorId\":\"1\",\"title\":\"NTMA\",\"slug\":\"north-dallas\",\"postDate\":1458012000,\"expiryDate\":null,\"enabled\":1,\"parentId\":\"7\",\"fields\":{\"5\":{\"25\":{\"type\":\"secondaryHero\",\"enabled\":\"1\",\"fields\":{\"heading\":\"North Texas Martial Arts \\u2013 NTMA\",\"body\":\"<p>North Texas Martial Arts is certified partner school of Freddie Poole Martial Arts; we leverage the same martial arts curriculum as FPMA. North Texas Martial Art is led by Master Steve Sosa, a true martial artist with over 30 years of experience and multiple accolades, whose dedicated his passion for martial arts into teaching and coaching students.<\\/p>\",\"contactButton\":\"1\",\"backgroundColor\":\"#000000\",\"backgroundImage\":[\"10\"],\"mapTitle\":\"North Texas Martial Arts\",\"mapContent\":\"<p>17194 Preston Road, Suite 215<br>Dallas, Texas 75248<br>972.323.0027<\\/p>\",\"mapAddress\":\"17194 Preston Rd. #215   Dallas , TX United States 75248\",\"flexibleArea\":\"<p>Check out out current schedule to keep up to date with our latest offerings!<\\/p>\"}}},\"4\":\"\",\"3\":\"\"}}', '2016-06-15 03:59:54', '2016-06-15 03:59:54', 'c5a547e1-3dd7-4fc0-a4e8-21714f33346c'),
 ('92', '24', '3', '1', 'en_us', '14', '', '{\"typeId\":\"3\",\"authorId\":\"1\",\"title\":\"NTMA\",\"slug\":\"north-dallas\",\"postDate\":1458012000,\"expiryDate\":null,\"enabled\":1,\"parentId\":\"7\",\"fields\":{\"5\":{\"25\":{\"type\":\"secondaryHero\",\"enabled\":\"1\",\"fields\":{\"heading\":\"North Texas Martial Arts \\u2013 NTMA\",\"body\":\"<p>North Texas Martial Arts is certified partner school of Freddie Poole Martial Arts; we leverage the same martial arts curriculum as FPMA. North Texas Martial Art is led by Master Steve Sosa, a true martial artist with over 30 years of experience and multiple accolades, whose dedicated his passion for martial arts into teaching and coaching students.<\\/p>\",\"contactButton\":\"1\",\"backgroundColor\":\"#000000\",\"backgroundImage\":[\"10\"],\"mapTitle\":\"North Texas Martial Arts\",\"mapContent\":\"<p>17194 Preston Road, Suite 215<br>Dallas, Texas 75248<br><a href=\\\"http:\\/\\/tel:972.323.0027\\\">972.323.0027<\\/a><\\/p>\",\"mapAddress\":\"17194 Preston Rd. #215  Dallas, TX United States 75248\",\"flexibleArea\":\"<p>Check out out current schedule to keep up to date with our latest offerings!<\\/p>\"}},\"new1\":{\"type\":\"events\",\"enabled\":\"1\",\"fields\":{\"heading\":\"\",\"body\":\"\",\"location\":\"northDallas\"}}},\"4\":\"\",\"3\":\"\"}}', '2016-06-15 04:00:58', '2016-06-15 04:00:58', '7cb8325d-7012-4600-9edd-ec353be03380'),
 ('93', '34', '3', '1', 'en_us', '7', '', '{\"typeId\":\"3\",\"authorId\":\"1\",\"title\":\"FPMA\",\"slug\":\"dallas\",\"postDate\":1459032240,\"expiryDate\":null,\"enabled\":1,\"parentId\":\"7\",\"fields\":{\"5\":{\"35\":{\"type\":\"secondaryHero\",\"enabled\":\"1\",\"fields\":{\"heading\":\"Freddie Poole Martial \\u2013 FPMA\",\"body\":\"<p>Freddie Poole Martial Arts is conveniently located in Highland Park, just minutes away from Highland Park High School and McCulloch Intermediate School.&nbsp; We offer classes six days a week and have something for everyone in the family, check out our current class schedule below.<\\/p>\",\"contactButton\":\"1\",\"backgroundColor\":\"#000000\",\"backgroundImage\":[\"38\"],\"mapTitle\":\"Freddie Poole\'s Martial Arts\",\"mapContent\":\"<p>5757 West Lovers Lane, Suite 217<br>Dallas,&nbsp;TX United States 75209<br><a href=\\\"tel:2143525425\\\">214.352.5425<\\/a><\\/p>\",\"mapAddress\":\"5757 W. Lovers Lane #217 Dallas, TX United States 75209\",\"flexibleArea\":\"<p>Check out out current schedule to keep up to date with our latest offerings!<\\/p>\"}},\"54\":{\"type\":\"events\",\"enabled\":\"1\",\"fields\":{\"heading\":\"FPMA \\u2013 Event Calendar\",\"body\":\"\",\"location\":\"dallas\"}}},\"4\":\"\",\"3\":\"\"}}', '2016-06-15 04:01:34', '2016-06-15 04:01:34', 'd6995714-a77e-4145-ae06-f77095f21576'),
 ('94', '24', '3', '1', 'en_us', '15', '', '{\"typeId\":\"3\",\"authorId\":\"1\",\"title\":\"NTMA\",\"slug\":\"north-dallas\",\"postDate\":1458012000,\"expiryDate\":null,\"enabled\":1,\"parentId\":\"7\",\"fields\":{\"5\":{\"25\":{\"type\":\"secondaryHero\",\"enabled\":\"1\",\"fields\":{\"heading\":\"North Texas Martial Arts \\u2013 NTMA\",\"body\":\"<p>North Texas Martial Arts is certified partner school of Freddie Poole Martial Arts; we leverage the same martial arts curriculum as FPMA. North Texas Martial Art is led by Master Steve Sosa, a true martial artist with over 30 years of experience and multiple accolades, whose dedicated his passion for martial arts into teaching and coaching students.<\\/p>\",\"contactButton\":\"1\",\"backgroundColor\":\"#000000\",\"backgroundImage\":[\"10\"],\"mapTitle\":\"North Texas Martial Arts\",\"mapContent\":\"<p>17194 Preston Road, Suite 215<br>Dallas, Texas 75248<br><a href=\\\"http:\\/\\/tel:972.323.0027\\\">972.323.0027<\\/a><\\/p>\",\"mapAddress\":\"17194 Preston Rd. #215  Dallas, TX United States 75248\",\"flexibleArea\":\"<p>Check out out current schedule to keep up to date with our latest offerings!<\\/p>\"}},\"103\":{\"type\":\"events\",\"enabled\":\"1\",\"fields\":{\"heading\":\"NTMA \\u2013 Event Calendar\",\"body\":\"\",\"location\":\"northDallas\"}}},\"4\":\"\",\"3\":\"\"}}', '2016-06-15 04:01:56', '2016-06-15 04:01:56', 'b43288de-c248-4723-bd55-711eef715559'),
 ('95', '24', '3', '1', 'en_us', '16', '', '{\"typeId\":\"3\",\"authorId\":\"1\",\"title\":\"NTMA\",\"slug\":\"north-dallas\",\"postDate\":1458012000,\"expiryDate\":null,\"enabled\":1,\"parentId\":\"7\",\"fields\":{\"5\":{\"25\":{\"type\":\"secondaryHero\",\"enabled\":\"1\",\"fields\":{\"heading\":\"North Texas Martial Arts \\u2013 NTMA\",\"body\":\"<p>North Texas Martial Arts is certified partner school of Freddie Poole Martial Arts; we leverage the same martial arts curriculum as FPMA. North Texas Martial Art is led by Master Steve Sosa, a true martial artist with over 30 years of experience and multiple accolades, whose dedicated his passion for martial arts into teaching and coaching students.<\\/p>\",\"contactButton\":\"1\",\"backgroundColor\":\"#000000\",\"backgroundImage\":[\"38\"],\"mapTitle\":\"North Texas Martial Arts\",\"mapContent\":\"<p>17194 Preston Road, Suite 215<br>Dallas, Texas 75248<br><a href=\\\"http:\\/\\/tel:972.323.0027\\\">972.323.0027<\\/a><\\/p>\",\"mapAddress\":\"17194 Preston Rd. #215  Dallas, TX United States 75248\",\"flexibleArea\":\"<p>Check out out current schedule to keep up to date with our latest offerings!<\\/p>\"}},\"103\":{\"type\":\"events\",\"enabled\":\"1\",\"fields\":{\"heading\":\"NTMA \\u2013 Event Calendar\",\"body\":\"\",\"location\":\"northDallas\"}}},\"4\":\"\",\"3\":\"\"}}', '2016-06-15 04:02:34', '2016-06-15 04:02:34', '163ec538-409d-4669-844c-8820502a4dff'),
 ('96', '24', '3', '1', 'en_us', '17', '', '{\"typeId\":\"3\",\"authorId\":\"1\",\"title\":\"NTMA\",\"slug\":\"north-dallas\",\"postDate\":1458012000,\"expiryDate\":null,\"enabled\":1,\"parentId\":\"7\",\"fields\":{\"5\":{\"25\":{\"type\":\"secondaryHero\",\"enabled\":\"1\",\"fields\":{\"heading\":\"Freddie Poole North Martial Arts \\u2013 NTMA\",\"body\":\"<p>North Texas Martial Arts is certified partner school of Freddie Poole Martial Arts; we leverage the same martial arts curriculum as FPMA. North Texas Martial Art is led by Master Steve Sosa, a true martial artist with over 30 years of experience and multiple accolades, whose dedicated his passion for martial arts into teaching and coaching students.<\\/p>\",\"contactButton\":\"1\",\"backgroundColor\":\"#000000\",\"backgroundImage\":[\"38\"],\"mapTitle\":\"North Texas Martial Arts\",\"mapContent\":\"<p>17194 Preston Road, Suite 215<br>Dallas, Texas 75248<br><a href=\\\"http:\\/\\/tel:972.323.0027\\\">972.323.0027<\\/a><\\/p>\",\"mapAddress\":\"17194 Preston Rd. #215  Dallas, TX United States 75248\",\"flexibleArea\":\"<p>Check out out current schedule to keep up to date with our latest offerings!<\\/p>\"}},\"103\":{\"type\":\"events\",\"enabled\":\"1\",\"fields\":{\"heading\":\"NTMA \\u2013 Event Calendar\",\"body\":\"\",\"location\":\"northDallas\"}}},\"4\":\"\",\"3\":\"\"}}', '2016-06-20 21:38:30', '2016-06-20 21:38:30', '254463e3-c580-43a8-a9f5-94d48e47e100'),
 ('97', '34', '3', '1', 'en_us', '8', '', '{\"typeId\":\"3\",\"authorId\":\"1\",\"title\":\"Freddie Poole Martial Arts\",\"slug\":\"dallas\",\"postDate\":1459032240,\"expiryDate\":null,\"enabled\":1,\"parentId\":\"7\",\"fields\":{\"5\":{\"35\":{\"type\":\"secondaryHero\",\"enabled\":\"1\",\"fields\":{\"heading\":\"Freddie Poole Martial Arts\",\"body\":\"<p>Freddie Poole Martial Arts is conveniently located in Highland Park, just minutes away from Highland Park High School and McCulloch Intermediate School.&nbsp; We offer classes six days a week and have something for everyone in the family, check out our current class schedule below.<\\/p>\",\"contactButton\":\"1\",\"backgroundColor\":\"#000000\",\"backgroundImage\":[\"38\"],\"mapTitle\":\"Freddie Poole\'s Martial Arts\",\"mapContent\":\"<p>5757 West Lovers Lane, Suite 217<br>Dallas,&nbsp;TX United States 75209<br><a href=\\\"tel:2143525425\\\">214.352.5425<\\/a><\\/p>\",\"mapAddress\":\"5757 W. Lovers Lane #217 Dallas, TX United States 75209\",\"flexibleArea\":\"<p>Check out out current schedule to keep up to date with our latest offerings!<\\/p>\"}},\"54\":{\"type\":\"events\",\"enabled\":\"1\",\"fields\":{\"heading\":\"FPMA \\u2013 Event Calendar\",\"body\":\"\",\"location\":\"dallas\"}}},\"4\":\"\",\"3\":\"\"}}', '2016-06-20 21:44:41', '2016-06-20 21:44:41', '4a610656-3a41-4676-9fa5-2f3dc3174869'),
 ('98', '24', '3', '1', 'en_us', '18', '', '{\"typeId\":\"3\",\"authorId\":\"1\",\"title\":\"North Texas Freddie Poole Martial Arts\",\"slug\":\"north-dallas\",\"postDate\":1458012000,\"expiryDate\":null,\"enabled\":1,\"parentId\":\"7\",\"fields\":{\"5\":{\"25\":{\"type\":\"secondaryHero\",\"enabled\":\"1\",\"fields\":{\"heading\":\"Freddie Poole North Martial Arts\",\"body\":\"<p>North Texas Martial Arts is certified partner school of Freddie Poole Martial Arts; we leverage the same martial arts curriculum as FPMA. North Texas Martial Art is led by Master Steve Sosa, a true martial artist with over 30 years of experience and multiple accolades, whose dedicated his passion for martial arts into teaching and coaching students.<\\/p>\",\"contactButton\":\"1\",\"backgroundColor\":\"#000000\",\"backgroundImage\":[\"38\"],\"mapTitle\":\"North Texas Martial Arts\",\"mapContent\":\"<p>17194 Preston Road, Suite 215<br>Dallas, Texas 75248<br><a href=\\\"http:\\/\\/tel:972.323.0027\\\">972.323.0027<\\/a><\\/p>\",\"mapAddress\":\"17194 Preston Rd. #215  Dallas, TX United States 75248\",\"flexibleArea\":\"<p>Check out out current schedule to keep up to date with our latest offerings!<\\/p>\"}},\"103\":{\"type\":\"events\",\"enabled\":\"1\",\"fields\":{\"heading\":\"NTMA \\u2013 Event Calendar\",\"body\":\"\",\"location\":\"northDallas\"}}},\"4\":\"\",\"3\":\"\"}}', '2016-06-20 21:54:46', '2016-06-20 21:54:46', '08ccdfbb-9f3e-41ce-b8a9-84696616ed84'),
 ('99', '17', '3', '1', 'en_us', '5', '', '{\"typeId\":\"4\",\"authorId\":\"1\",\"title\":\"Juniors\",\"slug\":\"juniors\",\"postDate\":1458100080,\"expiryDate\":null,\"enabled\":1,\"parentId\":\"6\",\"fields\":{\"5\":{\"79\":{\"type\":\"secondaryHero\",\"enabled\":\"1\",\"fields\":{\"heading\":\"Juniors\",\"body\":\"<p><strong>Juniors: (7 to 12 years old)&nbsp;<br><\\/strong><\\/p>\\r\\n\\r\\n<p>Freddie Poole\\u2019s Martial Arts\\u00ae&nbsp;junior martial arts program&nbsp;is a unique training system that combines traditional values and principles with a modern system of combat, self-defense and fitness. Our exclusive system and program is a hybrid style, which incorporates training methods of karate and tae-kwon-do with westernized boxing, judo and Brazilian Jiu Jitsu. FPMA has a variety of instructors teaching our program. This gives students an advantage of learning martial arts from different perspectives, which enhances the quality of training.&nbsp;<\\/p>\",\"contactButton\":\"1\",\"backgroundColor\":\"#000000\",\"backgroundImage\":[\"8\"],\"mapTitle\":\"\",\"mapContent\":\"\",\"mapAddress\":\"\",\"flexibleArea\":\"\"}},\"80\":{\"type\":\"oneColumn\",\"enabled\":\"1\",\"fields\":{\"heading\":\"\",\"body\":\"<p>Our Juniors program focuses on advancement and growth based on each child\\u2019s individual pace. The key to our success is each discipline is introduced in stages to the student, rather than front-loading a program. Juniors will begin to grasp the concept of self-discipline as they achieve goals. When he\\/she tackles more difficult goals, the self-confidence grows and serves as a strong foundation in all aspects of life.<\\/p>\",\"backgroundColor\":\"#ffffff\",\"backgroundImage\":[\"12\"]}}},\"22\":\"Juniors (7 -12 YO)\",\"4\":\"\",\"3\":\"\"}}', '2016-06-27 01:19:33', '2016-06-27 01:19:33', '67dd8401-628c-42e8-873a-c4478d6e43b1'),
 ('100', '81', '3', '1', 'en_us', '6', '', '{\"typeId\":\"4\",\"authorId\":\"1\",\"title\":\"Brazilian Jiu-Jitsu\",\"slug\":\"brazilian-jiu-jitsu\",\"postDate\":1465960800,\"expiryDate\":null,\"enabled\":1,\"parentId\":\"6\",\"fields\":{\"5\":{\"82\":{\"type\":\"secondaryHero\",\"enabled\":\"1\",\"fields\":{\"heading\":\"Brazilian Jiu-Jitsu\",\"body\":\"<p><strong>Brazilian Jiu-Jitsu: (7 to 12-year-old + Adults)&nbsp;<\\/strong><\\/p>\\r\\n\\r\\n<p>The sport of Brazilian Jiu Jitsu can be quite complex. Our intro program helps break down all the essential concepts of the sport making it much easier to pick up for anybody. Freddie Poole\\u2019s Martial arts is a proud affiliate of the Carlos Machado BJJ association and network. Carlos Machado is nephew to one of the founders of Brazilian Jiu Jitsu, late master Carlos Gracie. Carlos is determined to keep the legacy going through teaching and partnering with others including our very own, Freddie Poole.&nbsp;<\\/p>\",\"contactButton\":\"1\",\"backgroundColor\":\"#000000\",\"backgroundImage\":[\"8\"],\"mapTitle\":\"\",\"mapContent\":\"\",\"mapAddress\":\"\",\"flexibleArea\":\"\"}},\"83\":{\"type\":\"oneColumn\",\"enabled\":\"1\",\"fields\":{\"heading\":\"\",\"body\":\"<p>Our classes are curriculum oriented, providing a fast paced yet easy approach to learning Brazilian Jiu Jitsu for children (7-12 years of age) and adults. Students achieve great results in a short amount of time learning realistic skills great for both self-defense and increasing fitness and stamina. Students also learn strategies for advancing in rank after completing time and skill requirements, all in a fun and safe environment.<\\/p>\",\"backgroundColor\":\"#ffffff\",\"backgroundImage\":[\"12\"]}},\"84\":{\"type\":\"oneColumn\",\"enabled\":\"1\",\"fields\":{\"heading\":\"Kids BJJ Program\",\"body\":\"<p>The FPMA Brazilian Jiu Jitsu kids program is the perfect tool to change your child\\u2019s life forever. Lessons learned both on and off the mat will instill in them a confidence and self-belief that will continue with them throughout their lives. Plus, it\\u2019s FUN! FPMA stands firm on our anti-bullying policies, which have been reverse engineered to safely and effectively repel any aggressor, with truly phenomenal results.<\\/p>\\r\\n\\r\\n<p>Overall, the Kids BBJ program is designed to develop a sense of discipline, determination, leadership, commitment, responsibility, good sportsmanship and confidence into our future leaders<\\/p>\",\"backgroundColor\":\"#f5f5f5\",\"backgroundImage\":\"\"}},\"85\":{\"type\":\"oneColumn\",\"enabled\":\"1\",\"fields\":{\"heading\":\"Adults BJJ Fundamentals\",\"body\":\"<p>FPMA BJJ Fundamentals Program is designed to teach the overall self-defense strategy of Brazilian Jiu-Jitsu. The class begins with a pre-workout involving many body weight exercises and it will teach you the basics, from learning how to fall, to clinching, taking down and successfully setting up and applying a submission hold as well as various escapes. We provide a detailed instruction in wrestling, judo, and Brazilian Jiu Jitsu, as they are all relevant to mastership. The class ends with positional training that helps students focus on the lesson of the week and get a feel for live training. Through repetition techniques, your training will slowly prepare you to begin drilling at a full resistance.<\\/p>\",\"backgroundColor\":\"#ffffff\",\"backgroundImage\":\"\"}}},\"22\":\"Brazilian Jiu-Jitsu\",\"4\":\"\",\"3\":\"\"}}', '2016-06-27 01:20:02', '2016-06-27 01:20:02', 'c4f6cb7d-d4da-469c-a717-11acd8b4ba0d'),
 ('101', '86', '3', '1', 'en_us', '3', '', '{\"typeId\":\"4\",\"authorId\":\"1\",\"title\":\"Ladies Kickboxing\",\"slug\":\"ladies-kickboxing\",\"postDate\":1465960920,\"expiryDate\":null,\"enabled\":1,\"parentId\":\"6\",\"fields\":{\"5\":{\"87\":{\"type\":\"oneColumn\",\"enabled\":\"1\",\"fields\":{\"heading\":\"Ladies Kickboxing\",\"body\":\"<p>The Ladies Kickboxing program is exclusively for ladies looking to combine an intense physical workout with the added perk of self-defense practices. Outside of incorporating various types of kickboxing techniques and strikes, FPMA Ladies kickboxing helps to educate students on many aspects of weight training, physical conditioning and yoga.&nbsp;<\\/p>\",\"backgroundColor\":\"#000000\",\"backgroundImage\":[\"8\"]}},\"88\":{\"type\":\"oneColumn\",\"enabled\":\"1\",\"fields\":{\"heading\":\"\",\"body\":\"<p>As intimidating as it may sound, kickboxing is perfect for all ladies. From beginners to experts, you\\u2019re sure to get the most from the&nbsp;private like atmosphere and pace of the class. With a dedicated staff of skilled professionals, kickboxing is the ideal workout option for mothers looking for an alternative to going to the gym and unique workout options with morning, afternoon and evening classes available.<\\/p>\",\"backgroundColor\":\"#ffffff\",\"backgroundImage\":[\"12\"]}}},\"22\":\"Ladies Kickboxing\",\"4\":\"\",\"3\":\"\"}}', '2016-06-27 01:21:51', '2016-06-27 01:21:51', 'f3384a6b-80fa-4116-831b-1011aa33ca21'),
 ('102', '86', '3', '1', 'en_us', '4', '', '{\"typeId\":\"4\",\"authorId\":\"1\",\"title\":\"Ladies Kickboxing\",\"slug\":\"ladies-kickboxing\",\"postDate\":1465960920,\"expiryDate\":null,\"enabled\":1,\"parentId\":\"6\",\"fields\":{\"5\":{\"87\":{\"type\":\"oneColumn\",\"enabled\":\"1\",\"fields\":{\"heading\":\"Ladies Kickboxing\",\"body\":\"<p>The Ladies Kickboxing program is exclusively for ladies looking to combine an intense physical workout with the added perk of self-defense practices. Outside of incorporating various types of kickboxing techniques and strikes, FPMA Ladies kickboxing helps to educate students on many aspects of weight training, physical conditioning and yoga.&nbsp;<\\/p>\",\"backgroundColor\":\"#000000\",\"backgroundImage\":[\"111\"]}},\"88\":{\"type\":\"oneColumn\",\"enabled\":\"1\",\"fields\":{\"heading\":\"\",\"body\":\"<p>As intimidating as it may sound, kickboxing is perfect for all ladies. From beginners to experts, you\\u2019re sure to get the most from the&nbsp;private like atmosphere and pace of the class. With a dedicated staff of skilled professionals, kickboxing is the ideal workout option for mothers looking for an alternative to going to the gym and unique workout options with morning, afternoon and evening classes available.<\\/p>\",\"backgroundColor\":\"#ffffff\",\"backgroundImage\":[\"12\"]}}},\"22\":\"Ladies Kickboxing\",\"4\":\"\",\"3\":\"\"}}', '2016-06-27 01:36:22', '2016-06-27 01:36:22', 'c011ef00-f99c-4fbe-9278-fd3964fce8e2'),
 ('103', '86', '3', '1', 'en_us', '5', '', '{\"typeId\":\"4\",\"authorId\":\"1\",\"title\":\"Ladies Kickboxing\",\"slug\":\"ladies-kickboxing\",\"postDate\":1465960920,\"expiryDate\":null,\"enabled\":1,\"parentId\":\"6\",\"fields\":{\"5\":{\"new1\":{\"type\":\"secondaryHero\",\"enabled\":\"1\",\"fields\":{\"heading\":\"Ladies Kickboxing\",\"body\":\"<p>The Ladies Kickboxing program is exclusively for ladies looking to combine an intense physical workout with the added perk of self-defense practices. Outside of incorporating various types of kickboxing techniques and strikes, FPMA Ladies kickboxing helps to educate students on many aspects of weight training, physical conditioning and yoga.&nbsp;<\\/p>\",\"contactButton\":\"1\",\"backgroundColor\":\"#000000\",\"backgroundImage\":[\"111\"],\"mapTitle\":\"\",\"mapContent\":\"\",\"mapAddress\":\"\",\"flexibleArea\":\"\"}},\"88\":{\"type\":\"oneColumn\",\"enabled\":\"1\",\"fields\":{\"heading\":\"\",\"body\":\"<p>As intimidating as it may sound, kickboxing is perfect for all ladies. From beginners to experts, you\\u2019re sure to get the most from the&nbsp;private like atmosphere and pace of the class. With a dedicated staff of skilled professionals, kickboxing is the ideal workout option for mothers looking for an alternative to going to the gym and unique workout options with morning, afternoon and evening classes available.<\\/p>\",\"backgroundColor\":\"#ffffff\",\"backgroundImage\":[\"12\"]}}},\"22\":\"Ladies Kickboxing\",\"4\":\"\",\"3\":\"\"}}', '2016-06-27 01:38:17', '2016-06-27 01:38:17', 'be22f037-4119-44a0-992a-2876ec75000b'),
 ('104', '24', '3', '1', 'en_us', '19', '', '{\"typeId\":\"3\",\"authorId\":\"1\",\"title\":\"North Texas Freddie Poole Martial Arts\",\"slug\":\"north-dallas\",\"postDate\":1458012000,\"expiryDate\":null,\"enabled\":1,\"parentId\":\"7\",\"fields\":{\"5\":{\"25\":{\"type\":\"secondaryHero\",\"enabled\":\"1\",\"fields\":{\"heading\":\"Freddie Poole North Martial Arts\",\"body\":\"<p>North Texas Martial Arts is certified partner school of Freddie Poole Martial Arts; we leverage the same martial arts curriculum as FPMA. North Texas Martial Art is led by Master Steve Sosa, a true martial artist with over 30 years of experience and multiple accolades, whose dedicated his passion for martial arts into teaching and coaching students.<\\/p>\",\"contactButton\":\"1\",\"backgroundColor\":\"#000000\",\"backgroundImage\":[\"39\"],\"mapTitle\":\"North Texas Martial Arts\",\"mapContent\":\"<p>17194 Preston Road, Suite 215<br>Dallas, Texas 75248<br><a href=\\\"http:\\/\\/tel:972.323.0027\\\">972.323.0027<\\/a><\\/p>\",\"mapAddress\":\"17194 Preston Rd. #215  Dallas, TX United States 75248\",\"flexibleArea\":\"<p>Check out out current schedule to keep up to date with our latest offerings!<\\/p>\"}},\"103\":{\"type\":\"events\",\"enabled\":\"1\",\"fields\":{\"heading\":\"NTMA \\u2013 Event Calendar\",\"body\":\"\",\"location\":\"northDallas\"}}},\"4\":\"\",\"3\":\"\"}}', '2016-06-27 01:42:16', '2016-06-27 01:42:16', '7b6df2c0-5daa-49dd-a717-f817f1bdcaf8'),
 ('105', '89', '3', '1', 'en_us', '4', '', '{\"typeId\":\"4\",\"authorId\":\"1\",\"title\":\"Martial Arts\",\"slug\":\"martial-arts\",\"postDate\":1465961160,\"expiryDate\":null,\"enabled\":1,\"parentId\":\"6\",\"fields\":{\"5\":{\"90\":{\"type\":\"secondaryHero\",\"enabled\":\"1\",\"fields\":{\"heading\":\"Martial Arts\",\"body\":\"<p><strong>Martial Arts (7 to 12 years old + Adults)<\\/strong><\\/p>\\r\\n\\r\\n<p>Martial arts training helps to develop an indomitable spirit in practitioners of any age and any skill level. FPMA martial arts program focuses on increased concentration, ability to memorize and awareness. Many of our students say there is no better stress relief than coming onto the mat and pushing their minds, bodies and spirits to the limits.<\\/p>\",\"contactButton\":\"1\",\"backgroundColor\":\"#000000\",\"backgroundImage\":[\"8\"],\"mapTitle\":\"\",\"mapContent\":\"\",\"mapAddress\":\"\",\"flexibleArea\":\"\"}},\"91\":{\"type\":\"oneColumn\",\"enabled\":\"1\",\"fields\":{\"heading\":\"Martial Arts: Juniors\",\"body\":\"<h3>Freddie Poole Beginner\\u2019s Course (White Belts):<\\/h3>\\r\\n\\r\\n<p>This class begins with traditional Chung Do Kwon (Tae Kwon Do) and karate. Students learn basic commands, basic stances and blocks, and basic kicks and punches. This program implements boxing to enhance and modernize the system. Students\\u2019 progress through short-term goals (stripes) to reach their long-term goal (colored rank). Students learn practical and situational self-defense as well. Classes are thirty minutes (for greater retention of material), in a fun, yet disciplined and true martial arts environment.<\\/p>\\r\\n\\r\\n\\r\\n\\r\\n\\r\\n\\r\\n\\r\\n\\r\\n\\r\\n\\r\\n\\r\\n\\r\\n<h3>Freddie Poole Intermediate Course (Orange through Purple belts):<\\/h3>\\r\\n\\r\\n\\r\\n\\r\\n\\r\\n\\r\\n\\r\\n\\r\\n\\r\\n\\r\\n<p>The Freddie Poole Intermediate Karate Course focuses on the student\\u2019s concentration and increases physical fitness through agility and coordination drills. Balance and kicking technique are emphasized as well as an introduction to sparring technique and strategy. Each step of the way, children are guided towards a true understanding of their new found skills and associated responsibilities. To balance and complete the intermediate program, students will learn basic judo and take downs (blue belt). Class time will increase to 45 minutes to an hour long.<\\/p>\\r\\n\\r\\n\\r\\n\\r\\n\\r\\n\\r\\n\\r\\n\\r\\n<h3>Freddie Poole Advanced Course (Red through Black Belt):<\\/h3>\\r\\n\\r\\n\\r\\n\\r\\n\\r\\n\\r\\n\\r\\n\\r\\n<p>In the Freddie Poole Advanced Karate Program, students are introduced to advanced technique drills and advanced forms. Students\\u2019 progress to a more intense and advanced sparring level in preparation for Black Belt. To create a well-balanced program and student, the Freddie Poole Advanced course focuses on self-defense and mental awareness, with a heavy emphasis on grappling and Brazilian Jiu Jitsu fitness goals.<\\/p>\",\"backgroundColor\":\"#ffffff\",\"backgroundImage\":[\"12\"]}},\"92\":{\"type\":\"oneColumn\",\"enabled\":\"1\",\"fields\":{\"heading\":\"Martial Arts: Adults\",\"body\":\"<p>The adult curriculum is a structured traditional program complimented by modern training techniques that provide students the opportunity to understand theory as well as practical application.<\\/p>\\r\\n\\r\\n<p>Students learn techniques and strategies that can truly be life-saving skills as well as give overall fitness. New students will see improvement in their coordination, flexibility and muscle tone in just a few short weeks. Those who become proficient in martial arts will have better stamina, strength and peace of mind that comes from knowing they can efficiently and effectively defend themselves.<\\/p>\",\"backgroundColor\":\"#f5f5f5\",\"backgroundImage\":\"\"}}},\"22\":\"Martial Arts\",\"4\":\"\",\"3\":\"\"}}', '2016-06-27 01:43:09', '2016-06-27 01:43:09', 'c97d236c-e8ab-4d0c-845e-a36cbf597188');
INSERT INTO `craft_entryversions` (`id`, `entryId`, `sectionId`, `creatorId`, `locale`, `num`, `notes`, `data`, `dateCreated`, `dateUpdated`, `uid`) VALUES
 ('106', '93', '3', '1', 'en_us', '3', '', '{\"typeId\":\"4\",\"authorId\":\"1\",\"title\":\"Muay Thai\",\"slug\":\"muay-thai\",\"postDate\":1465961400,\"expiryDate\":null,\"enabled\":1,\"parentId\":\"6\",\"fields\":{\"5\":{\"94\":{\"type\":\"secondaryHero\",\"enabled\":\"1\",\"fields\":{\"heading\":\"Muay Thai\",\"body\":\"<p><strong>Muay Thai: Adults<\\/strong><br><\\/p>\\r\\n\\r\\n<p>Muay Thai is a combat sport from Thailand that uses stand-up strikes along with various clinch techniques. This physical and mental discipline is known as \\\"the art of eight limbs\\\" because it is characterized by the combined use of fists, elbows, knees and shins during training.&nbsp;<\\/p>\",\"contactButton\":\"1\",\"backgroundColor\":\"#000000\",\"backgroundImage\":[\"40\"],\"mapTitle\":\"\",\"mapContent\":\"\",\"mapAddress\":\"\",\"flexibleArea\":\"\"}},\"95\":{\"type\":\"oneColumn\",\"enabled\":\"1\",\"fields\":{\"heading\":\"\",\"body\":\"<p>Individuals participating in this program achieve outstanding physical conditioning due to the highly intense yet fun&nbsp;nature of striking through the use of bag&nbsp;drills, mitt drills&nbsp;and pad work. This self paced class is taught by high level instructors with years of training in this discipline, who encourage each participant to reach their full physical potential. &nbsp; &nbsp; &nbsp; &nbsp;&nbsp;<\\/p>\",\"backgroundColor\":\"#ffffff\",\"backgroundImage\":[\"12\"]}}},\"22\":\"Muay Thai: Adults\",\"4\":\"\",\"3\":\"\"}}', '2016-06-27 01:43:36', '2016-06-27 01:43:36', 'f19108a3-e919-45ba-a670-608aee76b0c5'),
 ('107', '96', '3', '1', 'en_us', '3', '', '{\"typeId\":\"4\",\"authorId\":\"1\",\"title\":\"Leadership\",\"slug\":\"leadership\",\"postDate\":1465961460,\"expiryDate\":null,\"enabled\":1,\"parentId\":\"6\",\"fields\":{\"5\":{\"97\":{\"type\":\"secondaryHero\",\"enabled\":\"1\",\"fields\":{\"heading\":\"Leadership\",\"body\":\"<p>The FPMA Leadership Program is an instructor recommended program. Students must first attain a blue belt through the Intermediate Program. They must also demonstrate leadership qualities to receive nominations.<\\/p>\",\"contactButton\":\"1\",\"backgroundColor\":\"#000000\",\"backgroundImage\":[\"8\"],\"mapTitle\":\"\",\"mapContent\":\"\",\"mapAddress\":\"\",\"flexibleArea\":\"\"}},\"98\":{\"type\":\"oneColumn\",\"enabled\":\"1\",\"fields\":{\"heading\":\"\",\"body\":\"<p>The FPMA Leadership Program focuses on developing leaders, not only in Martial Arts, but in the community as well. Each month leadership students are required to demonstrate and apply a new leadership skill at home, at school, and in the Martial&nbsp;Arts training.<\\/p>\",\"backgroundColor\":\"#ffffff\",\"backgroundImage\":[\"12\"]}}},\"22\":\"\",\"4\":\"\",\"3\":\"\"}}', '2016-06-27 01:43:49', '2016-06-27 01:43:49', '89b3903d-af2c-43fe-9a6a-241a79bc89d0'),
 ('108', '73', '3', '1', 'en_us', '5', '', '{\"typeId\":\"3\",\"authorId\":\"1\",\"title\":\"About Freddie\",\"slug\":\"about-freddie\",\"postDate\":1465959360,\"expiryDate\":null,\"enabled\":1,\"parentId\":\"5\",\"fields\":{\"5\":{\"75\":{\"type\":\"secondaryHero\",\"enabled\":\"1\",\"fields\":{\"heading\":\"About Freddie\",\"body\":\"<p>Freddie Poole began martial arts training in 1981, at the age of seven years old. He began studying at Southwest Karate Academy under Demetrius \\u201cGolden Greek\\u201d Havanas. Southwest Karate Academy produced some of the best martial arts champions and competitors in the world, at that time. The 80\\u2019s were the tail end of the \\u201cTexas Blood and Guts\\u201d era of martial arts. The lineage began with Jhoon Rhee and his first black belt was Allen Steen. Steen went on to train many black belts and students and Texas was known for producing some of the best fighters in the country. Tim Kirby, Billye Jackson, Raymond McCallum, Santae Wilson Jr. and Cliff Thomas were some of the world-class competitors who had influence over Poole\\u2019s training and development.<\\/p>\",\"contactButton\":\"1\",\"backgroundColor\":\"#000000\",\"backgroundImage\":[\"36\"],\"mapTitle\":\"\",\"mapContent\":\"\",\"mapAddress\":\"\",\"flexibleArea\":\"\"}},\"76\":{\"type\":\"oneColumn\",\"enabled\":\"1\",\"fields\":{\"heading\":\"\",\"body\":\"<h3>As a young brown belt, Poole began teaching at Sun Belt Karate Academy by assisting younger and lower ranking students with warm-ups, kick punch technique and forms. It was not uncommon to see Poole leading an adult class at 12 years old.<\\/h3>\\r\\n\\r\\n<p>Poole received his 1st degree black belt in 1986, under Tim Kirby, Billye Jackson and Raymond McCallum. Poole competed in the AOK and was a top ranked competitor in forms and fighting for many years as a junior competitor.<\\/p>\\r\\n\\r\\n\\r\\n\\r\\n\\r\\n\\r\\n\\r\\n\\r\\n\\r\\n\\r\\n<p>Poole began training with long time friend and kickboxing champion Guy Mezger in 1993. Poole began honing his boxing and kickboxing skills with Mezger, Billye Jackson, Santae Wilson Jr. and Coach Charles Brown and went on to win a national title in 1997, which earned a spot on the US National Kickboxing team.<\\/p>\\r\\n\\r\\n\\r\\n\\r\\n\\r\\n\\r\\n\\r\\n\\r\\n\\r\\n\\r\\n<p>Poole\\u2019s boxing experience comes from training with some of the best coaches in the business. Phil Sawyer and Olympic Boxing Bronze medalist Charles Brown have influenced Poole in his boxing training, as well as Golden Gloves Champion Alex Andrade.<\\/p>\\r\\n\\r\\n\\r\\n\\r\\n\\r\\n\\r\\n\\r\\n\\r\\n\\r\\n\\r\\n<p>Poole has several years of Muay Thai experience, training with Francisco Sanchez of New World Combat, as well as World Muay Thai champion and MMA veteran Pete Spratt and Muay Thai champion Jason House.<\\/p>\\r\\n\\r\\n\\r\\n\\r\\n\\r\\n\\r\\n\\r\\n\\r\\n\\r\\n\\r\\n<p>Poole\\u2019s Judo experience comes from training with Master Vince Tamura and Judo Black Belt Rico Castro.<\\/p>\\r\\n\\r\\n\\r\\n\\r\\n\\r\\n\\r\\n\\r\\n\\r\\n\\r\\n\\r\\n<p>Poole currently trains under the tutelage of 8th degree Brazilian Jiu Jitsu master, Carlos Machado, where he holds a brown belt and is a proud affiliate of Machado Jiu Jitsu. Poole has also trained with many talented Brazilian Jiu Jitsu black belts including Kenny McClure, Jeff Sawyer, Rico Castro and Taryn Douglas.<\\/p>\\r\\n\\r\\n\\r\\n\\r\\n\\r\\n\\r\\n\\r\\n\\r\\n\\r\\n\\r\\n<p>Poole has competed all over the United States and internationally in Europe, winning a KICK International title in 2004 along with many team karate titles from 1999-2004. Poole also fought for Team Texas in Chuck Norris\\u2019s televised fight league, The World Combat League.<\\/p>\\r\\n\\r\\n\\r\\n\\r\\n\\r\\n\\r\\n\\r\\n\\r\\n\\r\\n\\r\\n<p>Poole has taken his vast knowledge of martial arts and created a well-rounded training system for all ages. Freddie Poole\\u2019s Martial Arts is the most balanced martial arts training system, combining traditional training elements with practical real world application. By integrating both of these elements into one system, one can truly train in mixed martial arts.<\\/p>\\r\\n\\r\\n\\r\\n\\r\\n\\r\\n\\r\\n\\r\\n\\r\\n\\r\\n\\r\\n\\r\\n\\r\\n<p>Since opening its doors in 2004, Freddie Poole\'s Martial Arts has been impacting thousands&nbsp;of&nbsp;lives in the community. Our friendly staff looks forward each day to helping our students achieve their goals. Although standards are set high, each student at FPMA is evaluated on an individual basis to ensure progression on their own timeline. This approach ensures students achieve and&nbsp;earn rank on their own merit.&nbsp;We encourage our students to trust the process and enjoy it. Earning a black belt at FPMA is a once in a lifetime experience!<\\/p>\",\"backgroundColor\":\"#000000\",\"backgroundImage\":[\"12\"]}}},\"4\":\"\",\"3\":\"\"}}', '2016-06-27 01:44:18', '2016-06-27 01:44:18', '58565750-5fa9-4fa7-874a-5a21258f5306'),
 ('109', '32', '3', '1', 'en_us', '5', '', '{\"typeId\":\"3\",\"authorId\":\"1\",\"title\":\"Contact Us\",\"slug\":\"contact-us\",\"postDate\":1458879660,\"expiryDate\":null,\"enabled\":1,\"parentId\":\"\",\"fields\":{\"5\":{\"59\":{\"type\":\"secondaryHero\",\"enabled\":\"1\",\"fields\":{\"heading\":\"Contact Us\",\"body\":\"<p>Come see for yourself why our martial arts system has been so popular for so many years. Our black belt instructors are here to help you achieve all your marital art and fitness goals.&nbsp;<\\/p>\",\"contactButton\":\"\",\"backgroundColor\":\"#000000\",\"backgroundImage\":[\"37\"],\"mapTitle\":\"\",\"mapContent\":\"\",\"mapAddress\":\"\",\"flexibleArea\":\"\"}},\"60\":{\"type\":\"contact\",\"enabled\":\"1\",\"fields\":{\"heading\":\"Contact Us\",\"body\":\"\",\"backgroundColor\":\"#f5f5f5\"}}},\"4\":\"\",\"3\":\"\"}}', '2016-06-27 01:46:22', '2016-06-27 01:46:22', '63a899a2-c03b-4d6f-bc60-59d72722b3c8'),
 ('110', '33', '3', '1', 'en_us', '8', '', '{\"typeId\":\"3\",\"authorId\":\"1\",\"title\":\"Specials\",\"slug\":\"specials\",\"postDate\":1458879720,\"expiryDate\":null,\"enabled\":1,\"parentId\":\"\",\"fields\":{\"5\":{\"55\":{\"type\":\"secondaryHero\",\"enabled\":\"1\",\"fields\":{\"heading\":\"Specials\",\"body\":\"<p>We pride ourselves in offering superior service and training for parents and kids. Outside of our extensive martial arts programs offered at both of our Dallas locations, FPMA offers various extra personal services that are very educational, affordable and definitely FUN! From private birthday celebrations to women\\u2019s self-defense classes, there\\u2019s a special FPMA Extra for everyone.<\\/p>\",\"contactButton\":\"1\",\"backgroundColor\":\"#000000\",\"backgroundImage\":[\"40\"],\"mapTitle\":\"\",\"mapContent\":\"\",\"mapAddress\":\"\",\"flexibleArea\":\"\"}},\"56\":{\"type\":\"oneColumn\",\"enabled\":\"1\",\"fields\":{\"heading\":\"Parent\\u2019s Nights Out\",\"body\":\"<p>Got a date night or hang out with the crew night planned and need somewhere to take the kiddos? Bring \\u2018em to FPMA for Parents Night Out (PNO). The PNO program is on specified Saturdays from 5-9pm and welcomes both FPMA students and non-members to join in on a night full of pizza, movies, prizes and fun. <strong><em>Oh, did we mention Nerf gun wars, too?<\\/em><\\/strong> <a href=\\\"\\/locations#entry:7:url\\\">Just give one of our locations a call<\\/a> for more information, pricing and dates for the next PNO.&nbsp;<\\/p>\",\"backgroundColor\":\"#ffffff\",\"backgroundImage\":[\"12\"]}},\"57\":{\"type\":\"oneColumn\",\"enabled\":\"1\",\"fields\":{\"heading\":\"Birthday Parties\",\"body\":\"<p>Celebrate the birthday for your little martial artists Freddie Poole style! FPMA offers a personal experience with one of our many skilled instructors, ready to teach all of the little partiers some exciting new martial arts moves and put a unique spin on a birthday celebrations. Decorations, music and food are welcome. Interested in having your kid\\u2019s next birthday celebration at FPMA? <a href=\\\"tel:2143525425\\\">Give one of our locations a call<\\/a> for more information.<\\/p>\",\"backgroundColor\":\"#f5f5f5\",\"backgroundImage\":\"\"}},\"58\":{\"type\":\"oneColumn\",\"enabled\":\"1\",\"fields\":{\"heading\":\"Special Events\",\"body\":\"<p><strong>FPMA is proud to announce our summer 2016 Karate Camp for kids.<\\/strong><\\/p>\\r\\n\\r\\n<p>Karate Camp is designed for children ages 4-11 and provides the perfect summer getaway for kids interested in learning more about the many forms of martial art. Give you kids the opportunity to learn more about boosting leadership and teamwork skills, building and improving self confidence, self defense techniques, bully awareness as well as fun martial arts games and drills. Choose from 2 summer camp sessions only a $25 deposit required to reserve a spot. Reach out to a FPMA location for more details.<\\/p>\",\"backgroundColor\":\"#ffffff\",\"backgroundImage\":\"\"}},\"77\":{\"type\":\"oneColumn\",\"enabled\":\"1\",\"fields\":{\"heading\":\"Women\\u2019s Self Defense Seminars\",\"body\":\"<p>Safety for our members is a major priority for us. FPMA offers self-defense classes for women to learn how to protect themselves and their loved ones from unexpected attacks. Join FPMA for one of our Women\\u2019s Self Defense Seminars in partnership with Not Dead Yet Apparel. Come get hands-on training as we demonstrate various self-defense techniques, learn empowering safety awareness and practices. Attendance is always free, but we accept donations of $25 or more to benefit a designated local non-profit organization. Take the first step by contacting one of our locations for more information.<\\/p>\",\"backgroundColor\":\"#f5f5f5\",\"backgroundImage\":\"\"}},\"78\":{\"type\":\"oneColumn\",\"enabled\":\"1\",\"fields\":{\"heading\":\"Personal Training \",\"body\":\"<p>For the member who wants to learn the valuable techniques of martial arts outside of a group setting, FPMA offers specialized one-on-one training sessions. Members get individually structured personal instruction from one of our certified martial arts trainers. Training sessions are customized to benefit each student in any skill level, from a novice student wanting a more personal experience or an advanced student preparing for competition. <a href=\\\"\\/contact-us#entry:32:url\\\">Contact one of our two Dallas locations<\\/a> for more details.&nbsp;<\\/p>\",\"backgroundColor\":\"#ffffff\",\"backgroundImage\":\"\"}}},\"4\":\"\",\"3\":\"\"}}', '2016-06-27 01:47:34', '2016-06-27 01:47:34', '731d0641-018a-465b-be0a-1bda6f23127c'),
 ('111', '33', '3', '1', 'en_us', '9', '', '{\"typeId\":\"3\",\"authorId\":\"1\",\"title\":\"Specials\",\"slug\":\"specials\",\"postDate\":1458879720,\"expiryDate\":null,\"enabled\":1,\"parentId\":\"\",\"fields\":{\"5\":{\"55\":{\"type\":\"secondaryHero\",\"enabled\":\"1\",\"fields\":{\"heading\":\"Specials\",\"body\":\"<p>We pride ourselves in offering superior service and training for parents and kids. Outside of our extensive martial arts programs offered at both of our Dallas locations, FPMA offers various extra personal services that are very educational, affordable and definitely FUN! From private birthday celebrations to women\\u2019s self-defense classes, there\\u2019s a special FPMA Extra for everyone.<\\/p>\",\"contactButton\":\"1\",\"backgroundColor\":\"#000000\",\"backgroundImage\":[\"39\"],\"mapTitle\":\"\",\"mapContent\":\"\",\"mapAddress\":\"\",\"flexibleArea\":\"\"}},\"56\":{\"type\":\"oneColumn\",\"enabled\":\"1\",\"fields\":{\"heading\":\"Parent\\u2019s Nights Out\",\"body\":\"<p>Got a date night or hang out with the crew night planned and need somewhere to take the kiddos? Bring \\u2018em to FPMA for Parents Night Out (PNO). The PNO program is on specified Saturdays from 5-9pm and welcomes both FPMA students and non-members to join in on a night full of pizza, movies, prizes and fun. <strong><em>Oh, did we mention Nerf gun wars, too?<\\/em><\\/strong> <a href=\\\"\\/locations#entry:7:url\\\">Just give one of our locations a call<\\/a> for more information, pricing and dates for the next PNO.&nbsp;<\\/p>\",\"backgroundColor\":\"#ffffff\",\"backgroundImage\":[\"12\"]}},\"57\":{\"type\":\"oneColumn\",\"enabled\":\"1\",\"fields\":{\"heading\":\"Birthday Parties\",\"body\":\"<p>Celebrate the birthday for your little martial artists Freddie Poole style! FPMA offers a personal experience with one of our many skilled instructors, ready to teach all of the little partiers some exciting new martial arts moves and put a unique spin on a birthday celebrations. Decorations, music and food are welcome. Interested in having your kid\\u2019s next birthday celebration at FPMA? <a href=\\\"tel:2143525425\\\">Give one of our locations a call<\\/a> for more information.<\\/p>\",\"backgroundColor\":\"#f5f5f5\",\"backgroundImage\":\"\"}},\"58\":{\"type\":\"oneColumn\",\"enabled\":\"1\",\"fields\":{\"heading\":\"Special Events\",\"body\":\"<p><strong>FPMA is proud to announce our summer 2016 Karate Camp for kids.<\\/strong><\\/p>\\r\\n\\r\\n<p>Karate Camp is designed for children ages 4-11 and provides the perfect summer getaway for kids interested in learning more about the many forms of martial art. Give you kids the opportunity to learn more about boosting leadership and teamwork skills, building and improving self confidence, self defense techniques, bully awareness as well as fun martial arts games and drills. Choose from 2 summer camp sessions only a $25 deposit required to reserve a spot. Reach out to a FPMA location for more details.<\\/p>\",\"backgroundColor\":\"#ffffff\",\"backgroundImage\":\"\"}},\"77\":{\"type\":\"oneColumn\",\"enabled\":\"1\",\"fields\":{\"heading\":\"Women\\u2019s Self Defense Seminars\",\"body\":\"<p>Safety for our members is a major priority for us. FPMA offers self-defense classes for women to learn how to protect themselves and their loved ones from unexpected attacks. Join FPMA for one of our Women\\u2019s Self Defense Seminars in partnership with Not Dead Yet Apparel. Come get hands-on training as we demonstrate various self-defense techniques, learn empowering safety awareness and practices. Attendance is always free, but we accept donations of $25 or more to benefit a designated local non-profit organization. Take the first step by contacting one of our locations for more information.<\\/p>\",\"backgroundColor\":\"#f5f5f5\",\"backgroundImage\":\"\"}},\"78\":{\"type\":\"oneColumn\",\"enabled\":\"1\",\"fields\":{\"heading\":\"Personal Training \",\"body\":\"<p>For the member who wants to learn the valuable techniques of martial arts outside of a group setting, FPMA offers specialized one-on-one training sessions. Members get individually structured personal instruction from one of our certified martial arts trainers. Training sessions are customized to benefit each student in any skill level, from a novice student wanting a more personal experience or an advanced student preparing for competition. <a href=\\\"\\/contact-us#entry:32:url\\\">Contact one of our two Dallas locations<\\/a> for more details.&nbsp;<\\/p>\",\"backgroundColor\":\"#ffffff\",\"backgroundImage\":\"\"}}},\"4\":\"\",\"3\":\"\"}}', '2016-06-27 01:53:50', '2016-06-27 01:53:50', 'acf90733-ddef-47a9-a29b-707846f6791e'),
 ('112', '17', '3', '1', 'en_us', '6', '', '{\"typeId\":\"4\",\"authorId\":\"1\",\"title\":\"Juniors\",\"slug\":\"juniors\",\"postDate\":1458100080,\"expiryDate\":null,\"enabled\":1,\"parentId\":\"6\",\"fields\":{\"5\":{\"79\":{\"type\":\"secondaryHero\",\"enabled\":\"1\",\"fields\":{\"heading\":\"Juniors\",\"body\":\"<p><strong>Juniors: (7 to 12 years old)&nbsp;<br><\\/strong><\\/p>\\r\\n\\r\\n<p>Freddie Poole\\u2019s Martial Arts\\u00ae&nbsp;junior martial arts program&nbsp;is a unique training system that combines traditional values and principles with a modern system of combat, self-defense and fitness. Our exclusive system and program is a hybrid style, which incorporates training methods of karate and tae-kwon-do with westernized boxing, judo and Brazilian Jiu Jitsu. FPMA has a variety of instructors teaching our program. This gives students an advantage of learning martial arts from different perspectives, which enhances the quality of training.&nbsp;<\\/p>\",\"contactButton\":\"1\",\"backgroundColor\":\"#000000\",\"backgroundImage\":[\"113\"],\"mapTitle\":\"\",\"mapContent\":\"\",\"mapAddress\":\"\",\"flexibleArea\":\"\"}},\"80\":{\"type\":\"oneColumn\",\"enabled\":\"1\",\"fields\":{\"heading\":\"\",\"body\":\"<p>Our Juniors program focuses on advancement and growth based on each child\\u2019s individual pace. The key to our success is each discipline is introduced in stages to the student, rather than front-loading a program. Juniors will begin to grasp the concept of self-discipline as they achieve goals. When he\\/she tackles more difficult goals, the self-confidence grows and serves as a strong foundation in all aspects of life.<\\/p>\",\"backgroundColor\":\"#ffffff\",\"backgroundImage\":[\"12\"]}}},\"22\":\"Juniors (7 -12 YO)\",\"4\":\"\",\"3\":\"\"}}', '2016-06-27 01:54:16', '2016-06-27 01:54:16', 'b4eaca8e-458e-4122-ae8d-3c015fce64c4'),
 ('113', '96', '3', '1', 'en_us', '4', '', '{\"typeId\":\"4\",\"authorId\":\"1\",\"title\":\"Leadership\",\"slug\":\"leadership\",\"postDate\":1465961460,\"expiryDate\":null,\"enabled\":1,\"parentId\":\"6\",\"fields\":{\"5\":{\"97\":{\"type\":\"secondaryHero\",\"enabled\":\"1\",\"fields\":{\"heading\":\"Leadership\",\"body\":\"<p>The FPMA Leadership Program is an instructor recommended program. Students must first attain a blue belt through the Intermediate Program. They must also demonstrate leadership qualities to receive nominations.<\\/p>\",\"contactButton\":\"1\",\"backgroundColor\":\"#000000\",\"backgroundImage\":[\"116\"],\"mapTitle\":\"\",\"mapContent\":\"\",\"mapAddress\":\"\",\"flexibleArea\":\"\"}},\"98\":{\"type\":\"oneColumn\",\"enabled\":\"1\",\"fields\":{\"heading\":\"\",\"body\":\"<p>The FPMA Leadership Program focuses on developing leaders, not only in Martial Arts, but in the community as well. Each month leadership students are required to demonstrate and apply a new leadership skill at home, at school, and in the Martial&nbsp;Arts training.<\\/p>\",\"backgroundColor\":\"#ffffff\",\"backgroundImage\":[\"12\"]}}},\"22\":\"\",\"4\":\"\",\"3\":\"\"}}', '2016-06-27 02:01:18', '2016-06-27 02:01:18', '8b7020ba-445d-4387-bd35-1191c7a4925c'),
 ('114', '89', '3', '1', 'en_us', '5', '', '{\"typeId\":\"4\",\"authorId\":\"1\",\"title\":\"Martial Arts\",\"slug\":\"martial-arts\",\"postDate\":1465961160,\"expiryDate\":null,\"enabled\":1,\"parentId\":\"6\",\"fields\":{\"5\":{\"90\":{\"type\":\"secondaryHero\",\"enabled\":\"1\",\"fields\":{\"heading\":\"Martial Arts\",\"body\":\"<p><strong>Martial Arts (7 to 12 years old + Adults)<\\/strong><\\/p>\\r\\n\\r\\n<p>Martial arts training helps to develop an indomitable spirit in practitioners of any age and any skill level. FPMA martial arts program focuses on increased concentration, ability to memorize and awareness. Many of our students say there is no better stress relief than coming onto the mat and pushing their minds, bodies and spirits to the limits.<\\/p>\",\"contactButton\":\"1\",\"backgroundColor\":\"#000000\",\"backgroundImage\":[\"115\"],\"mapTitle\":\"\",\"mapContent\":\"\",\"mapAddress\":\"\",\"flexibleArea\":\"\"}},\"91\":{\"type\":\"oneColumn\",\"enabled\":\"1\",\"fields\":{\"heading\":\"Martial Arts: Juniors\",\"body\":\"<h3>Freddie Poole Beginner\\u2019s Course (White Belts):<\\/h3>\\r\\n\\r\\n<p>This class begins with traditional Chung Do Kwon (Tae Kwon Do) and karate. Students learn basic commands, basic stances and blocks, and basic kicks and punches. This program implements boxing to enhance and modernize the system. Students\\u2019 progress through short-term goals (stripes) to reach their long-term goal (colored rank). Students learn practical and situational self-defense as well. Classes are thirty minutes (for greater retention of material), in a fun, yet disciplined and true martial arts environment.<\\/p>\\r\\n\\r\\n\\r\\n\\r\\n\\r\\n\\r\\n\\r\\n\\r\\n\\r\\n\\r\\n\\r\\n\\r\\n\\r\\n\\r\\n<h3>Freddie Poole Intermediate Course (Orange through Purple belts):<\\/h3>\\r\\n\\r\\n\\r\\n\\r\\n\\r\\n\\r\\n\\r\\n\\r\\n\\r\\n\\r\\n\\r\\n\\r\\n<p>The Freddie Poole Intermediate Karate Course focuses on the student\\u2019s concentration and increases physical fitness through agility and coordination drills. Balance and kicking technique are emphasized as well as an introduction to sparring technique and strategy. Each step of the way, children are guided towards a true understanding of their new found skills and associated responsibilities. To balance and complete the intermediate program, students will learn basic judo and take downs (blue belt). Class time will increase to 45 minutes to an hour long.<\\/p>\\r\\n\\r\\n\\r\\n\\r\\n\\r\\n\\r\\n\\r\\n\\r\\n\\r\\n\\r\\n<h3>Freddie Poole Advanced Course (Red through Black Belt):<\\/h3>\\r\\n\\r\\n\\r\\n\\r\\n\\r\\n\\r\\n\\r\\n\\r\\n\\r\\n\\r\\n<p>In the Freddie Poole Advanced Karate Program, students are introduced to advanced technique drills and advanced forms. Students\\u2019 progress to a more intense and advanced sparring level in preparation for Black Belt. To create a well-balanced program and student, the Freddie Poole Advanced course focuses on self-defense and mental awareness, with a heavy emphasis on grappling and Brazilian Jiu Jitsu fitness goals.<\\/p>\",\"backgroundColor\":\"#ffffff\",\"backgroundImage\":[\"12\"]}},\"92\":{\"type\":\"oneColumn\",\"enabled\":\"1\",\"fields\":{\"heading\":\"Martial Arts: Adults\",\"body\":\"<p>The adult curriculum is a structured traditional program complimented by modern training techniques that provide students the opportunity to understand theory as well as practical application.<\\/p>\\r\\n\\r\\n<p>Students learn techniques and strategies that can truly be life-saving skills as well as give overall fitness. New students will see improvement in their coordination, flexibility and muscle tone in just a few short weeks. Those who become proficient in martial arts will have better stamina, strength and peace of mind that comes from knowing they can efficiently and effectively defend themselves.<\\/p>\",\"backgroundColor\":\"#f5f5f5\",\"backgroundImage\":\"\"}}},\"22\":\"Martial Arts\",\"4\":\"\",\"3\":\"\"}}', '2016-06-27 02:02:13', '2016-06-27 02:02:13', 'b9f17603-7548-4129-af60-ad5985d70591'),
 ('115', '24', '3', '1', 'en_us', '20', '', '{\"typeId\":\"3\",\"authorId\":\"1\",\"title\":\"North Texas Freddie Poole Martial Arts\",\"slug\":\"north-dallas\",\"postDate\":1458012000,\"expiryDate\":null,\"enabled\":1,\"parentId\":\"7\",\"fields\":{\"5\":{\"25\":{\"type\":\"secondaryHero\",\"enabled\":\"1\",\"fields\":{\"heading\":\"Freddie Poole North Martial Arts\",\"body\":\"<p>North Texas Martial Arts is certified partner school of Freddie Poole Martial Arts; we leverage the same martial arts curriculum as FPMA. North Texas Martial Art is led by Master Steve Sosa, a true martial artist with over 30 years of experience and multiple accolades, whose dedicated his passion for martial arts into teaching and coaching students.<\\/p>\",\"contactButton\":\"1\",\"backgroundColor\":\"#000000\",\"backgroundImage\":[\"114\"],\"mapTitle\":\"North Texas Martial Arts\",\"mapContent\":\"<p>17194 Preston Road, Suite 215<br>Dallas, Texas 75248<br><a href=\\\"http:\\/\\/tel:972.323.0027\\\">972.323.0027<\\/a><\\/p>\",\"mapAddress\":\"17194 Preston Rd. #215  Dallas, TX United States 75248\",\"flexibleArea\":\"<p>Check out out current schedule to keep up to date with our latest offerings!<\\/p>\"}},\"103\":{\"type\":\"events\",\"enabled\":\"1\",\"fields\":{\"heading\":\"NTMA \\u2013 Event Calendar\",\"body\":\"\",\"location\":\"northDallas\"}}},\"4\":\"\",\"3\":\"\"}}', '2016-06-27 02:02:50', '2016-06-27 02:02:50', '65ac4615-2bbb-463c-be21-a95cdf59b075'),
 ('116', '34', '3', '1', 'en_us', '9', '', '{\"typeId\":\"3\",\"authorId\":\"1\",\"title\":\"Freddie Poole Martial Arts\",\"slug\":\"dallas\",\"postDate\":1459032240,\"expiryDate\":null,\"enabled\":1,\"parentId\":\"7\",\"fields\":{\"5\":{\"35\":{\"type\":\"secondaryHero\",\"enabled\":\"1\",\"fields\":{\"heading\":\"Freddie Poole Martial Arts\",\"body\":\"<p>Freddie Poole Martial Arts is conveniently located in Highland Park, just minutes away from Highland Park High School and McCulloch Intermediate School.&nbsp; We offer classes six days a week and have something for everyone in the family, check out our current class schedule below.<\\/p>\",\"contactButton\":\"1\",\"backgroundColor\":\"#000000\",\"backgroundImage\":[\"39\"],\"mapTitle\":\"Freddie Poole\'s Martial Arts\",\"mapContent\":\"<p>5757 West Lovers Lane, Suite 217<br>Dallas,&nbsp;TX United States 75209<br><a href=\\\"tel:2143525425\\\">214.352.5425<\\/a><\\/p>\",\"mapAddress\":\"5757 W. Lovers Lane #217 Dallas, TX United States 75209\",\"flexibleArea\":\"<p>Check out out current schedule to keep up to date with our latest offerings!<\\/p>\"}},\"54\":{\"type\":\"events\",\"enabled\":\"1\",\"fields\":{\"heading\":\"FPMA \\u2013 Event Calendar\",\"body\":\"\",\"location\":\"dallas\"}}},\"4\":\"\",\"3\":\"\"}}', '2016-06-27 02:03:14', '2016-06-27 02:03:14', '1b8cf68f-d96f-4912-8aeb-61f75db3f398'),
 ('117', '16', '3', '1', 'en_us', '6', '', '{\"typeId\":\"4\",\"authorId\":\"1\",\"title\":\"Dragons\",\"slug\":\"dragons\",\"postDate\":1458099960,\"expiryDate\":null,\"enabled\":1,\"parentId\":\"6\",\"fields\":{\"5\":{\"21\":{\"type\":\"secondaryHero\",\"enabled\":\"1\",\"fields\":{\"heading\":\"Dragons (4 \\u2013 6 YO)\",\"body\":\"<p>Specifically designed for children four to six years of age where they will begin to learn the fundamental life skills such as self-discipline, focus, self-control respect, patience and confidence. Dragons will also learn fine motor skills such as strength, balance, flexibility, and coordination.<\\/p>\",\"contactButton\":\"1\",\"backgroundColor\":\"#000000\",\"backgroundImage\":[\"38\"],\"mapTitle\":\"\",\"mapContent\":\"\",\"mapAddress\":\"\",\"flexibleArea\":\"\"}},\"22\":{\"type\":\"oneColumn\",\"enabled\":\"1\",\"fields\":{\"heading\":\"\",\"body\":\"<p>Our Dragons program has a fun and energetic class format helps the young students develop skills that set them up for success in life. The structure of the Freddie Poole Dragons program is a key principle of success of the student as it\\u2019s a preparatory training program for the Junior Martial Arts Program<\\/p>\",\"backgroundColor\":\"#000000\",\"backgroundImage\":[\"12\"]}}},\"22\":\"Dragons (4 \\u2013 6 YO)\",\"4\":\"\",\"3\":\"\"}}', '2016-06-27 02:04:15', '2016-06-27 02:04:15', '54577441-e3a5-4a9e-977c-d04e906da4bf'),
 ('118', '27', '3', '1', 'en_us', '7', '', '{\"typeId\":\"3\",\"authorId\":\"1\",\"title\":\"Staff\",\"slug\":\"staff\",\"postDate\":1458873960,\"expiryDate\":null,\"enabled\":1,\"parentId\":\"5\",\"fields\":{\"5\":{\"28\":{\"type\":\"secondaryHero\",\"enabled\":\"1\",\"fields\":{\"heading\":\"Staff\",\"body\":\"<p>Our instructors have spent many years perfecting the martial arts craft and continue to go through extensive testing training and certifications to ensure that we are able to provide our students with the best care and instruction.&nbsp;<\\/p><p>Here, we\\u2019re family and we truly enjoy what we do and we enjoy sharing that passion with others. Collectively we invest in each student, as we feel that their success is our success!&nbsp;<\\/p>\",\"contactButton\":\"1\",\"backgroundColor\":\"#000000\",\"backgroundImage\":[\"41\"],\"mapTitle\":\"\",\"mapContent\":\"\",\"mapAddress\":\"\",\"flexibleArea\":\"\"}},\"29\":{\"type\":\"staff\",\"enabled\":\"1\",\"fields\":{\"image\":[\"64\"],\"staffName\":\"Steve Sosa\",\"staffTitle\":\"Instructor, 7th degree black belt\",\"body\":\"<p>Master Steve Sosa has been an unstoppable, highly skilled martial artist for over 30 years. Master Sosa a 7th degree black belt in karate, trained by legendary martial artists such as Tim Kirby, Allen Steen, Ray McCallum, Billye Jackson, and Demetrius \\u201cThe Greek\\u201d Havanas - the original members of \\u201cTexas Blood \\u2018n\\u2019 Guts\\u201d karate in the Dallas area.&nbsp;<\\/p>\\r\\n\\r\\n<p>Master Sosa is a passionate trainer who has amassed several prestigious accolades in Martial Arts tournaments including \\u201cThe Golden Greek\\u201d which is the highest award given by the Amateur Organization of Karate. Master Sosa was also honored with the Positive Coaching Alliance\\u2019s Double-Goal Coaching Award, awarded to coaches who implement positive life skills, work ethic and drive into their students training.&nbsp;<\\/p>\\r\\n\\r\\n\\r\\n\\r\\n\\r\\n\\r\\n\\r\\n\\r\\n\\r\\n\\r\\n\\r\\n\\r\\n\\r\\n\\r\\n\\r\\n\\r\\n<p>In 2010 Master Sosa started North Texas Martial Arts (NTMA), which ultimately joined Freddie Poole Martial Arts in 2015.<\\/p>\"}},\"30\":{\"type\":\"staff\",\"enabled\":\"1\",\"fields\":{\"image\":[\"62\"],\"staffName\":\"Jayda Clayton\",\"staffTitle\":\"Instructor, 2nd degree black belt\",\"body\":\"<p>Jayda Clayton, a 2nd degree black belt, began her training in January 2007 at the ripe old age of 4. A prodigy of Master Steven Sosa, Jayda received her yellow and brown belts in 2007 and 2009, respectively. At age 7, Jayda became Master Sosa\\u2019s first and youngest student to receive her black belt. Jayda has competed in numerous local, state and national karate competitions and won over 60 trophies in sparring and kata competitions with over 40 of them being first place positions.<\\/p>\"}},\"31\":{\"type\":\"staff\",\"enabled\":\"1\",\"fields\":{\"image\":[\"44\"],\"staffName\":\"Westin Poole\",\"staffTitle\":\"Instructor, 3rd degree black belt\",\"body\":\"<p>Westin Poole\\u2019s love for karate kicked in as a kid when began training in martial arts at the age of 6. By 2009, Westin was a certified 1st degree black belt and has no plans of slowing down. He has been teaching for almost eight years and enjoys working with children. The mission behind his teaching is inspiring his students to reach their goals and see the benefits of their hard work.&nbsp;<\\/p>\"}},\"65\":{\"type\":\"staff\",\"enabled\":\"1\",\"fields\":{\"image\":[\"99\"],\"staffName\":\"Vanny Boon\",\"staffTitle\":\"Instructor, 5th degree black belt, Saekson Muay Thai \",\"body\":\"<p>Master Vanny Boon is a certified 5th degree black belt skilled in various forms of martial arts including Taekwondo Do, Muay Thai, Brazilian Jiu jitsu and Boxing. Master Boon\\u2019s passion and experience for martial arts began when he started training at the age of 5 and spans over 25 years; Master Boon trained under Grand Master Hong, Master Freddie Poole and Muay Thai world champion Saekson Janjira.<\\/p>\"}},\"66\":{\"type\":\"staff\",\"enabled\":\"1\",\"fields\":{\"image\":[\"48\"],\"staffName\":\"Johnny Rodriguez\",\"staffTitle\":\"Instructor, Machado black belt\",\"body\":\"<p>Professor Johnny Rodriguez is a highly skilled black belt in Brazilian Jiu-Jitsu with over 20 years of training in several martial art forms including Kenpo karate, Aikido, Judo and Muay Thai. Professor Rodriguez teaches workshops, self-defense seminars, and has previously worked in law enforcement. &nbsp;Professor Rodriguez actively coaches students in preparation for BJJ tournaments and MMA bouts and still competes in many Brazilian jiu-jitsu tournaments.&nbsp;<\\/p>\"}},\"67\":{\"type\":\"staff\",\"enabled\":\"1\",\"fields\":{\"image\":[\"49\"],\"staffName\":\"Gerardo Mulas\",\"staffTitle\":\"Instructor, Certified Personal Trainer, Yoga\",\"body\":\"<p>Gerardo Mulas is a certified personal trainer, yoga and martial arts expert whose mission is educating students the benefits of fitness and health and wellness goals. Gerardo specializes in sports performance, weight loss, injury rehabilitation, stress relief, nutritional counseling and meal planning. Gerardo has over two decades of professional and collegiate athletics under his belt, along with extensive training in kickboxing, boxing and grappling.<\\/p>\"}},\"68\":{\"type\":\"staff\",\"enabled\":\"1\",\"fields\":{\"image\":[\"50\"],\"staffName\":\"Randy Stem\",\"staffTitle\":\"Instructor, 5th degree black belt, fitness trainer \",\"body\":\"<p>Randy Stem is a 5th degree black belt trained in Karate, Kickboxing, and Judo and currently in Brazilian Jiu-Jitsu. Randy studied under the teachings of Allen Steen, widely recognized as the \'Father of American Taekwondo\', and has over 45 years of experience mastering martial arts. Randy strongly encourages his students to build a firm foundation in martial arts early on by focusing on the development of basic fundamental motor skills and concepts.<\\/p>\"}},\"69\":{\"type\":\"staff\",\"enabled\":\"1\",\"fields\":{\"image\":[\"43\"],\"staffName\":\"Sovandy Om\",\"staffTitle\":\"Instructor, 5th degree black belt\",\"body\":\"<p>Master Sovandy Om is a 5th degree black belt, kickboxing fitness certified trainer and a FPMA student favorite. Master Om has trained extensively in Tae Kwon Do, MMA, Gymnastic, as well as Crossfit. Along with a passion for martial arts, Master Om has an even bigger passion for fitness. Master Om works tirelessly with helping the students execute proper technique to achieve the maximum benefits, as well as helping students reach and exceed their fitness goals.<\\/p>\"}},\"70\":{\"type\":\"staff\",\"enabled\":\"1\",\"fields\":{\"image\":[\"46\"],\"staffName\":\"Alex Garcia\",\"staffTitle\":\"Instructor, 2nd degree black belt\",\"body\":\"<p>Alex Garcia is a 2nd degree black belt in Tae Kwon Do who gravitated towards the world of martial arts at the age of 4. Alex soon began training to develop and perfect his skills for martial arts and became a student at Freddie Poole\'s Martial Arts at the age of 10. Within 2 years, Alex\\u2019s dedication transformed him into an avid competitor, in which Alex received several 1st place wins in state martial arts championships.<\\/p>\"}},\"71\":{\"type\":\"staff\",\"enabled\":\"1\",\"fields\":{\"image\":[\"45\"],\"staffName\":\"Nathan Bagby\",\"staffTitle\":\"Instructor, 3rd degree black belt, Muay Thai \",\"body\":\"<p>Nathanael \\u201cNathan\\u201d Bagby is a 3rd degree black belt and an accomplished Muay Thai fighter and instructor. Nathan first became interested and started training in martial arts at the age of 8, and in the past 25 years, has trained in Isshinryu Karate, Eskrima, Tae Kwon Do, American Kickboxing, Brazilian Jiu Jitsu, Close Quarter Combat, Boxing, and Muay Thai. &nbsp;Nathan has gone on to compete in several amateur and professional kickboxing and Muay Thai bouts.&nbsp;<\\/p>\"}},\"72\":{\"type\":\"staff\",\"enabled\":\"1\",\"fields\":{\"image\":[\"100\"],\"staffName\":\"Mike Rose\",\"staffTitle\":\"Instructor, Machado black belt \",\"body\":\"<p>Mike Rose has over 25 years of martial arts training, competition, and teaching experience in both Judo and Brazilian Jiu Jitsu. Mike started training in Judo in 1992, when he received his black belt. In 1998, under the teachings of Greg Nelson, Mike began training in Brazilian Jiu Jitsu and received his blue belt in 1999 and his black belt in 2009.<\\/p>\"}}},\"4\":\"\",\"3\":\"\"}}', '2016-06-27 02:08:52', '2016-06-27 02:08:52', 'fed8920a-2006-4733-b5db-365af8faba87'),
 ('119', '33', '3', '1', 'en_us', '10', '', '{\"typeId\":\"3\",\"authorId\":\"1\",\"title\":\"Events\",\"slug\":\"events\",\"postDate\":1458879720,\"expiryDate\":null,\"enabled\":1,\"parentId\":\"\",\"fields\":{\"5\":{\"55\":{\"type\":\"secondaryHero\",\"enabled\":\"1\",\"fields\":{\"heading\":\"Specials\",\"body\":\"<p>We pride ourselves in offering superior service and training for parents and kids. Outside of our extensive martial arts programs offered at both of our Dallas locations, FPMA offers various extra personal services that are very educational, affordable and definitely FUN! From private birthday celebrations to women\\u2019s self-defense classes, there\\u2019s a special FPMA Extra for everyone.<\\/p>\",\"contactButton\":\"1\",\"backgroundColor\":\"#000000\",\"backgroundImage\":[\"39\"],\"mapTitle\":\"\",\"mapContent\":\"\",\"mapAddress\":\"\",\"flexibleArea\":\"\"}},\"56\":{\"type\":\"oneColumn\",\"enabled\":\"1\",\"fields\":{\"heading\":\"Parent\\u2019s Nights Out\",\"body\":\"<p>Got a date night or hang out with the crew night planned and need somewhere to take the kiddos? Bring \\u2018em to FPMA for Parents Night Out (PNO). The PNO program is on specified Saturdays from 5-9pm and welcomes both FPMA students and non-members to join in on a night full of pizza, movies, prizes and fun. <strong><em>Oh, did we mention Nerf gun wars, too?<\\/em><\\/strong> <a href=\\\"\\/locations#entry:7:url\\\">Just give one of our locations a call<\\/a> for more information, pricing and dates for the next PNO.&nbsp;<\\/p>\",\"backgroundColor\":\"#ffffff\",\"backgroundImage\":[\"12\"]}},\"57\":{\"type\":\"oneColumn\",\"enabled\":\"1\",\"fields\":{\"heading\":\"Birthday Parties\",\"body\":\"<p>Celebrate the birthday for your little martial artists Freddie Poole style! FPMA offers a personal experience with one of our many skilled instructors, ready to teach all of the little partiers some exciting new martial arts moves and put a unique spin on a birthday celebrations. Decorations, music and food are welcome. Interested in having your kid\\u2019s next birthday celebration at FPMA? <a href=\\\"tel:2143525425\\\">Give one of our locations a call<\\/a> for more information.<\\/p>\",\"backgroundColor\":\"#f5f5f5\",\"backgroundImage\":\"\"}},\"58\":{\"type\":\"oneColumn\",\"enabled\":\"1\",\"fields\":{\"heading\":\"Special Events\",\"body\":\"<p><strong>FPMA is proud to announce our summer 2016 Karate Camp for kids.<\\/strong><\\/p>\\r\\n\\r\\n<p>Karate Camp is designed for children ages 4-11 and provides the perfect summer getaway for kids interested in learning more about the many forms of martial art. Give you kids the opportunity to learn more about boosting leadership and teamwork skills, building and improving self confidence, self defense techniques, bully awareness as well as fun martial arts games and drills. Choose from 2 summer camp sessions only a $25 deposit required to reserve a spot. Reach out to a FPMA location for more details.<\\/p>\",\"backgroundColor\":\"#ffffff\",\"backgroundImage\":\"\"}},\"77\":{\"type\":\"oneColumn\",\"enabled\":\"1\",\"fields\":{\"heading\":\"Women\\u2019s Self Defense Seminars\",\"body\":\"<p>Safety for our members is a major priority for us. FPMA offers self-defense classes for women to learn how to protect themselves and their loved ones from unexpected attacks. Join FPMA for one of our Women\\u2019s Self Defense Seminars in partnership with Not Dead Yet Apparel. Come get hands-on training as we demonstrate various self-defense techniques, learn empowering safety awareness and practices. Attendance is always free, but we accept donations of $25 or more to benefit a designated local non-profit organization. Take the first step by contacting one of our locations for more information.<\\/p>\",\"backgroundColor\":\"#f5f5f5\",\"backgroundImage\":\"\"}},\"78\":{\"type\":\"oneColumn\",\"enabled\":\"1\",\"fields\":{\"heading\":\"Personal Training \",\"body\":\"<p>For the member who wants to learn the valuable techniques of martial arts outside of a group setting, FPMA offers specialized one-on-one training sessions. Members get individually structured personal instruction from one of our certified martial arts trainers. Training sessions are customized to benefit each student in any skill level, from a novice student wanting a more personal experience or an advanced student preparing for competition. <a href=\\\"\\/contact-us#entry:32:url\\\">Contact one of our two Dallas locations<\\/a> for more details.&nbsp;<\\/p>\",\"backgroundColor\":\"#ffffff\",\"backgroundImage\":\"\"}}},\"4\":\"\",\"3\":\"\"}}', '2016-06-27 14:13:28', '2016-06-27 14:13:28', '351b394f-d6cb-4d0b-a94e-5d584b2bff48'),
 ('120', '24', '3', '1', 'en_us', '21', '', '{\"typeId\":\"3\",\"authorId\":\"1\",\"title\":\"North Texas Martial Arts\",\"slug\":\"north-dallas\",\"postDate\":1458012000,\"expiryDate\":null,\"enabled\":1,\"parentId\":\"7\",\"fields\":{\"5\":{\"25\":{\"type\":\"secondaryHero\",\"enabled\":\"1\",\"fields\":{\"heading\":\"North Texas Martial Arts\",\"body\":\"<p>North Texas Martial Arts is certified partner school of Freddie Poole Martial Arts; we leverage the same martial arts curriculum as FPMA. North Texas Martial Art is led by Master Steve Sosa, a true martial artist with over 30 years of experience and multiple accolades, whose dedicated his passion for martial arts into teaching and coaching students.<\\/p>\",\"contactButton\":\"1\",\"backgroundColor\":\"#000000\",\"backgroundImage\":[\"114\"],\"mapTitle\":\"North Texas Martial Arts\",\"mapContent\":\"<p>17194 Preston Road, Suite 215<br>Dallas, Texas 75248<br><a href=\\\"http:\\/\\/tel:972.323.0027\\\">972.323.0027<\\/a><\\/p>\",\"mapAddress\":\"17194 Preston Rd. #215  Dallas, TX United States 75248\",\"flexibleArea\":\"<p>Check out out current schedule to keep up to date with our latest offerings!<\\/p>\"}},\"103\":{\"type\":\"events\",\"enabled\":\"1\",\"fields\":{\"heading\":\"NTMA \\u2013 Event Calendar\",\"body\":\"\",\"location\":\"northDallas\"}}},\"4\":\"\",\"3\":\"\"}}', '2016-06-27 18:44:20', '2016-06-27 18:44:20', '9385cf7e-eb3c-4686-af94-c12271164d73'),
 ('121', '73', '3', '1', 'en_us', '6', '', '{\"typeId\":\"3\",\"authorId\":\"1\",\"title\":\"About Freddie\",\"slug\":\"about-freddie\",\"postDate\":1465959360,\"expiryDate\":null,\"enabled\":1,\"parentId\":\"5\",\"fields\":{\"5\":{\"75\":{\"type\":\"secondaryHero\",\"enabled\":\"1\",\"fields\":{\"heading\":\"About Freddie\",\"body\":\"<p>Freddie Poole began martial arts training in 1981, at the age of seven years old. He began studying at Southwest Karate Academy under Demetrius \\u201cGolden Greek\\u201d Havanas. Southwest Karate Academy produced some of the best martial arts champions and competitors in the world, at that time. The 80\\u2019s were the tail end of the \\u201cTexas Blood and Guts\\u201d era of martial arts. The lineage began with Jhoon Rhee and his first black belt was Allen Steen. Steen went on to train many black belts and students and Texas was known for producing some of the best fighters in the country. Tim Kirby, Billye Jackson, Raymond McCallum, Santae Wilson Jr. and Cliff Thomas were some of the world-class competitors who had influence over Poole\\u2019s training and development.<\\/p>\",\"contactButton\":\"1\",\"backgroundColor\":\"#000000\",\"backgroundImage\":[\"119\"],\"mapTitle\":\"\",\"mapContent\":\"\",\"mapAddress\":\"\",\"flexibleArea\":\"\"}},\"76\":{\"type\":\"oneColumn\",\"enabled\":\"1\",\"fields\":{\"heading\":\"\",\"body\":\"<h3>As a young brown belt, Poole began teaching at Sun Belt Karate Academy by assisting younger and lower ranking students with warm-ups, kick punch technique and forms. It was not uncommon to see Poole leading an adult class at 12 years old.<\\/h3>\\r\\n\\r\\n<p>Poole received his 1st degree black belt in 1986, under Tim Kirby, Billye Jackson and Raymond McCallum. Poole competed in the AOK and was a top ranked competitor in forms and fighting for many years as a junior competitor.<\\/p>\\r\\n\\r\\n\\r\\n\\r\\n\\r\\n\\r\\n\\r\\n\\r\\n\\r\\n\\r\\n\\r\\n\\r\\n<p>Poole began training with long time friend and kickboxing champion Guy Mezger in 1993. Poole began honing his boxing and kickboxing skills with Mezger, Billye Jackson, Santae Wilson Jr. and Coach Charles Brown and went on to win a national title in 1997, which earned a spot on the US National Kickboxing team.<\\/p>\\r\\n\\r\\n\\r\\n\\r\\n\\r\\n\\r\\n\\r\\n\\r\\n\\r\\n\\r\\n\\r\\n\\r\\n<p>Poole\\u2019s boxing experience comes from training with some of the best coaches in the business. Phil Sawyer and Olympic Boxing Bronze medalist Charles Brown have influenced Poole in his boxing training, as well as Golden Gloves Champion Alex Andrade.<\\/p>\\r\\n\\r\\n\\r\\n\\r\\n\\r\\n\\r\\n\\r\\n\\r\\n\\r\\n\\r\\n\\r\\n\\r\\n<p>Poole has several years of Muay Thai experience, training with Francisco Sanchez of New World Combat, as well as World Muay Thai champion and MMA veteran Pete Spratt and Muay Thai champion Jason House.<\\/p>\\r\\n\\r\\n\\r\\n\\r\\n\\r\\n\\r\\n\\r\\n\\r\\n\\r\\n\\r\\n\\r\\n\\r\\n<p>Poole\\u2019s Judo experience comes from training with Master Vince Tamura and Judo Black Belt Rico Castro.<\\/p>\\r\\n\\r\\n\\r\\n\\r\\n\\r\\n\\r\\n\\r\\n\\r\\n\\r\\n\\r\\n\\r\\n\\r\\n<p>Poole currently trains under the tutelage of 8th degree Brazilian Jiu Jitsu master, Carlos Machado, where he holds a brown belt and is a proud affiliate of Machado Jiu Jitsu. Poole has also trained with many talented Brazilian Jiu Jitsu black belts including Kenny McClure, Jeff Sawyer, Rico Castro and Taryn Douglas.<\\/p>\\r\\n\\r\\n\\r\\n\\r\\n\\r\\n\\r\\n\\r\\n\\r\\n\\r\\n\\r\\n\\r\\n\\r\\n<p>Poole has competed all over the United States and internationally in Europe, winning a KICK International title in 2004 along with many team karate titles from 1999-2004. Poole also fought for Team Texas in Chuck Norris\\u2019s televised fight league, The World Combat League.<\\/p>\\r\\n\\r\\n\\r\\n\\r\\n\\r\\n\\r\\n\\r\\n\\r\\n\\r\\n\\r\\n\\r\\n\\r\\n<p>Poole has taken his vast knowledge of martial arts and created a well-rounded training system for all ages. Freddie Poole\\u2019s Martial Arts is the most balanced martial arts training system, combining traditional training elements with practical real world application. By integrating both of these elements into one system, one can truly train in mixed martial arts.<\\/p>\\r\\n\\r\\n\\r\\n\\r\\n\\r\\n\\r\\n\\r\\n\\r\\n\\r\\n\\r\\n\\r\\n\\r\\n\\r\\n\\r\\n<p>Since opening its doors in 2004, Freddie Poole\'s Martial Arts has been impacting thousands&nbsp;of&nbsp;lives in the community. Our friendly staff looks forward each day to helping our students achieve their goals. Although standards are set high, each student at FPMA is evaluated on an individual basis to ensure progression on their own timeline. This approach ensures students achieve and&nbsp;earn rank on their own merit.&nbsp;We encourage our students to trust the process and enjoy it. Earning a black belt at FPMA is a once in a lifetime experience!<\\/p>\",\"backgroundColor\":\"#000000\",\"backgroundImage\":[\"12\"]}}},\"4\":\"\",\"3\":\"\"}}', '2016-07-06 02:48:09', '2016-07-06 02:48:09', 'f490837e-48c5-42c1-bda3-51b065b3b287'),
 ('122', '73', '3', '1', 'en_us', '7', '', '{\"typeId\":\"3\",\"authorId\":\"1\",\"title\":\"About Freddie\",\"slug\":\"about-freddie\",\"postDate\":1465959360,\"expiryDate\":null,\"enabled\":1,\"parentId\":\"5\",\"fields\":{\"5\":{\"75\":{\"type\":\"secondaryHero\",\"enabled\":\"1\",\"fields\":{\"heading\":\"About Freddie\",\"body\":\"<p>Freddie Poole began martial arts training in 1981, at the age of seven years old. He began studying at Southwest Karate Academy under Demetrius \\u201cGolden Greek\\u201d Havanas. Southwest Karate Academy produced some of the best martial arts champions and competitors in the world, at that time. The 80\\u2019s were the tail end of the \\u201cTexas Blood and Guts\\u201d era of martial arts. The lineage began with Jhoon Rhee and his first black belt was Allen Steen. Steen went on to train many black belts and students and Texas was known for producing some of the best fighters in the country. Tim Kirby, Billye Jackson, Raymond McCallum, Santae Wilson Jr. and Cliff Thomas were some of the world-class competitors who had influence over Poole\\u2019s training and development.<\\/p>\",\"contactButton\":\"1\",\"backgroundColor\":\"#000000\",\"backgroundImage\":[\"119\"],\"mapTitle\":\"\",\"mapContent\":\"\",\"mapAddress\":\"\",\"flexibleArea\":\"\"}},\"76\":{\"type\":\"oneColumn\",\"enabled\":\"1\",\"fields\":{\"heading\":\"\",\"body\":\"<h3>As a young brown belt, Poole began teaching at Sun Belt Karate Academy by assisting younger and lower ranking students with warm-ups, kick punch technique and forms. It was not uncommon to see Poole leading an adult class at 12 years old.<\\/h3>\\r\\n\\r\\n<p>Poole received his 1st degree black belt in 1986, under Tim Kirby, Billye Jackson and Raymond McCallum. Poole competed in the AOK and was a top ranked competitor in forms and fighting for many years as a junior competitor.<\\/p>\\r\\n\\r\\n\\r\\n\\r\\n\\r\\n\\r\\n\\r\\n\\r\\n\\r\\n\\r\\n\\r\\n\\r\\n\\r\\n\\r\\n<p>Poole began training with long time friend and kickboxing champion Guy Mezger in 1993. Poole began honing his boxing and kickboxing skills with Mezger, Billye Jackson, Santae Wilson Jr. and Coach Charles Brown and went on to win a national title in 1997, which earned a spot on the US National Kickboxing team.<\\/p>\\r\\n\\r\\n\\r\\n\\r\\n\\r\\n\\r\\n\\r\\n\\r\\n\\r\\n\\r\\n\\r\\n\\r\\n\\r\\n\\r\\n<p>Poole\\u2019s boxing experience comes from training with some of the best coaches in the business. Phil Sawyer and Olympic Boxing Bronze medalist Charles Brown have influenced Poole in his boxing training, as well as Golden Gloves Champion Alex Andrade.<\\/p>\\r\\n\\r\\n\\r\\n\\r\\n\\r\\n\\r\\n\\r\\n\\r\\n\\r\\n\\r\\n\\r\\n\\r\\n\\r\\n\\r\\n<p>Poole has several years of Muay Thai experience, training with Francisco Sanchez of New World Combat, as well as World Muay Thai champion and MMA veteran Pete Spratt and Muay Thai champion Jason House.<\\/p>\\r\\n\\r\\n\\r\\n\\r\\n\\r\\n\\r\\n\\r\\n\\r\\n\\r\\n\\r\\n\\r\\n\\r\\n\\r\\n\\r\\n<p>Poole\\u2019s Judo experience comes from training with Master Vince Tamura and Judo Black Belt Rico Castro.<\\/p>\\r\\n\\r\\n\\r\\n\\r\\n\\r\\n\\r\\n\\r\\n\\r\\n\\r\\n\\r\\n\\r\\n\\r\\n\\r\\n\\r\\n<p>Poole currently trains under the tutelage of 8th degree Brazilian Jiu Jitsu master, Carlos Machado, where he holds a brown belt and is a proud affiliate of Machado Jiu Jitsu. Poole has also trained with many talented Brazilian Jiu Jitsu black belts including Kenny McClure, Jeff Sawyer, Rico Castro and Taryn Douglas.<\\/p>\\r\\n\\r\\n\\r\\n\\r\\n\\r\\n\\r\\n\\r\\n\\r\\n\\r\\n\\r\\n\\r\\n\\r\\n\\r\\n\\r\\n<p>Poole has competed all over the United States and internationally in Europe, winning a KICK International title in 2004 along with many team karate titles from 1999-2004. Poole also fought for Team Texas in Chuck Norris\\u2019s televised fight league, The World Combat League.<\\/p>\\r\\n\\r\\n\\r\\n\\r\\n\\r\\n\\r\\n\\r\\n\\r\\n\\r\\n\\r\\n\\r\\n\\r\\n\\r\\n\\r\\n<p>Poole has taken his vast knowledge of martial arts and created a well-rounded training system for all ages. Freddie Poole\\u2019s Martial Arts is the most balanced martial arts training system, combining traditional training elements with practical real world application. By integrating both of these elements into one system, one can truly train in mixed martial arts.<\\/p>\\r\\n\\r\\n\\r\\n\\r\\n\\r\\n\\r\\n\\r\\n\\r\\n\\r\\n\\r\\n\\r\\n\\r\\n\\r\\n\\r\\n\\r\\n\\r\\n<p>Since opening its doors in 2004, Freddie Poole\'s Martial Arts has been impacting thousands&nbsp;of&nbsp;lives in the community. Our friendly staff looks forward each day to helping our students achieve their goals. Although standards are set high, each student at FPMA is evaluated on an individual basis to ensure progression on their own timeline. This approach ensures students achieve and&nbsp;earn rank on their own merit.&nbsp;We encourage our students to trust the process and enjoy it. Earning a black belt at FPMA is a once in a lifetime experience!<\\/p>\",\"backgroundColor\":\"#000000\",\"backgroundImage\":[\"12\"]}}},\"4\":\"\",\"3\":\"\"}}', '2016-07-06 02:49:58', '2016-07-06 02:49:58', 'abad9291-ad3e-4756-857a-9d74336e460a'),
 ('123', '73', '3', '1', 'en_us', '8', '', '{\"typeId\":\"3\",\"authorId\":\"1\",\"title\":\"About Freddie\",\"slug\":\"about-freddie\",\"postDate\":1465959360,\"expiryDate\":null,\"enabled\":1,\"parentId\":\"5\",\"fields\":{\"5\":{\"75\":{\"type\":\"secondaryHero\",\"enabled\":\"1\",\"fields\":{\"heading\":\"About Freddie\",\"body\":\"<p>Freddie Poole began martial arts training in 1981, at the age of seven years old. He began studying at Southwest Karate Academy under Demetrius \\u201cGolden Greek\\u201d Havanas. Southwest Karate Academy produced some of the best martial arts champions and competitors in the world, at that time. The 80\\u2019s were the tail end of the \\u201cTexas Blood and Guts\\u201d era of martial arts. The lineage began with Jhoon Rhee and his first black belt was Allen Steen. Steen went on to train many black belts and students and Texas was known for producing some of the best fighters in the country. Tim Kirby, Billye Jackson, Raymond McCallum, Santae Wilson Jr. and Cliff Thomas were some of the world-class competitors who had influence over Poole\\u2019s training and development.<\\/p>\",\"contactButton\":\"1\",\"backgroundColor\":\"#000000\",\"backgroundImage\":[\"121\"],\"mapTitle\":\"\",\"mapContent\":\"\",\"mapAddress\":\"\",\"flexibleArea\":\"\"}},\"76\":{\"type\":\"oneColumn\",\"enabled\":\"1\",\"fields\":{\"heading\":\"\",\"body\":\"<h3>As a young brown belt, Poole began teaching at Sun Belt Karate Academy by assisting younger and lower ranking students with warm-ups, kick punch technique and forms. It was not uncommon to see Poole leading an adult class at 12 years old.<\\/h3>\\r\\n\\r\\n<p>Poole received his 1st degree black belt in 1986, under Tim Kirby, Billye Jackson and Raymond McCallum. Poole competed in the AOK and was a top ranked competitor in forms and fighting for many years as a junior competitor.<\\/p>\\r\\n\\r\\n\\r\\n\\r\\n\\r\\n\\r\\n\\r\\n\\r\\n\\r\\n\\r\\n\\r\\n\\r\\n\\r\\n\\r\\n\\r\\n\\r\\n<p>Poole began training with long time friend and kickboxing champion Guy Mezger in 1993. Poole began honing his boxing and kickboxing skills with Mezger, Billye Jackson, Santae Wilson Jr. and Coach Charles Brown and went on to win a national title in 1997, which earned a spot on the US National Kickboxing team.<\\/p>\\r\\n\\r\\n\\r\\n\\r\\n\\r\\n\\r\\n\\r\\n\\r\\n\\r\\n\\r\\n\\r\\n\\r\\n\\r\\n\\r\\n\\r\\n\\r\\n<p>Poole\\u2019s boxing experience comes from training with some of the best coaches in the business. Phil Sawyer and Olympic Boxing Bronze medalist Charles Brown have influenced Poole in his boxing training, as well as Golden Gloves Champion Alex Andrade.<\\/p>\\r\\n\\r\\n\\r\\n\\r\\n\\r\\n\\r\\n\\r\\n\\r\\n\\r\\n\\r\\n\\r\\n\\r\\n\\r\\n\\r\\n\\r\\n\\r\\n<p>Poole has several years of Muay Thai experience, training with Francisco Sanchez of New World Combat, as well as World Muay Thai champion and MMA veteran Pete Spratt and Muay Thai champion Jason House.<\\/p>\\r\\n\\r\\n\\r\\n\\r\\n\\r\\n\\r\\n\\r\\n\\r\\n\\r\\n\\r\\n\\r\\n\\r\\n\\r\\n\\r\\n\\r\\n\\r\\n<p>Poole\\u2019s Judo experience comes from training with Master Vince Tamura and Judo Black Belt Rico Castro.<\\/p>\\r\\n\\r\\n\\r\\n\\r\\n\\r\\n\\r\\n\\r\\n\\r\\n\\r\\n\\r\\n\\r\\n\\r\\n\\r\\n\\r\\n\\r\\n\\r\\n<p>Poole currently trains under the tutelage of 8th degree Brazilian Jiu Jitsu master, Carlos Machado, where he holds a brown belt and is a proud affiliate of Machado Jiu Jitsu. Poole has also trained with many talented Brazilian Jiu Jitsu black belts including Kenny McClure, Jeff Sawyer, Rico Castro and Taryn Douglas.<\\/p>\\r\\n\\r\\n\\r\\n\\r\\n\\r\\n\\r\\n\\r\\n\\r\\n\\r\\n\\r\\n\\r\\n\\r\\n\\r\\n\\r\\n\\r\\n\\r\\n<p>Poole has competed all over the United States and internationally in Europe, winning a KICK International title in 2004 along with many team karate titles from 1999-2004. Poole also fought for Team Texas in Chuck Norris\\u2019s televised fight league, The World Combat League.<\\/p>\\r\\n\\r\\n\\r\\n\\r\\n\\r\\n\\r\\n\\r\\n\\r\\n\\r\\n\\r\\n\\r\\n\\r\\n\\r\\n\\r\\n\\r\\n\\r\\n<p>Poole has taken his vast knowledge of martial arts and created a well-rounded training system for all ages. Freddie Poole\\u2019s Martial Arts is the most balanced martial arts training system, combining traditional training elements with practical real world application. By integrating both of these elements into one system, one can truly train in mixed martial arts.<\\/p>\\r\\n\\r\\n\\r\\n\\r\\n\\r\\n\\r\\n\\r\\n\\r\\n\\r\\n\\r\\n\\r\\n\\r\\n\\r\\n\\r\\n\\r\\n\\r\\n\\r\\n\\r\\n<p>Since opening its doors in 2004, Freddie Poole\'s Martial Arts has been impacting thousands&nbsp;of&nbsp;lives in the community. Our friendly staff looks forward each day to helping our students achieve their goals. Although standards are set high, each student at FPMA is evaluated on an individual basis to ensure progression on their own timeline. This approach ensures students achieve and&nbsp;earn rank on their own merit.&nbsp;We encourage our students to trust the process and enjoy it. Earning a black belt at FPMA is a once in a lifetime experience!<\\/p>\",\"backgroundColor\":\"#000000\",\"backgroundImage\":[\"12\"]}}},\"4\":\"\",\"3\":\"\"}}', '2016-07-06 02:56:57', '2016-07-06 02:56:57', '8f4884ba-6e11-458b-a07d-8d7ce60d95ef'),
 ('124', '73', '3', '1', 'en_us', '9', '', '{\"typeId\":\"3\",\"authorId\":\"1\",\"title\":\"About Freddie\",\"slug\":\"about-freddie\",\"postDate\":1465959360,\"expiryDate\":null,\"enabled\":1,\"parentId\":\"5\",\"fields\":{\"5\":{\"75\":{\"type\":\"secondaryHero\",\"enabled\":\"1\",\"fields\":{\"heading\":\"About Freddie\",\"body\":\"<p>Freddie Poole began martial arts training in 1981, at the age of seven years old. He began studying at Southwest Karate Academy under Demetrius \\u201cGolden Greek\\u201d Havanas. Southwest Karate Academy produced some of the best martial arts champions and competitors in the world, at that time. The 80\\u2019s were the tail end of the \\u201cTexas Blood and Guts\\u201d era of martial arts. The lineage began with Jhoon Rhee and his first black belt was Allen Steen. Steen went on to train many black belts and students and Texas was known for producing some of the best fighters in the country. Tim Kirby, Billye Jackson, Raymond McCallum, Santae Wilson Jr. and Cliff Thomas were some of the world-class competitors who had influence over Poole\\u2019s training and development.<\\/p>\",\"contactButton\":\"1\",\"backgroundColor\":\"#000000\",\"backgroundImage\":[\"119\"],\"mapTitle\":\"\",\"mapContent\":\"\",\"mapAddress\":\"\",\"flexibleArea\":\"\"}},\"76\":{\"type\":\"oneColumn\",\"enabled\":\"1\",\"fields\":{\"heading\":\"\",\"body\":\"<h3>As a young brown belt, Poole began teaching at Sun Belt Karate Academy by assisting younger and lower ranking students with warm-ups, kick punch technique and forms. It was not uncommon to see Poole leading an adult class at 12 years old.<\\/h3>\\r\\n\\r\\n<p>Poole received his 1st degree black belt in 1986, under Tim Kirby, Billye Jackson and Raymond McCallum. Poole competed in the AOK and was a top ranked competitor in forms and fighting for many years as a junior competitor.<\\/p>\\r\\n\\r\\n\\r\\n\\r\\n\\r\\n\\r\\n\\r\\n\\r\\n\\r\\n\\r\\n\\r\\n\\r\\n\\r\\n\\r\\n\\r\\n\\r\\n\\r\\n\\r\\n<p>Poole began training with long time friend and kickboxing champion Guy Mezger in 1993. Poole began honing his boxing and kickboxing skills with Mezger, Billye Jackson, Santae Wilson Jr. and Coach Charles Brown and went on to win a national title in 1997, which earned a spot on the US National Kickboxing team.<\\/p>\\r\\n\\r\\n\\r\\n\\r\\n\\r\\n\\r\\n\\r\\n\\r\\n\\r\\n\\r\\n\\r\\n\\r\\n\\r\\n\\r\\n\\r\\n\\r\\n\\r\\n\\r\\n<p>Poole\\u2019s boxing experience comes from training with some of the best coaches in the business. Phil Sawyer and Olympic Boxing Bronze medalist Charles Brown have influenced Poole in his boxing training, as well as Golden Gloves Champion Alex Andrade.<\\/p>\\r\\n\\r\\n\\r\\n\\r\\n\\r\\n\\r\\n\\r\\n\\r\\n\\r\\n\\r\\n\\r\\n\\r\\n\\r\\n\\r\\n\\r\\n\\r\\n\\r\\n\\r\\n<p>Poole has several years of Muay Thai experience, training with Francisco Sanchez of New World Combat, as well as World Muay Thai champion and MMA veteran Pete Spratt and Muay Thai champion Jason House.<\\/p>\\r\\n\\r\\n\\r\\n\\r\\n\\r\\n\\r\\n\\r\\n\\r\\n\\r\\n\\r\\n\\r\\n\\r\\n\\r\\n\\r\\n\\r\\n\\r\\n\\r\\n\\r\\n<p>Poole\\u2019s Judo experience comes from training with Master Vince Tamura and Judo Black Belt Rico Castro.<\\/p>\\r\\n\\r\\n\\r\\n\\r\\n\\r\\n\\r\\n\\r\\n\\r\\n\\r\\n\\r\\n\\r\\n\\r\\n\\r\\n\\r\\n\\r\\n\\r\\n\\r\\n\\r\\n<p>Poole currently trains under the tutelage of 8th degree Brazilian Jiu Jitsu master, Carlos Machado, where he holds a brown belt and is a proud affiliate of Machado Jiu Jitsu. Poole has also trained with many talented Brazilian Jiu Jitsu black belts including Kenny McClure, Jeff Sawyer, Rico Castro and Taryn Douglas.<\\/p>\\r\\n\\r\\n\\r\\n\\r\\n\\r\\n\\r\\n\\r\\n\\r\\n\\r\\n\\r\\n\\r\\n\\r\\n\\r\\n\\r\\n\\r\\n\\r\\n\\r\\n\\r\\n<p>Poole has competed all over the United States and internationally in Europe, winning a KICK International title in 2004 along with many team karate titles from 1999-2004. Poole also fought for Team Texas in Chuck Norris\\u2019s televised fight league, The World Combat League.<\\/p>\\r\\n\\r\\n\\r\\n\\r\\n\\r\\n\\r\\n\\r\\n\\r\\n\\r\\n\\r\\n\\r\\n\\r\\n\\r\\n\\r\\n\\r\\n\\r\\n\\r\\n\\r\\n<p>Poole has taken his vast knowledge of martial arts and created a well-rounded training system for all ages. Freddie Poole\\u2019s Martial Arts is the most balanced martial arts training system, combining traditional training elements with practical real world application. By integrating both of these elements into one system, one can truly train in mixed martial arts.<\\/p>\\r\\n\\r\\n\\r\\n\\r\\n\\r\\n\\r\\n\\r\\n\\r\\n\\r\\n\\r\\n\\r\\n\\r\\n\\r\\n\\r\\n\\r\\n\\r\\n\\r\\n\\r\\n\\r\\n\\r\\n<p>Since opening its doors in 2004, Freddie Poole\'s Martial Arts has been impacting thousands&nbsp;of&nbsp;lives in the community. Our friendly staff looks forward each day to helping our students achieve their goals. Although standards are set high, each student at FPMA is evaluated on an individual basis to ensure progression on their own timeline. This approach ensures students achieve and&nbsp;earn rank on their own merit.&nbsp;We encourage our students to trust the process and enjoy it. Earning a black belt at FPMA is a once in a lifetime experience!<\\/p>\",\"backgroundColor\":\"#000000\",\"backgroundImage\":[\"12\"]}}},\"4\":\"\",\"3\":\"\"}}', '2016-07-06 02:57:56', '2016-07-06 02:57:56', '8f1018a5-3a43-4870-9dd7-9364cd5e0f26'),
 ('125', '73', '3', '1', 'en_us', '10', '', '{\"typeId\":\"3\",\"authorId\":\"1\",\"title\":\"About Freddie\",\"slug\":\"about-freddie\",\"postDate\":1465959360,\"expiryDate\":null,\"enabled\":1,\"parentId\":\"5\",\"fields\":{\"5\":{\"75\":{\"type\":\"secondaryHero\",\"enabled\":\"1\",\"fields\":{\"heading\":\"About Freddie\",\"body\":\"<p>Freddie Poole began martial arts training in 1981, at the age of seven years old. He began studying at Southwest Karate Academy under Demetrius \\u201cGolden Greek\\u201d Havanas. Southwest Karate Academy produced some of the best martial arts champions and competitors in the world, at that time. The 80\\u2019s were the tail end of the \\u201cTexas Blood and Guts\\u201d era of martial arts. The lineage began with Jhoon Rhee and his first black belt was Allen Steen. Steen went on to train many black belts and students and Texas was known for producing some of the best fighters in the country. Tim Kirby, Billye Jackson, Raymond McCallum, Santae Wilson Jr. and Cliff Thomas were some of the world-class competitors who had influence over Poole\\u2019s training and development.<\\/p>\",\"contactButton\":\"1\",\"backgroundColor\":\"#000000\",\"backgroundImage\":[\"121\"],\"mapTitle\":\"\",\"mapContent\":\"\",\"mapAddress\":\"\",\"flexibleArea\":\"\"}},\"76\":{\"type\":\"oneColumn\",\"enabled\":\"1\",\"fields\":{\"heading\":\"\",\"body\":\"<h3>As a young brown belt, Poole began teaching at Sun Belt Karate Academy by assisting younger and lower ranking students with warm-ups, kick punch technique and forms. It was not uncommon to see Poole leading an adult class at 12 years old.<\\/h3>\\r\\n\\r\\n<p>Poole received his 1st degree black belt in 1986, under Tim Kirby, Billye Jackson and Raymond McCallum. Poole competed in the AOK and was a top ranked competitor in forms and fighting for many years as a junior competitor.<\\/p>\\r\\n\\r\\n\\r\\n\\r\\n\\r\\n\\r\\n\\r\\n\\r\\n\\r\\n\\r\\n\\r\\n\\r\\n\\r\\n\\r\\n\\r\\n\\r\\n\\r\\n\\r\\n\\r\\n\\r\\n<p>Poole began training with long time friend and kickboxing champion Guy Mezger in 1993. Poole began honing his boxing and kickboxing skills with Mezger, Billye Jackson, Santae Wilson Jr. and Coach Charles Brown and went on to win a national title in 1997, which earned a spot on the US National Kickboxing team.<\\/p>\\r\\n\\r\\n\\r\\n\\r\\n\\r\\n\\r\\n\\r\\n\\r\\n\\r\\n\\r\\n\\r\\n\\r\\n\\r\\n\\r\\n\\r\\n\\r\\n\\r\\n\\r\\n\\r\\n\\r\\n<p>Poole\\u2019s boxing experience comes from training with some of the best coaches in the business. Phil Sawyer and Olympic Boxing Bronze medalist Charles Brown have influenced Poole in his boxing training, as well as Golden Gloves Champion Alex Andrade.<\\/p>\\r\\n\\r\\n\\r\\n\\r\\n\\r\\n\\r\\n\\r\\n\\r\\n\\r\\n\\r\\n\\r\\n\\r\\n\\r\\n\\r\\n\\r\\n\\r\\n\\r\\n\\r\\n\\r\\n\\r\\n<p>Poole has several years of Muay Thai experience, training with Francisco Sanchez of New World Combat, as well as World Muay Thai champion and MMA veteran Pete Spratt and Muay Thai champion Jason House.<\\/p>\\r\\n\\r\\n\\r\\n\\r\\n\\r\\n\\r\\n\\r\\n\\r\\n\\r\\n\\r\\n\\r\\n\\r\\n\\r\\n\\r\\n\\r\\n\\r\\n\\r\\n\\r\\n\\r\\n\\r\\n<p>Poole\\u2019s Judo experience comes from training with Master Vince Tamura and Judo Black Belt Rico Castro.<\\/p>\\r\\n\\r\\n\\r\\n\\r\\n\\r\\n\\r\\n\\r\\n\\r\\n\\r\\n\\r\\n\\r\\n\\r\\n\\r\\n\\r\\n\\r\\n\\r\\n\\r\\n\\r\\n\\r\\n\\r\\n<p>Poole currently trains under the tutelage of 8th degree Brazilian Jiu Jitsu master, Carlos Machado, where he holds a brown belt and is a proud affiliate of Machado Jiu Jitsu. Poole has also trained with many talented Brazilian Jiu Jitsu black belts including Kenny McClure, Jeff Sawyer, Rico Castro and Taryn Douglas.<\\/p>\\r\\n\\r\\n\\r\\n\\r\\n\\r\\n\\r\\n\\r\\n\\r\\n\\r\\n\\r\\n\\r\\n\\r\\n\\r\\n\\r\\n\\r\\n\\r\\n\\r\\n\\r\\n\\r\\n\\r\\n<p>Poole has competed all over the United States and internationally in Europe, winning a KICK International title in 2004 along with many team karate titles from 1999-2004. Poole also fought for Team Texas in Chuck Norris\\u2019s televised fight league, The World Combat League.<\\/p>\\r\\n\\r\\n\\r\\n\\r\\n\\r\\n\\r\\n\\r\\n\\r\\n\\r\\n\\r\\n\\r\\n\\r\\n\\r\\n\\r\\n\\r\\n\\r\\n\\r\\n\\r\\n\\r\\n\\r\\n<p>Poole has taken his vast knowledge of martial arts and created a well-rounded training system for all ages. Freddie Poole\\u2019s Martial Arts is the most balanced martial arts training system, combining traditional training elements with practical real world application. By integrating both of these elements into one system, one can truly train in mixed martial arts.<\\/p>\\r\\n\\r\\n\\r\\n\\r\\n\\r\\n\\r\\n\\r\\n\\r\\n\\r\\n\\r\\n\\r\\n\\r\\n\\r\\n\\r\\n\\r\\n\\r\\n\\r\\n\\r\\n\\r\\n\\r\\n\\r\\n\\r\\n<p>Since opening its doors in 2004, Freddie Poole\'s Martial Arts has been impacting thousands&nbsp;of&nbsp;lives in the community. Our friendly staff looks forward each day to helping our students achieve their goals. Although standards are set high, each student at FPMA is evaluated on an individual basis to ensure progression on their own timeline. This approach ensures students achieve and&nbsp;earn rank on their own merit.&nbsp;We encourage our students to trust the process and enjoy it. Earning a black belt at FPMA is a once in a lifetime experience!<\\/p>\",\"backgroundColor\":\"#000000\",\"backgroundImage\":[\"12\"]}}},\"4\":\"\",\"3\":\"\"}}', '2016-07-06 02:58:10', '2016-07-06 02:58:10', '3e523e63-4be3-4e23-a557-a74ba9a3e0fa'),
 ('126', '73', '3', '1', 'en_us', '11', '', '{\"typeId\":\"3\",\"authorId\":\"1\",\"title\":\"About Freddie\",\"slug\":\"about-freddie\",\"postDate\":1465959360,\"expiryDate\":null,\"enabled\":1,\"parentId\":\"5\",\"fields\":{\"5\":{\"75\":{\"type\":\"secondaryHero\",\"enabled\":\"1\",\"fields\":{\"heading\":\"About Freddie\",\"body\":\"<p>Freddie Poole began martial arts training in 1981, at the age of seven years old. He began studying at Southwest Karate Academy under Demetrius \\u201cGolden Greek\\u201d Havanas. Southwest Karate Academy produced some of the best martial arts champions and competitors in the world, at that time. The 80\\u2019s were the tail end of the \\u201cTexas Blood and Guts\\u201d era of martial arts. The lineage began with Jhoon Rhee and his first black belt was Allen Steen. Steen went on to train many black belts and students and Texas was known for producing some of the best fighters in the country. Tim Kirby, Billye Jackson, Raymond McCallum, Santae Wilson Jr. and Cliff Thomas were some of the world-class competitors who had influence over Poole\\u2019s training and development.<\\/p>\",\"contactButton\":\"1\",\"backgroundColor\":\"#000000\",\"backgroundImage\":[\"119\"],\"mapTitle\":\"\",\"mapContent\":\"\",\"mapAddress\":\"\",\"flexibleArea\":\"\"}},\"76\":{\"type\":\"oneColumn\",\"enabled\":\"1\",\"fields\":{\"heading\":\"\",\"body\":\"<h3>As a young brown belt, Poole began teaching at Sun Belt Karate Academy by assisting younger and lower ranking students with warm-ups, kick punch technique and forms. It was not uncommon to see Poole leading an adult class at 12 years old.<\\/h3>\\r\\n\\r\\n<p>Poole received his 1st degree black belt in 1986, under Tim Kirby, Billye Jackson and Raymond McCallum. Poole competed in the AOK and was a top ranked competitor in forms and fighting for many years as a junior competitor.<\\/p>\\r\\n\\r\\n\\r\\n\\r\\n\\r\\n\\r\\n\\r\\n\\r\\n\\r\\n\\r\\n\\r\\n\\r\\n\\r\\n\\r\\n\\r\\n\\r\\n\\r\\n\\r\\n\\r\\n\\r\\n\\r\\n\\r\\n<p>Poole began training with long time friend and kickboxing champion Guy Mezger in 1993. Poole began honing his boxing and kickboxing skills with Mezger, Billye Jackson, Santae Wilson Jr. and Coach Charles Brown and went on to win a national title in 1997, which earned a spot on the US National Kickboxing team.<\\/p>\\r\\n\\r\\n\\r\\n\\r\\n\\r\\n\\r\\n\\r\\n\\r\\n\\r\\n\\r\\n\\r\\n\\r\\n\\r\\n\\r\\n\\r\\n\\r\\n\\r\\n\\r\\n\\r\\n\\r\\n\\r\\n\\r\\n<p>Poole\\u2019s boxing experience comes from training with some of the best coaches in the business. Phil Sawyer and Olympic Boxing Bronze medalist Charles Brown have influenced Poole in his boxing training, as well as Golden Gloves Champion Alex Andrade.<\\/p>\\r\\n\\r\\n\\r\\n\\r\\n\\r\\n\\r\\n\\r\\n\\r\\n\\r\\n\\r\\n\\r\\n\\r\\n\\r\\n\\r\\n\\r\\n\\r\\n\\r\\n\\r\\n\\r\\n\\r\\n\\r\\n\\r\\n<p>Poole has several years of Muay Thai experience, training with Francisco Sanchez of New World Combat, as well as World Muay Thai champion and MMA veteran Pete Spratt and Muay Thai champion Jason House.<\\/p>\\r\\n\\r\\n\\r\\n\\r\\n\\r\\n\\r\\n\\r\\n\\r\\n\\r\\n\\r\\n\\r\\n\\r\\n\\r\\n\\r\\n\\r\\n\\r\\n\\r\\n\\r\\n\\r\\n\\r\\n\\r\\n\\r\\n<p>Poole\\u2019s Judo experience comes from training with Master Vince Tamura and Judo Black Belt Rico Castro.<\\/p>\\r\\n\\r\\n\\r\\n\\r\\n\\r\\n\\r\\n\\r\\n\\r\\n\\r\\n\\r\\n\\r\\n\\r\\n\\r\\n\\r\\n\\r\\n\\r\\n\\r\\n\\r\\n\\r\\n\\r\\n\\r\\n\\r\\n<p>Poole currently trains under the tutelage of 8th degree Brazilian Jiu Jitsu master, Carlos Machado, where he holds a brown belt and is a proud affiliate of Machado Jiu Jitsu. Poole has also trained with many talented Brazilian Jiu Jitsu black belts including Kenny McClure, Jeff Sawyer, Rico Castro and Taryn Douglas.<\\/p>\\r\\n\\r\\n\\r\\n\\r\\n\\r\\n\\r\\n\\r\\n\\r\\n\\r\\n\\r\\n\\r\\n\\r\\n\\r\\n\\r\\n\\r\\n\\r\\n\\r\\n\\r\\n\\r\\n\\r\\n\\r\\n\\r\\n<p>Poole has competed all over the United States and internationally in Europe, winning a KICK International title in 2004 along with many team karate titles from 1999-2004. Poole also fought for Team Texas in Chuck Norris\\u2019s televised fight league, The World Combat League.<\\/p>\\r\\n\\r\\n\\r\\n\\r\\n\\r\\n\\r\\n\\r\\n\\r\\n\\r\\n\\r\\n\\r\\n\\r\\n\\r\\n\\r\\n\\r\\n\\r\\n\\r\\n\\r\\n\\r\\n\\r\\n\\r\\n\\r\\n<p>Poole has taken his vast knowledge of martial arts and created a well-rounded training system for all ages. Freddie Poole\\u2019s Martial Arts is the most balanced martial arts training system, combining traditional training elements with practical real world application. By integrating both of these elements into one system, one can truly train in mixed martial arts.<\\/p>\\r\\n\\r\\n\\r\\n\\r\\n\\r\\n\\r\\n\\r\\n\\r\\n\\r\\n\\r\\n\\r\\n\\r\\n\\r\\n\\r\\n\\r\\n\\r\\n\\r\\n\\r\\n\\r\\n\\r\\n\\r\\n\\r\\n\\r\\n\\r\\n<p>Since opening its doors in 2004, Freddie Poole\'s Martial Arts has been impacting thousands&nbsp;of&nbsp;lives in the community. Our friendly staff looks forward each day to helping our students achieve their goals. Although standards are set high, each student at FPMA is evaluated on an individual basis to ensure progression on their own timeline. This approach ensures students achieve and&nbsp;earn rank on their own merit.&nbsp;We encourage our students to trust the process and enjoy it. Earning a black belt at FPMA is a once in a lifetime experience!<\\/p>\",\"backgroundColor\":\"#000000\",\"backgroundImage\":[\"12\"]}}},\"4\":\"\",\"3\":\"\"}}', '2016-07-06 02:58:58', '2016-07-06 02:58:58', '9ae8543f-7c73-4caa-b4cd-5304f7753634'),
 ('127', '24', '3', '1', 'en_us', '22', '', '{\"typeId\":\"3\",\"authorId\":\"1\",\"title\":\"North Texas Martial Arts\",\"slug\":\"north-dallas\",\"postDate\":1458012000,\"expiryDate\":null,\"enabled\":1,\"parentId\":\"7\",\"fields\":{\"5\":{\"25\":{\"type\":\"secondaryHero\",\"enabled\":\"1\",\"fields\":{\"heading\":\"North Texas Martial Arts\",\"body\":\"<p>North Texas Martial Arts is certified partner school of Freddie Poole Martial Arts; we leverage the same martial arts curriculum as FPMA. North Texas Martial Art is led by Master Steve Sosa, a true martial artist with over 30 years of experience and multiple accolades, whose dedicated his passion for martial arts into teaching and coaching students.<\\/p>\",\"contactButton\":\"1\",\"backgroundColor\":\"#000000\",\"backgroundImage\":[\"114\"],\"mapTitle\":\"North Texas Martial Arts\",\"mapContent\":\"<p>17194 Preston Road, Suite 215<br>Dallas, Texas 75248<br><a href=\\\"http:\\/\\/tel:972.323.0027\\\">972.323.0027<\\/a><\\/p>\",\"mapAddress\":\"17194 Preston Rd. #215  Dallas, TX United States 75248\",\"flexibleArea\":\"<p><img src=\\\"\\/uploads\\/images\\/logo_watermark.png#asset:12\\\"><\\/p>\"}},\"103\":{\"type\":\"events\",\"enabled\":\"1\",\"fields\":{\"heading\":\"NTMA \\u2013 Event Calendar\",\"body\":\"\",\"location\":\"northDallas\"}}},\"4\":\"\",\"3\":\"\"}}', '2016-07-06 03:05:51', '2016-07-06 03:05:51', '12c01b2f-4b80-481d-ad4c-eb328cd8819a'),
 ('128', '24', '3', '1', 'en_us', '23', '', '{\"typeId\":\"3\",\"authorId\":\"1\",\"title\":\"North Texas Martial Arts\",\"slug\":\"north-dallas\",\"postDate\":1458012000,\"expiryDate\":null,\"enabled\":1,\"parentId\":\"7\",\"fields\":{\"5\":{\"25\":{\"type\":\"secondaryHero\",\"enabled\":\"1\",\"fields\":{\"heading\":\"North Texas Martial Arts\",\"body\":\"<p>North Texas Martial Arts is certified partner school of Freddie Poole Martial Arts; we leverage the same martial arts curriculum as FPMA. North Texas Martial Art is led by Master Steve Sosa, a true martial artist with over 30 years of experience and multiple accolades, whose dedicated his passion for martial arts into teaching and coaching students.<\\/p>\",\"contactButton\":\"1\",\"backgroundColor\":\"#000000\",\"backgroundImage\":[\"114\"],\"mapTitle\":\"North Texas Martial Arts\",\"mapContent\":\"<p>17194 Preston Road, Suite 215<br>Dallas, Texas 75248<br><a href=\\\"http:\\/\\/tel:972.323.0027\\\">972.323.0027<\\/a><\\/p>\",\"mapAddress\":\"17194 Preston Rd. #215  Dallas, TX United States 75248\",\"flexibleArea\":\"<p><img src=\\\"\\/uploads\\/images\\/circle_logo.jpg#asset:122\\\"><\\/p>\"}},\"103\":{\"type\":\"events\",\"enabled\":\"1\",\"fields\":{\"heading\":\"NTMA \\u2013 Event Calendar\",\"body\":\"\",\"location\":\"northDallas\"}}},\"4\":\"\",\"3\":\"\"}}', '2016-07-06 03:15:36', '2016-07-06 03:15:36', '0bd155ca-d963-4b8b-8b07-f7bfe0628a19'),
 ('129', '93', '3', '1', 'en_us', '4', '', '{\"typeId\":\"4\",\"authorId\":\"1\",\"title\":\"Muay Thai Kickboxing\",\"slug\":\"muay-thai-kickboxing\",\"postDate\":1465961400,\"expiryDate\":null,\"enabled\":1,\"parentId\":\"6\",\"fields\":{\"5\":{\"94\":{\"type\":\"secondaryHero\",\"enabled\":\"1\",\"fields\":{\"heading\":\"Muay Thai\",\"body\":\"<p><strong>Muay Thai: Adults<\\/strong><br><\\/p>\\r\\n\\r\\n<p>Muay Thai is a combat sport from Thailand that uses stand-up strikes along with various clinch techniques. This physical and mental discipline is known as \\\"the art of eight limbs\\\" because it is characterized by the combined use of fists, elbows, knees and shins during training.&nbsp;<\\/p>\",\"contactButton\":\"1\",\"backgroundColor\":\"#000000\",\"backgroundImage\":[\"40\"],\"mapTitle\":\"\",\"mapContent\":\"\",\"mapAddress\":\"\",\"flexibleArea\":\"\"}},\"95\":{\"type\":\"oneColumn\",\"enabled\":\"1\",\"fields\":{\"heading\":\"\",\"body\":\"<p>Individuals participating in this program achieve outstanding physical conditioning due to the highly intense yet fun&nbsp;nature of striking through the use of bag&nbsp;drills, mitt drills&nbsp;and pad work. This self paced class is taught by high level instructors with years of training in this discipline, who encourage each participant to reach their full physical potential. &nbsp; &nbsp; &nbsp; &nbsp;&nbsp;<\\/p>\",\"backgroundColor\":\"#ffffff\",\"backgroundImage\":[\"12\"]}}},\"22\":\"Muay Thai: Adults\",\"4\":\"\",\"3\":\"\"}}', '2016-07-11 01:13:02', '2016-07-11 01:13:02', '2a28d799-970c-476e-9c26-b4917e862c94'),
 ('130', '27', '3', '1', 'en_us', '8', '', '{\"typeId\":\"3\",\"authorId\":\"1\",\"title\":\"Staff\",\"slug\":\"staff\",\"postDate\":1458873960,\"expiryDate\":null,\"enabled\":1,\"parentId\":\"5\",\"fields\":{\"5\":{\"28\":{\"type\":\"secondaryHero\",\"enabled\":\"1\",\"fields\":{\"heading\":\"Staff\",\"body\":\"<p>Our instructors have spent many years perfecting the martial arts craft and continue to go through extensive testing training and certifications to ensure that we are able to provide our students with the best care and instruction.&nbsp;<\\/p>\\r\\n\\r\\n<p>Here, we\\u2019re family and we truly enjoy what we do and we enjoy sharing that passion with others. Collectively we invest in each student, as we feel that their success is our success!&nbsp;<\\/p>\",\"contactButton\":\"1\",\"backgroundColor\":\"#000000\",\"backgroundImage\":[\"41\"],\"mapTitle\":\"\",\"mapContent\":\"\",\"mapAddress\":\"\",\"flexibleArea\":\"\"}},\"29\":{\"type\":\"staff\",\"enabled\":\"1\",\"fields\":{\"image\":[\"64\"],\"staffName\":\"Steve Sosa\",\"staffTitle\":\"Instructor, 7th degree black belt\",\"body\":\"<p>Master Steve Sosa has been an unstoppable, highly skilled martial artist for over 30 years. Master Sosa a 7th degree black belt in karate, trained by legendary martial artists such as Tim Kirby, Allen Steen, Ray McCallum, Billye Jackson, and Demetrius \\u201cThe Greek\\u201d Havanas - the original members of \\u201cTexas Blood \\u2018n\\u2019 Guts\\u201d karate in the Dallas area.&nbsp;<\\/p>\\r\\n\\r\\n<p>Master Sosa is a passionate trainer who has amassed several prestigious accolades in Martial Arts tournaments including \\u201cThe Golden Greek\\u201d which is the highest award given by the Amateur Organization of Karate. Master Sosa was also honored with the Positive Coaching Alliance\\u2019s Double-Goal Coaching Award, awarded to coaches who implement positive life skills, work ethic and drive into their students training.&nbsp;<\\/p>\\r\\n\\r\\n\\r\\n\\r\\n\\r\\n\\r\\n\\r\\n\\r\\n\\r\\n\\r\\n\\r\\n\\r\\n\\r\\n\\r\\n\\r\\n\\r\\n\\r\\n\\r\\n<p>In 2010 Master Sosa started North Texas Martial Arts (NTMA), which ultimately joined Freddie Poole Martial Arts in 2015.<\\/p>\"}},\"65\":{\"type\":\"staff\",\"enabled\":\"1\",\"fields\":{\"image\":[\"99\"],\"staffName\":\"Vanny Boon\",\"staffTitle\":\"Instructor, 5th degree black belt, Saekson Muay Thai \",\"body\":\"<p>Master Vanny Boon is a certified 5th degree black belt skilled in various forms of martial arts including Taekwondo Do, Muay Thai, Brazilian Jiu jitsu and Boxing. Master Boon\\u2019s passion and experience for martial arts began when he started training at the age of 5 and spans over 25 years; Master Boon trained under Grand Master Hong, Master Freddie Poole and Muay Thai world champion Saekson Janjira.<\\/p>\"}},\"66\":{\"type\":\"staff\",\"enabled\":\"1\",\"fields\":{\"image\":[\"48\"],\"staffName\":\"Johnny Rodriguez\",\"staffTitle\":\"Instructor, Machado black belt\",\"body\":\"<p>Professor Johnny Rodriguez is a highly skilled black belt in Brazilian Jiu-Jitsu with over 20 years of training in several martial art forms including Kenpo karate, Aikido, Judo and Muay Thai. Professor Rodriguez teaches workshops, self-defense seminars, and has previously worked in law enforcement. &nbsp;Professor Rodriguez actively coaches students in preparation for BJJ tournaments and MMA bouts and still competes in many Brazilian jiu-jitsu tournaments.&nbsp;<\\/p>\"}},\"68\":{\"type\":\"staff\",\"enabled\":\"1\",\"fields\":{\"image\":[\"50\"],\"staffName\":\"Randy Stem\",\"staffTitle\":\"Instructor, 5th degree black belt, fitness trainer \",\"body\":\"<p>Randy Stem is a 5th degree black belt trained in Karate, Kickboxing, and Judo and currently in Brazilian Jiu-Jitsu. Randy studied under the teachings of Allen Steen, widely recognized as the \'Father of American Taekwondo\', and has over 45 years of experience mastering martial arts. Randy strongly encourages his students to build a firm foundation in martial arts early on by focusing on the development of basic fundamental motor skills and concepts.<\\/p>\"}},\"31\":{\"type\":\"staff\",\"enabled\":\"1\",\"fields\":{\"image\":[\"44\"],\"staffName\":\"Westin Poole\",\"staffTitle\":\"Instructor, 3rd degree black belt\",\"body\":\"<p>Westin Poole\\u2019s love for karate kicked in as a kid when began training in martial arts at the age of 6. By 2009, Westin was a certified 1st degree black belt and has no plans of slowing down. He has been teaching for almost eight years and enjoys working with children. The mission behind his teaching is inspiring his students to reach their goals and see the benefits of their hard work.&nbsp;<\\/p>\"}},\"70\":{\"type\":\"staff\",\"enabled\":\"1\",\"fields\":{\"image\":[\"46\"],\"staffName\":\"Alex Garcia\",\"staffTitle\":\"Instructor, 2nd degree black belt\",\"body\":\"<p>Alex Garcia is a 2nd degree black belt in Tae Kwon Do who gravitated towards the world of martial arts at the age of 4. Alex soon began training to develop and perfect his skills for martial arts and became a student at Freddie Poole\'s Martial Arts at the age of 10. Within 2 years, Alex\\u2019s dedication transformed him into an avid competitor, in which Alex received several 1st place wins in state martial arts championships.<\\/p>\"}},\"72\":{\"type\":\"staff\",\"enabled\":\"1\",\"fields\":{\"image\":[\"100\"],\"staffName\":\"Mike Rose\",\"staffTitle\":\"Instructor, Machado black belt \",\"body\":\"<p>Mike Rose has over 25 years of martial arts training, competition, and teaching experience in both Judo and Brazilian Jiu Jitsu. Mike started training in Judo in 1992, when he received his black belt. In 1998, under the teachings of Greg Nelson, Mike began training in Brazilian Jiu Jitsu and received his blue belt in 1999 and his black belt in 2009.<\\/p>\"}},\"71\":{\"type\":\"staff\",\"enabled\":\"1\",\"fields\":{\"image\":[\"45\"],\"staffName\":\"Nathan Bagby\",\"staffTitle\":\"Instructor, 3rd degree black belt, Muay Thai \",\"body\":\"<p>Nathanael \\u201cNathan\\u201d Bagby is a 3rd degree black belt and an accomplished Muay Thai fighter and instructor. Nathan first became interested and started training in martial arts at the age of 8, and in the past 25 years, has trained in Isshinryu Karate, Eskrima, Tae Kwon Do, American Kickboxing, Brazilian Jiu Jitsu, Close Quarter Combat, Boxing, and Muay Thai. &nbsp;Nathan has gone on to compete in several amateur and professional kickboxing and Muay Thai bouts.&nbsp;<\\/p>\"}},\"30\":{\"type\":\"staff\",\"enabled\":\"1\",\"fields\":{\"image\":[\"62\"],\"staffName\":\"Jayda Clayton\",\"staffTitle\":\"Instructor, 2nd degree black belt\",\"body\":\"<p>Jayda Clayton, a 2nd degree black belt, began her training in January 2007 at the ripe old age of 4. A prodigy of Master Steven Sosa, Jayda received her yellow and brown belts in 2007 and 2009, respectively. At age 7, Jayda became Master Sosa\\u2019s first and youngest student to receive her black belt. Jayda has competed in numerous local, state and national karate competitions and won over 60 trophies in sparring and kata competitions with over 40 of them being first place positions.<\\/p>\"}},\"67\":{\"type\":\"staff\",\"enabled\":\"1\",\"fields\":{\"image\":[\"49\"],\"staffName\":\"Gerardo Mulas\",\"staffTitle\":\"Instructor, Certified Personal Trainer, Yoga\",\"body\":\"<p>Gerardo Mulas is a certified personal trainer, yoga and martial arts expert whose mission is educating students the benefits of fitness and health and wellness goals. Gerardo specializes in sports performance, weight loss, injury rehabilitation, stress relief, nutritional counseling and meal planning. Gerardo has over two decades of professional and collegiate athletics under his belt, along with extensive training in kickboxing, boxing and grappling.<\\/p>\"}},\"69\":{\"type\":\"staff\",\"enabled\":\"1\",\"fields\":{\"image\":[\"43\"],\"staffName\":\"Sovandy Om\",\"staffTitle\":\"Instructor, 5th degree black belt\",\"body\":\"<p>Master Sovandy Om is a 5th degree black belt, kickboxing fitness certified trainer and a FPMA student favorite. Master Om has trained extensively in Tae Kwon Do, MMA, Gymnastic, as well as Crossfit. Along with a passion for martial arts, Master Om has an even bigger passion for fitness. Master Om works tirelessly with helping the students execute proper technique to achieve the maximum benefits, as well as helping students reach and exceed their fitness goals.<\\/p>\"}}},\"4\":\"\",\"3\":\"\"}}', '2016-07-11 01:19:54', '2016-07-11 01:19:54', '0395483e-4e5d-41aa-a4c5-6879620b4db8'),
 ('131', '24', '3', '1', 'en_us', '24', '', '{\"typeId\":\"3\",\"authorId\":\"1\",\"title\":\"North Texas Martial Arts\",\"slug\":\"north-dallas\",\"postDate\":1458012000,\"expiryDate\":null,\"enabled\":1,\"parentId\":\"7\",\"fields\":{\"5\":{\"25\":{\"type\":\"secondaryHero\",\"enabled\":\"1\",\"fields\":{\"heading\":\"North Texas Martial Arts\",\"body\":\"<p><img src=\\\"\\/uploads\\/images\\/logo_circle.png#asset:122\\\">North Texas Martial Arts is certified partner school of Freddie Poole Martial Arts; we leverage the same martial arts curriculum as FPMA. North Texas Martial Art is led by Master Steve Sosa, a true martial artist with over 30 years of experience and multiple accolades, whose dedicated his passion for martial arts into teaching and coaching students.<\\/p>\",\"contactButton\":\"1\",\"backgroundColor\":\"#000000\",\"backgroundImage\":[\"114\"],\"mapTitle\":\"North Texas Martial Arts\",\"mapContent\":\"<p>17194 Preston Road, Suite 215<br>Dallas, Texas 75248<br><a href=\\\"http:\\/\\/tel:972.323.0027\\\">972.323.0027<\\/a><\\/p>\",\"mapAddress\":\"17194 Preston Rd. #215  Dallas, TX United States 75248\",\"flexibleArea\":\"<p><img src=\\\"\\/uploads\\/images\\/logo_circle.png#asset:122:url\\\"><\\/p>\"}},\"103\":{\"type\":\"events\",\"enabled\":\"1\",\"fields\":{\"heading\":\"NTMA \\u2013 Event Calendar\",\"body\":\"\",\"location\":\"northDallas\"}}},\"4\":\"\",\"3\":\"\"}}', '2016-07-11 01:20:48', '2016-07-11 01:20:48', '582b2def-e693-4b34-b51b-5f8fafa29dec'),
 ('132', '24', '3', '1', 'en_us', '25', '', '{\"typeId\":\"3\",\"authorId\":\"1\",\"title\":\"North Texas Martial Arts\",\"slug\":\"north-dallas\",\"postDate\":1458012000,\"expiryDate\":null,\"enabled\":1,\"parentId\":\"7\",\"fields\":{\"5\":{\"25\":{\"type\":\"secondaryHero\",\"enabled\":\"1\",\"fields\":{\"heading\":\"North Texas Martial Arts\",\"body\":\"<p>North Texas Martial Arts is certified partner school of Freddie Poole Martial Arts; we leverage the same martial arts curriculum as FPMA. North Texas Martial Art is led by Master Steve Sosa, a true martial artist with over 30 years of experience and multiple accolades, whose dedicated his passion for martial arts into teaching and coaching students.<\\/p>\",\"contactButton\":\"1\",\"backgroundColor\":\"#000000\",\"backgroundImage\":[\"114\"],\"mapTitle\":\"North Texas Martial Arts\",\"mapContent\":\"<p>17194 Preston Road, Suite 215<br>Dallas, Texas 75248<br><a href=\\\"http:\\/\\/tel:972.323.0027\\\">972.323.0027<\\/a><\\/p>\",\"mapAddress\":\"17194 Preston Rd. #215  Dallas, TX United States 75248\",\"flexibleArea\":\"<p><img src=\\\"\\/uploads\\/images\\/logo_circle.png#asset:122:url\\\"><\\/p>\"}},\"103\":{\"type\":\"events\",\"enabled\":\"1\",\"fields\":{\"heading\":\"NTMA \\u2013 Event Calendar\",\"body\":\"\",\"location\":\"northDallas\"}}},\"4\":\"\",\"3\":\"\"}}', '2016-07-11 01:23:01', '2016-07-11 01:23:01', '21d0dab5-d1ff-41be-bb1b-e1cf5b5fa67b'),
 ('133', '27', '3', '1', 'en_us', '9', '', '{\"typeId\":\"3\",\"authorId\":\"1\",\"title\":\"Staff\",\"slug\":\"staff\",\"postDate\":1458873960,\"expiryDate\":null,\"enabled\":1,\"parentId\":\"5\",\"fields\":{\"5\":{\"28\":{\"type\":\"secondaryHero\",\"enabled\":\"1\",\"fields\":{\"heading\":\"Staff\",\"body\":\"<p>Our instructors have spent many years perfecting the martial arts craft and continue to go through extensive testing training and certifications to ensure that we are able to provide our students with the best care and instruction.&nbsp;<\\/p>\\r\\n\\r\\n<p>Here, we\\u2019re family and we truly enjoy what we do and we enjoy sharing that passion with others. Collectively we invest in each student, as we feel that their success is our success!&nbsp;<\\/p>\",\"contactButton\":\"1\",\"backgroundColor\":\"#000000\",\"backgroundImage\":[\"41\"],\"mapTitle\":\"\",\"mapContent\":\"\",\"mapAddress\":\"\",\"flexibleArea\":\"\"}},\"29\":{\"type\":\"staff\",\"enabled\":\"1\",\"fields\":{\"image\":[\"64\"],\"staffName\":\"Steve Sosa\",\"staffTitle\":\"Instructor, 7th degree black belt\",\"body\":\"<p>Master Steve Sosa has been an unstoppable, highly skilled martial artist for over 30 years. Master Sosa a 7th degree black belt in karate, trained by legendary martial artists such as Tim Kirby, Allen Steen, Ray McCallum, Billye Jackson, and Demetrius \\u201cThe Greek\\u201d Havanas - the original members of \\u201cTexas Blood \\u2018n\\u2019 Guts\\u201d karate in the Dallas area.&nbsp;<\\/p>\\r\\n\\r\\n<p>Master Sosa is a passionate trainer who has amassed several prestigious accolades in Martial Arts tournaments including \\u201cThe Golden Greek\\u201d which is the highest award given by the Amateur Organization of Karate. Master Sosa was also honored with the Positive Coaching Alliance\\u2019s Double-Goal Coaching Award, awarded to coaches who implement positive life skills, work ethic and drive into their students training.&nbsp;<\\/p>\\r\\n\\r\\n\\r\\n\\r\\n\\r\\n\\r\\n\\r\\n\\r\\n\\r\\n\\r\\n\\r\\n\\r\\n\\r\\n\\r\\n\\r\\n\\r\\n\\r\\n\\r\\n\\r\\n\\r\\n<p>In 2010 Master Sosa started North Texas Martial Arts (NTMA), which ultimately joined Freddie Poole Martial Arts in 2015.<\\/p>\"}},\"65\":{\"type\":\"staff\",\"enabled\":\"1\",\"fields\":{\"image\":[\"99\"],\"staffName\":\"Vanny Boon\",\"staffTitle\":\"Instructor, 5th degree black belt, Saekson Muay Thai \",\"body\":\"<p>Master Vanny Boon is a certified 5th degree black belt skilled in various forms of martial arts including Taekwondo Do, Muay Thai, Brazilian Jiu jitsu and Boxing. Master Boon\\u2019s passion and experience for martial arts began when he started training at the age of 5 and spans over 25 years; Master Boon trained under Grand Master Hong, Master Freddie Poole and Muay Thai world champion Saekson Janjira.<\\/p>\"}},\"68\":{\"type\":\"staff\",\"enabled\":\"1\",\"fields\":{\"image\":[\"50\"],\"staffName\":\"Randy Stem\",\"staffTitle\":\"Instructor, 5th degree black belt, fitness trainer \",\"body\":\"<p>Randy Stem is a 5th degree black belt trained in Karate, Kickboxing, and Judo and currently in Brazilian Jiu-Jitsu. Randy studied under the teachings of Allen Steen, widely recognized as the \'Father of American Taekwondo\', and has over 45 years of experience mastering martial arts. Randy strongly encourages his students to build a firm foundation in martial arts early on by focusing on the development of basic fundamental motor skills and concepts.<\\/p>\"}},\"31\":{\"type\":\"staff\",\"enabled\":\"1\",\"fields\":{\"image\":[\"44\"],\"staffName\":\"Westin Poole\",\"staffTitle\":\"Instructor, 3rd degree black belt\",\"body\":\"<p>Westin Poole\\u2019s love for karate kicked in as a kid when began training in martial arts at the age of 6. By 2009, Westin was a certified 1st degree black belt and has no plans of slowing down. He has been teaching for almost eight years and enjoys working with children. The mission behind his teaching is inspiring his students to reach their goals and see the benefits of their hard work.&nbsp;<\\/p>\"}},\"70\":{\"type\":\"staff\",\"enabled\":\"1\",\"fields\":{\"image\":[\"46\"],\"staffName\":\"Alex Garcia\",\"staffTitle\":\"Instructor, 2nd degree black belt\",\"body\":\"<p>Alex Garcia is a 2nd degree black belt in Tae Kwon Do who gravitated towards the world of martial arts at the age of 4. Alex soon began training to develop and perfect his skills for martial arts and became a student at Freddie Poole\'s Martial Arts at the age of 10. Within 2 years, Alex\\u2019s dedication transformed him into an avid competitor, in which Alex received several 1st place wins in state martial arts championships.<\\/p>\"}},\"72\":{\"type\":\"staff\",\"enabled\":\"1\",\"fields\":{\"image\":[\"100\"],\"staffName\":\"Mike Rose\",\"staffTitle\":\"Instructor, Machado black belt \",\"body\":\"<p>Mike Rose has over 25 years of martial arts training, competition, and teaching experience in both Judo and Brazilian Jiu Jitsu. Mike started training in Judo in 1992, when he received his black belt. In 1998, under the teachings of Greg Nelson, Mike began training in Brazilian Jiu Jitsu and received his blue belt in 1999 and his black belt in 2009.<\\/p>\"}},\"71\":{\"type\":\"staff\",\"enabled\":\"1\",\"fields\":{\"image\":[\"45\"],\"staffName\":\"Nathan Bagby\",\"staffTitle\":\"Instructor, 3rd degree black belt, Muay Thai \",\"body\":\"<p>Nathanael \\u201cNathan\\u201d Bagby is a 3rd degree black belt and an accomplished Muay Thai fighter and instructor. Nathan first became interested and started training in martial arts at the age of 8, and in the past 25 years, has trained in Isshinryu Karate, Eskrima, Tae Kwon Do, American Kickboxing, Brazilian Jiu Jitsu, Close Quarter Combat, Boxing, and Muay Thai. &nbsp;Nathan has gone on to compete in several amateur and professional kickboxing and Muay Thai bouts.&nbsp;<\\/p>\"}},\"30\":{\"type\":\"staff\",\"enabled\":\"1\",\"fields\":{\"image\":[\"62\"],\"staffName\":\"Jayda Clayton\",\"staffTitle\":\"Instructor, 2nd degree black belt\",\"body\":\"<p>Jayda Clayton, a 2nd degree black belt, began her training in January 2007 at the ripe old age of 4. A prodigy of Master Steven Sosa, Jayda received her yellow and brown belts in 2007 and 2009, respectively. At age 7, Jayda became Master Sosa\\u2019s first and youngest student to receive her black belt. Jayda has competed in numerous local, state and national karate competitions and won over 60 trophies in sparring and kata competitions with over 40 of them being first place positions.<\\/p>\"}},\"66\":{\"type\":\"staff\",\"enabled\":\"1\",\"fields\":{\"image\":[\"48\"],\"staffName\":\"Johnny Rodriguez\",\"staffTitle\":\"Instructor, Machado black belt\",\"body\":\"<p>Professor Johnny Rodriguez is a highly skilled black belt in Brazilian Jiu-Jitsu with over 20 years of training in several martial art forms including Kenpo karate, Aikido, Judo and Muay Thai. Professor Rodriguez teaches workshops, self-defense seminars, and has previously worked in law enforcement. &nbsp;Professor Rodriguez actively coaches students in preparation for BJJ tournaments and MMA bouts and still competes in many Brazilian jiu-jitsu tournaments.&nbsp;<\\/p>\"}},\"67\":{\"type\":\"staff\",\"enabled\":\"1\",\"fields\":{\"image\":[\"49\"],\"staffName\":\"Gerardo Mulas\",\"staffTitle\":\"Instructor, Certified Personal Trainer, Yoga\",\"body\":\"<p>Gerardo Mulas is a certified personal trainer, yoga and martial arts expert whose mission is educating students the benefits of fitness and health and wellness goals. Gerardo specializes in sports performance, weight loss, injury rehabilitation, stress relief, nutritional counseling and meal planning. Gerardo has over two decades of professional and collegiate athletics under his belt, along with extensive training in kickboxing, boxing and grappling.<\\/p>\"}},\"69\":{\"type\":\"staff\",\"enabled\":\"1\",\"fields\":{\"image\":[\"43\"],\"staffName\":\"Sovandy Om\",\"staffTitle\":\"Instructor, 5th degree black belt\",\"body\":\"<p>Master Sovandy Om is a 5th degree black belt, kickboxing fitness certified trainer and a FPMA student favorite. Master Om has trained extensively in Tae Kwon Do, MMA, Gymnastic, as well as Crossfit. Along with a passion for martial arts, Master Om has an even bigger passion for fitness. Master Om works tirelessly with helping the students execute proper technique to achieve the maximum benefits, as well as helping students reach and exceed their fitness goals.<\\/p>\"}}},\"4\":\"\",\"3\":\"\"}}', '2016-07-11 01:24:14', '2016-07-11 01:24:14', '9d1b944c-86bf-4543-968c-291475bcd7ba'),
 ('134', '27', '3', '1', 'en_us', '10', '', '{\"typeId\":\"3\",\"authorId\":\"1\",\"title\":\"Instructor\",\"slug\":\"instructor\",\"postDate\":1458873960,\"expiryDate\":null,\"enabled\":1,\"parentId\":\"5\",\"fields\":{\"5\":{\"28\":{\"type\":\"secondaryHero\",\"enabled\":\"1\",\"fields\":{\"heading\":\"instructor\",\"body\":\"<p>Our instructors have spent many years perfecting the martial arts craft and continue to go through extensive testing training and certifications to ensure that we are able to provide our students with the best care and instruction.&nbsp;<\\/p>\\r\\n\\r\\n<p>Here, we\\u2019re family and we truly enjoy what we do and we enjoy sharing that passion with others. Collectively we invest in each student, as we feel that their success is our success!&nbsp;<\\/p>\",\"contactButton\":\"1\",\"backgroundColor\":\"#000000\",\"backgroundImage\":[\"41\"],\"mapTitle\":\"\",\"mapContent\":\"\",\"mapAddress\":\"\",\"flexibleArea\":\"\"}},\"29\":{\"type\":\"staff\",\"enabled\":\"1\",\"fields\":{\"image\":[\"64\"],\"staffName\":\"Steve Sosa\",\"staffTitle\":\"Instructor, 7th degree black belt\",\"body\":\"<p>Master Steve Sosa has been an unstoppable, highly skilled martial artist for over 30 years. Master Sosa a 7th degree black belt in karate, trained by legendary martial artists such as Tim Kirby, Allen Steen, Ray McCallum, Billye Jackson, and Demetrius \\u201cThe Greek\\u201d Havanas - the original members of \\u201cTexas Blood \\u2018n\\u2019 Guts\\u201d karate in the Dallas area.&nbsp;<\\/p>\\r\\n\\r\\n<p>Master Sosa is a passionate trainer who has amassed several prestigious accolades in Martial Arts tournaments including \\u201cThe Golden Greek\\u201d which is the highest award given by the Amateur Organization of Karate. Master Sosa was also honored with the Positive Coaching Alliance\\u2019s Double-Goal Coaching Award, awarded to coaches who implement positive life skills, work ethic and drive into their students training.&nbsp;<\\/p>\\r\\n\\r\\n\\r\\n\\r\\n\\r\\n\\r\\n\\r\\n\\r\\n\\r\\n\\r\\n\\r\\n\\r\\n\\r\\n\\r\\n\\r\\n\\r\\n\\r\\n\\r\\n\\r\\n\\r\\n\\r\\n\\r\\n<p>In 2010 Master Sosa started North Texas Martial Arts (NTMA), which ultimately joined Freddie Poole Martial Arts in 2015.<\\/p>\"}},\"65\":{\"type\":\"staff\",\"enabled\":\"1\",\"fields\":{\"image\":[\"99\"],\"staffName\":\"Vanny Boon\",\"staffTitle\":\"Instructor, 5th degree black belt, Saekson Muay Thai \",\"body\":\"<p>Master Vanny Boon is a certified 5th degree black belt skilled in various forms of martial arts including Taekwondo Do, Muay Thai, Brazilian Jiu jitsu and Boxing. Master Boon\\u2019s passion and experience for martial arts began when he started training at the age of 5 and spans over 25 years; Master Boon trained under Grand Master Hong, Master Freddie Poole and Muay Thai world champion Saekson Janjira.<\\/p>\"}},\"68\":{\"type\":\"staff\",\"enabled\":\"1\",\"fields\":{\"image\":[\"50\"],\"staffName\":\"Randy Stem\",\"staffTitle\":\"Instructor, 5th degree black belt, fitness trainer \",\"body\":\"<p>Randy Stem is a 5th degree black belt trained in Karate, Kickboxing, and Judo and currently in Brazilian Jiu-Jitsu. Randy studied under the teachings of Allen Steen, widely recognized as the \'Father of American Taekwondo\', and has over 45 years of experience mastering martial arts. Randy strongly encourages his students to build a firm foundation in martial arts early on by focusing on the development of basic fundamental motor skills and concepts.<\\/p>\"}},\"31\":{\"type\":\"staff\",\"enabled\":\"1\",\"fields\":{\"image\":[\"44\"],\"staffName\":\"Westin Poole\",\"staffTitle\":\"Instructor, 3rd degree black belt\",\"body\":\"<p>Westin Poole\\u2019s love for karate kicked in as a kid when began training in martial arts at the age of 6. By 2009, Westin was a certified 1st degree black belt and has no plans of slowing down. He has been teaching for almost eight years and enjoys working with children. The mission behind his teaching is inspiring his students to reach their goals and see the benefits of their hard work.&nbsp;<\\/p>\"}},\"70\":{\"type\":\"staff\",\"enabled\":\"1\",\"fields\":{\"image\":[\"46\"],\"staffName\":\"Alex Garcia\",\"staffTitle\":\"Instructor, 2nd degree black belt\",\"body\":\"<p>Alex Garcia is a 2nd degree black belt in Tae Kwon Do who gravitated towards the world of martial arts at the age of 4. Alex soon began training to develop and perfect his skills for martial arts and became a student at Freddie Poole\'s Martial Arts at the age of 10. Within 2 years, Alex\\u2019s dedication transformed him into an avid competitor, in which Alex received several 1st place wins in state martial arts championships.<\\/p>\"}},\"72\":{\"type\":\"staff\",\"enabled\":\"1\",\"fields\":{\"image\":[\"100\"],\"staffName\":\"Mike Rose\",\"staffTitle\":\"Instructor, Machado black belt \",\"body\":\"<p>Mike Rose has over 25 years of martial arts training, competition, and teaching experience in both Judo and Brazilian Jiu Jitsu. Mike started training in Judo in 1992, when he received his black belt. In 1998, under the teachings of Greg Nelson, Mike began training in Brazilian Jiu Jitsu and received his blue belt in 1999 and his black belt in 2009.<\\/p>\"}},\"71\":{\"type\":\"staff\",\"enabled\":\"1\",\"fields\":{\"image\":[\"45\"],\"staffName\":\"Nathan Bagby\",\"staffTitle\":\"Instructor, 3rd degree black belt, Muay Thai \",\"body\":\"<p>Nathanael \\u201cNathan\\u201d Bagby is a 3rd degree black belt and an accomplished Muay Thai fighter and instructor. Nathan first became interested and started training in martial arts at the age of 8, and in the past 25 years, has trained in Isshinryu Karate, Eskrima, Tae Kwon Do, American Kickboxing, Brazilian Jiu Jitsu, Close Quarter Combat, Boxing, and Muay Thai. &nbsp;Nathan has gone on to compete in several amateur and professional kickboxing and Muay Thai bouts.&nbsp;<\\/p>\"}},\"30\":{\"type\":\"staff\",\"enabled\":\"1\",\"fields\":{\"image\":[\"62\"],\"staffName\":\"Jayda Clayton\",\"staffTitle\":\"Instructor, 2nd degree black belt\",\"body\":\"<p>Jayda Clayton, a 2nd degree black belt, began her training in January 2007 at the ripe old age of 4. A prodigy of Master Steven Sosa, Jayda received her yellow and brown belts in 2007 and 2009, respectively. At age 7, Jayda became Master Sosa\\u2019s first and youngest student to receive her black belt. Jayda has competed in numerous local, state and national karate competitions and won over 60 trophies in sparring and kata competitions with over 40 of them being first place positions.<\\/p>\"}},\"66\":{\"type\":\"staff\",\"enabled\":\"1\",\"fields\":{\"image\":[\"48\"],\"staffName\":\"Johnny Rodriguez\",\"staffTitle\":\"Instructor, Machado black belt\",\"body\":\"<p>Professor Johnny Rodriguez is a highly skilled black belt in Brazilian Jiu-Jitsu with over 20 years of training in several martial art forms including Kenpo karate, Aikido, Judo and Muay Thai. Professor Rodriguez teaches workshops, self-defense seminars, and has previously worked in law enforcement. &nbsp;Professor Rodriguez actively coaches students in preparation for BJJ tournaments and MMA bouts and still competes in many Brazilian jiu-jitsu tournaments.&nbsp;<\\/p>\"}},\"67\":{\"type\":\"staff\",\"enabled\":\"1\",\"fields\":{\"image\":[\"49\"],\"staffName\":\"Gerardo Mulas\",\"staffTitle\":\"Instructor, Certified Personal Trainer, Yoga\",\"body\":\"<p>Gerardo Mulas is a certified personal trainer, yoga and martial arts expert whose mission is educating students the benefits of fitness and health and wellness goals. Gerardo specializes in sports performance, weight loss, injury rehabilitation, stress relief, nutritional counseling and meal planning. Gerardo has over two decades of professional and collegiate athletics under his belt, along with extensive training in kickboxing, boxing and grappling.<\\/p>\"}},\"69\":{\"type\":\"staff\",\"enabled\":\"1\",\"fields\":{\"image\":[\"43\"],\"staffName\":\"Sovandy Om\",\"staffTitle\":\"Instructor, 5th degree black belt\",\"body\":\"<p>Master Sovandy Om is a 5th degree black belt, kickboxing fitness certified trainer and a FPMA student favorite. Master Om has trained extensively in Tae Kwon Do, MMA, Gymnastic, as well as Crossfit. Along with a passion for martial arts, Master Om has an even bigger passion for fitness. Master Om works tirelessly with helping the students execute proper technique to achieve the maximum benefits, as well as helping students reach and exceed their fitness goals.<\\/p>\"}}},\"4\":\"\",\"3\":\"\"}}', '2016-07-11 01:34:16', '2016-07-11 01:34:16', 'd9d9d0c4-dc59-4850-8ceb-9e31578b53a9'),
 ('135', '33', '3', '1', 'en_us', '11', '', '{\"typeId\":\"3\",\"authorId\":\"1\",\"title\":\"Events\",\"slug\":\"events\",\"postDate\":1458879720,\"expiryDate\":null,\"enabled\":1,\"parentId\":\"\",\"fields\":{\"5\":{\"55\":{\"type\":\"secondaryHero\",\"enabled\":\"1\",\"fields\":{\"heading\":\"Events\",\"body\":\"<p>We pride ourselves in offering superior service and training for parents and kids. Outside of our extensive martial arts programs offered at both of our Dallas locations, FPMA offers various extra personal services that are very educational, affordable and definitely FUN! From private birthday celebrations to women\\u2019s self-defense classes, there\\u2019s a special FPMA Extra for everyone.<\\/p>\",\"contactButton\":\"1\",\"backgroundColor\":\"#000000\",\"backgroundImage\":[\"39\"],\"mapTitle\":\"\",\"mapContent\":\"\",\"mapAddress\":\"\",\"flexibleArea\":\"\"}},\"56\":{\"type\":\"oneColumn\",\"enabled\":\"1\",\"fields\":{\"heading\":\"Parent\\u2019s Nights Out\",\"body\":\"<p>Got a date night or hang out with the crew night planned and need somewhere to take the kiddos? Bring \\u2018em to FPMA for Parents Night Out (PNO). The PNO program is on specified Saturdays from 5-9pm and welcomes both FPMA students and non-members to join in on a night full of pizza, movies, prizes and fun. <strong><em>Oh, did we mention Nerf gun wars, too?<\\/em><\\/strong> <a href=\\\"\\/locations#entry:7:url\\\">Just give one of our locations a call<\\/a> for more information, pricing and dates for the next PNO.&nbsp;<\\/p>\",\"backgroundColor\":\"#ffffff\",\"backgroundImage\":[\"12\"]}},\"57\":{\"type\":\"oneColumn\",\"enabled\":\"1\",\"fields\":{\"heading\":\"Birthday Parties\",\"body\":\"<p>Celebrate the birthday for your little martial artists Freddie Poole style! FPMA offers a personal experience with one of our many skilled instructors, ready to teach all of the little partiers some exciting new martial arts moves and put a unique spin on a birthday celebrations. Decorations, music and food are welcome. Interested in having your kid\\u2019s next birthday celebration at FPMA? <a href=\\\"tel:2143525425\\\">Give one of our locations a call<\\/a> for more information.<\\/p>\",\"backgroundColor\":\"#f5f5f5\",\"backgroundImage\":\"\"}},\"58\":{\"type\":\"oneColumn\",\"enabled\":\"1\",\"fields\":{\"heading\":\"Special Events\",\"body\":\"<p><strong>FPMA is proud to announce our summer 2016 Karate Camp for kids.<\\/strong><\\/p>\\r\\n\\r\\n<p>Karate Camp is designed for children ages 4-11 and provides the perfect summer getaway for kids interested in learning more about the many forms of martial art. Give you kids the opportunity to learn more about boosting leadership and teamwork skills, building and improving self confidence, self defense techniques, bully awareness as well as fun martial arts games and drills. Choose from 2 summer camp sessions only a $25 deposit required to reserve a spot. Reach out to a FPMA location for more details.<\\/p>\",\"backgroundColor\":\"#ffffff\",\"backgroundImage\":\"\"}},\"77\":{\"type\":\"oneColumn\",\"enabled\":\"1\",\"fields\":{\"heading\":\"Women\\u2019s Self Defense Seminars\",\"body\":\"<p>Safety for our members is a major priority for us. FPMA offers self-defense classes for women to learn how to protect themselves and their loved ones from unexpected attacks. Join FPMA for one of our Women\\u2019s Self Defense Seminars in partnership with Not Dead Yet Apparel. Come get hands-on training as we demonstrate various self-defense techniques, learn empowering safety awareness and practices. Attendance is always free, but we accept donations of $25 or more to benefit a designated local non-profit organization. Take the first step by contacting one of our locations for more information.<\\/p>\",\"backgroundColor\":\"#f5f5f5\",\"backgroundImage\":\"\"}},\"78\":{\"type\":\"oneColumn\",\"enabled\":\"1\",\"fields\":{\"heading\":\"Personal Training \",\"body\":\"<p>For the member who wants to learn the valuable techniques of martial arts outside of a group setting, FPMA offers specialized one-on-one training sessions. Members get individually structured personal instruction from one of our certified martial arts trainers. Training sessions are customized to benefit each student in any skill level, from a novice student wanting a more personal experience or an advanced student preparing for competition. <a href=\\\"\\/contact-us#entry:32:url\\\">Contact one of our two Dallas locations<\\/a> for more details.&nbsp;<\\/p>\",\"backgroundColor\":\"#ffffff\",\"backgroundImage\":\"\"}}},\"4\":\"\",\"3\":\"\"}}', '2016-07-11 01:34:32', '2016-07-11 01:34:32', '51258501-8d15-4e3b-9baf-3d4c8bdabc2f'),
 ('136', '93', '3', '1', 'en_us', '5', '', '{\"typeId\":\"4\",\"authorId\":\"1\",\"title\":\"Muay Thai Kickboxing\",\"slug\":\"muay-thai-kickboxing\",\"postDate\":1465961400,\"expiryDate\":null,\"enabled\":1,\"parentId\":\"6\",\"fields\":{\"5\":{\"94\":{\"type\":\"secondaryHero\",\"enabled\":\"1\",\"fields\":{\"heading\":\"Muay Thai Kickboxing\",\"body\":\"<p><strong>Muay Thai: Adults<\\/strong><br><\\/p>\\r\\n\\r\\n<p>Muay Thai is a combat sport from Thailand that uses stand-up strikes along with various clinch techniques. This physical and mental discipline is known as \\\"the art of eight limbs\\\" because it is characterized by the combined use of fists, elbows, knees and shins during training.&nbsp;<\\/p>\",\"contactButton\":\"1\",\"backgroundColor\":\"#000000\",\"backgroundImage\":[\"40\"],\"mapTitle\":\"\",\"mapContent\":\"\",\"mapAddress\":\"\",\"flexibleArea\":\"\"}},\"95\":{\"type\":\"oneColumn\",\"enabled\":\"1\",\"fields\":{\"heading\":\"\",\"body\":\"<p>Individuals participating in this program achieve outstanding physical conditioning due to the highly intense yet fun&nbsp;nature of striking through the use of bag&nbsp;drills, mitt drills&nbsp;and pad work. This self paced class is taught by high level instructors with years of training in this discipline, who encourage each participant to reach their full physical potential. &nbsp; &nbsp; &nbsp; &nbsp;&nbsp;<\\/p>\",\"backgroundColor\":\"#ffffff\",\"backgroundImage\":[\"12\"]}}},\"22\":\"Muay Thai: Adults\",\"4\":\"\",\"3\":\"\"}}', '2016-07-11 01:34:49', '2016-07-11 01:34:49', '107de3ad-df9c-48aa-9c54-bdbd37db8417'),
 ('137', '34', '3', '1', 'en_us', '10', '', '{\"typeId\":\"3\",\"authorId\":\"1\",\"title\":\"Freddie Poole Martial Arts\",\"slug\":\"dallas\",\"postDate\":1459032240,\"expiryDate\":null,\"enabled\":1,\"parentId\":\"7\",\"fields\":{\"5\":{\"35\":{\"type\":\"secondaryHero\",\"enabled\":\"1\",\"fields\":{\"heading\":\"Freddie Poole Martial Arts\",\"body\":\"<p>Freddie Poole Martial Arts is conveniently located in Highland Park, just minutes away from Highland Park High School and McCulloch Intermediate School.&nbsp; We offer classes six days a week and have something for everyone in the family, check out our current class schedule below.<\\/p>\",\"contactButton\":\"1\",\"backgroundColor\":\"#000000\",\"backgroundImage\":[\"39\"],\"mapTitle\":\"Freddie Poole\'s Martial Arts\",\"mapContent\":\"<p>5757 West Lovers Lane, Suite 217<br>Dallas,&nbsp;TX United States 75209<br><a href=\\\"tel:2143525425\\\">214.352.5425<\\/a><\\/p>\",\"mapAddress\":\"5757 W. Lovers Lane #217 Dallas, TX United States 75209\",\"flexibleArea\":\"<p>Check out out current schedule to keep up to date with our latest offerings!<\\/p>\"}},\"54\":{\"type\":\"events\",\"enabled\":\"1\",\"fields\":{\"heading\":\"FPMA \\u2013 Event Calendar\",\"body\":\"<p>Freddie Poole Martial Arts<\\/p>\",\"location\":\"dallas\"}}},\"4\":\"\",\"3\":\"\"}}', '2016-07-11 01:41:40', '2016-07-11 01:41:40', 'af3e3ecf-2089-4cfd-a2ec-bc8c0ee577f0'),
 ('138', '34', '3', '1', 'en_us', '11', '', '{\"typeId\":\"3\",\"authorId\":\"1\",\"title\":\"Freddie Poole Martial Arts\",\"slug\":\"dallas\",\"postDate\":1459032240,\"expiryDate\":null,\"enabled\":1,\"parentId\":\"7\",\"fields\":{\"5\":{\"35\":{\"type\":\"secondaryHero\",\"enabled\":\"1\",\"fields\":{\"heading\":\"Freddie Poole Martial Arts\",\"body\":\"<p>Freddie Poole Martial Arts is conveniently located in Highland Park, just minutes away from Highland Park High School and McCulloch Intermediate School.&nbsp; We offer classes six days a week and have something for everyone in the family, check out our current class schedule below.<\\/p>\",\"contactButton\":\"1\",\"backgroundColor\":\"#000000\",\"backgroundImage\":[\"39\"],\"mapTitle\":\"Freddie Poole\'s Martial Arts\",\"mapContent\":\"<p>5757 West Lovers Lane, Suite 217<br>Dallas,&nbsp;TX United States 75209<br><a href=\\\"tel:2143525425\\\">214.352.5425<\\/a><\\/p>\",\"mapAddress\":\"5757 W. Lovers Lane #217 Dallas, TX United States 75209\",\"flexibleArea\":\"<p>Check out out current schedule to keep up to date with our latest offerings!<\\/p>\"}},\"54\":{\"type\":\"events\",\"enabled\":\"1\",\"fields\":{\"heading\":\"FPMA \\u2013 Event Calendar\",\"body\":\"<p>Freddie Poole Martial Arts<\\/p>\",\"location\":\"dallas\"}}},\"4\":\"\",\"3\":\"\"}}', '2016-07-11 01:41:44', '2016-07-11 01:41:44', '8ac8efc6-be70-441f-9088-23f94a241549'),
 ('139', '24', '3', '1', 'en_us', '26', '', '{\"typeId\":\"3\",\"authorId\":\"1\",\"title\":\"North Texas Martial Arts\",\"slug\":\"north-dallas\",\"postDate\":1458012000,\"expiryDate\":null,\"enabled\":1,\"parentId\":\"7\",\"fields\":{\"5\":{\"25\":{\"type\":\"secondaryHero\",\"enabled\":\"1\",\"fields\":{\"heading\":\"North Texas Martial Arts\",\"body\":\"<p>North Texas Martial Arts is certified partner school of Freddie Poole Martial Arts; we leverage the same martial arts curriculum as FPMA. North Texas Martial Art is led by Master Steve Sosa, a true martial artist with over 30 years of experience and multiple accolades, whose dedicated his passion for martial arts into teaching and coaching students.<\\/p>\",\"contactButton\":\"1\",\"backgroundColor\":\"#000000\",\"backgroundImage\":[\"114\"],\"mapTitle\":\"North Texas Martial Arts\",\"mapContent\":\"<p>17194 Preston Road, Suite 215<br>Dallas, Texas 75248<br><a href=\\\"http:\\/\\/tel:972.323.0027\\\">972.323.0027<\\/a><\\/p>\",\"mapAddress\":\"17194 Preston Rd. #215  Dallas, TX United States 75248\",\"flexibleArea\":\"<p><img src=\\\"\\/uploads\\/images\\/logo_circle.png#asset:122:url\\\"><\\/p>\"}},\"103\":{\"type\":\"events\",\"enabled\":\"1\",\"fields\":{\"heading\":\"NTMA \\u2013 Event Calendar\",\"body\":\"<p>&nbsp;North Texas Martial Arts<\\/p>\",\"location\":\"northDallas\"}}},\"4\":\"\",\"3\":\"\"}}', '2016-07-11 01:42:17', '2016-07-11 01:42:17', '100ddf2f-a2cc-4cb1-9ba7-0278fe6f09b7'),
 ('140', '34', '3', '1', 'en_us', '12', '', '{\"typeId\":\"3\",\"authorId\":\"1\",\"title\":\"Freddie Poole Martial Arts\",\"slug\":\"dallas\",\"postDate\":1459032240,\"expiryDate\":null,\"enabled\":1,\"parentId\":\"7\",\"fields\":{\"5\":{\"35\":{\"type\":\"secondaryHero\",\"enabled\":\"1\",\"fields\":{\"heading\":\"Freddie Poole Martial Arts\",\"body\":\"<p>Freddie Poole Martial Arts is conveniently located in Highland Park, just minutes away from Highland Park High School and McCulloch Intermediate School.&nbsp; We offer classes six days a week and have something for everyone in the family, check out our current class schedule below.<\\/p>\",\"contactButton\":\"1\",\"backgroundColor\":\"#000000\",\"backgroundImage\":[\"39\"],\"mapTitle\":\"Freddie Poole\'s Martial Arts\",\"mapContent\":\"<p>5757 West Lovers Lane, Suite 217<br>Dallas,&nbsp;TX United States 75209<br><a href=\\\"tel:2143525425\\\">214.352.5425<\\/a><\\/p>\",\"mapAddress\":\"5757 W. Lovers Lane #217 Dallas, TX United States 75209\",\"flexibleArea\":\"<p>Check out out current schedule to keep up to date with our latest offerings!<\\/p>\"}},\"54\":{\"type\":\"events\",\"enabled\":\"1\",\"fields\":{\"heading\":\"FPMA \\u2013 Event Calendar\",\"body\":\"<p>Dallas<\\/p>\",\"location\":\"dallas\"}}},\"4\":\"\",\"3\":\"\"}}', '2016-07-11 01:57:05', '2016-07-11 01:57:05', 'bf489d16-2b1f-4290-a6d1-8c6fff4c5e06'),
 ('141', '24', '3', '1', 'en_us', '27', '', '{\"typeId\":\"3\",\"authorId\":\"1\",\"title\":\"North Texas Martial Arts\",\"slug\":\"north-dallas\",\"postDate\":1458012000,\"expiryDate\":null,\"enabled\":1,\"parentId\":\"7\",\"fields\":{\"5\":{\"25\":{\"type\":\"secondaryHero\",\"enabled\":\"1\",\"fields\":{\"heading\":\"North Texas Martial Arts\",\"body\":\"<p>North Texas Martial Arts is certified partner school of Freddie Poole Martial Arts; we leverage the same martial arts curriculum as FPMA. North Texas Martial Art is led by Master Steve Sosa, a true martial artist with over 30 years of experience and multiple accolades, whose dedicated his passion for martial arts into teaching and coaching students.<\\/p>\",\"contactButton\":\"1\",\"backgroundColor\":\"#000000\",\"backgroundImage\":[\"114\"],\"mapTitle\":\"North Texas Martial Arts\",\"mapContent\":\"<p>17194 Preston Road, Suite 215<br>Dallas, Texas 75248<br><a href=\\\"http:\\/\\/tel:972.323.0027\\\">972.323.0027<\\/a><\\/p>\",\"mapAddress\":\"17194 Preston Rd. #215  Dallas, TX United States 75248\",\"flexibleArea\":\"<p><img src=\\\"\\/uploads\\/images\\/logo_circle.png#asset:122:url\\\"><\\/p>\"}},\"103\":{\"type\":\"events\",\"enabled\":\"1\",\"fields\":{\"heading\":\"NTMA \\u2013 Event Calendar\",\"body\":\"<p>North Dallas<\\/p>\",\"location\":\"northDallas\"}}},\"4\":\"\",\"3\":\"\"}}', '2016-07-11 01:57:21', '2016-07-11 01:57:21', '41935d02-b565-4baa-aa00-ba15505ee47e'),
 ('142', '27', '3', '1', 'en_us', '11', '', '{\"typeId\":\"3\",\"authorId\":\"1\",\"title\":\"Instructors\",\"slug\":\"instructors\",\"postDate\":1458873960,\"expiryDate\":null,\"enabled\":1,\"parentId\":\"5\",\"fields\":{\"5\":{\"28\":{\"type\":\"secondaryHero\",\"enabled\":\"1\",\"fields\":{\"heading\":\"Instructors\",\"body\":\"<p>Our instructors have spent many years perfecting the martial arts craft and continue to go through extensive testing training and certifications to ensure that we are able to provide our students with the best care and instruction.&nbsp;<\\/p>\\r\\n\\r\\n<p>Here, we\\u2019re family and we truly enjoy what we do and we enjoy sharing that passion with others. Collectively we invest in each student, as we feel that their success is our success!&nbsp;<\\/p>\",\"contactButton\":\"1\",\"backgroundColor\":\"#000000\",\"backgroundImage\":[\"41\"],\"mapTitle\":\"\",\"mapContent\":\"\",\"mapAddress\":\"\",\"flexibleArea\":\"\"}},\"29\":{\"type\":\"staff\",\"enabled\":\"1\",\"fields\":{\"image\":[\"64\"],\"staffName\":\"Steve Sosa\",\"staffTitle\":\"Instructor, 7th degree black belt\",\"body\":\"<p>Master Steve Sosa has been an unstoppable, highly skilled martial artist for over 30 years. Master Sosa a 7th degree black belt in karate, trained by legendary martial artists such as Tim Kirby, Allen Steen, Ray McCallum, Billye Jackson, and Demetrius \\u201cThe Greek\\u201d Havanas - the original members of \\u201cTexas Blood \\u2018n\\u2019 Guts\\u201d karate in the Dallas area.&nbsp;<\\/p>\\r\\n\\r\\n<p>Master Sosa is a passionate trainer who has amassed several prestigious accolades in Martial Arts tournaments including \\u201cThe Golden Greek\\u201d which is the highest award given by the Amateur Organization of Karate. Master Sosa was also honored with the Positive Coaching Alliance\\u2019s Double-Goal Coaching Award, awarded to coaches who implement positive life skills, work ethic and drive into their students training.&nbsp;<\\/p>\\r\\n\\r\\n\\r\\n\\r\\n\\r\\n\\r\\n\\r\\n\\r\\n\\r\\n\\r\\n\\r\\n\\r\\n\\r\\n\\r\\n\\r\\n\\r\\n\\r\\n\\r\\n\\r\\n\\r\\n\\r\\n\\r\\n\\r\\n\\r\\n<p>In 2010 Master Sosa started North Texas Martial Arts (NTMA), which ultimately joined Freddie Poole Martial Arts in 2015.<\\/p>\"}},\"65\":{\"type\":\"staff\",\"enabled\":\"1\",\"fields\":{\"image\":[\"99\"],\"staffName\":\"Vanny Boon\",\"staffTitle\":\"Instructor, 5th degree black belt, Saekson Muay Thai \",\"body\":\"<p>Master Vanny Boon is a certified 5th degree black belt skilled in various forms of martial arts including Taekwondo Do, Muay Thai, Brazilian Jiu jitsu and Boxing. Master Boon\\u2019s passion and experience for martial arts began when he started training at the age of 5 and spans over 25 years; Master Boon trained under Grand Master Hong, Master Freddie Poole and Muay Thai world champion Saekson Janjira.<\\/p>\"}},\"68\":{\"type\":\"staff\",\"enabled\":\"1\",\"fields\":{\"image\":[\"50\"],\"staffName\":\"Randy Stem\",\"staffTitle\":\"Instructor, 5th degree black belt, fitness trainer \",\"body\":\"<p>Randy Stem is a 5th degree black belt trained in Karate, Kickboxing, and Judo and currently in Brazilian Jiu-Jitsu. Randy studied under the teachings of Allen Steen, widely recognized as the \'Father of American Taekwondo\', and has over 45 years of experience mastering martial arts. Randy strongly encourages his students to build a firm foundation in martial arts early on by focusing on the development of basic fundamental motor skills and concepts.<\\/p>\"}},\"31\":{\"type\":\"staff\",\"enabled\":\"1\",\"fields\":{\"image\":[\"44\"],\"staffName\":\"Westin Poole\",\"staffTitle\":\"Instructor, 3rd degree black belt\",\"body\":\"<p>Westin Poole\\u2019s love for karate kicked in as a kid when began training in martial arts at the age of 6. By 2009, Westin was a certified 1st degree black belt and has no plans of slowing down. He has been teaching for almost eight years and enjoys working with children. The mission behind his teaching is inspiring his students to reach their goals and see the benefits of their hard work.&nbsp;<\\/p>\"}},\"70\":{\"type\":\"staff\",\"enabled\":\"1\",\"fields\":{\"image\":[\"46\"],\"staffName\":\"Alex Garcia\",\"staffTitle\":\"Instructor, 2nd degree black belt\",\"body\":\"<p>Alex Garcia is a 2nd degree black belt in Tae Kwon Do who gravitated towards the world of martial arts at the age of 4. Alex soon began training to develop and perfect his skills for martial arts and became a student at Freddie Poole\'s Martial Arts at the age of 10. Within 2 years, Alex\\u2019s dedication transformed him into an avid competitor, in which Alex received several 1st place wins in state martial arts championships.<\\/p>\"}},\"72\":{\"type\":\"staff\",\"enabled\":\"1\",\"fields\":{\"image\":[\"100\"],\"staffName\":\"Mike Rose\",\"staffTitle\":\"Instructor, Machado black belt \",\"body\":\"<p>Mike Rose has over 25 years of martial arts training, competition, and teaching experience in both Judo and Brazilian Jiu Jitsu. Mike started training in Judo in 1992, when he received his black belt. In 1998, under the teachings of Greg Nelson, Mike began training in Brazilian Jiu Jitsu and received his blue belt in 1999 and his black belt in 2009.<\\/p>\"}},\"71\":{\"type\":\"staff\",\"enabled\":\"1\",\"fields\":{\"image\":[\"45\"],\"staffName\":\"Nathan Bagby\",\"staffTitle\":\"Instructor, 3rd degree black belt, Muay Thai \",\"body\":\"<p>Nathanael \\u201cNathan\\u201d Bagby is a 3rd degree black belt and an accomplished Muay Thai fighter and instructor. Nathan first became interested and started training in martial arts at the age of 8, and in the past 25 years, has trained in Isshinryu Karate, Eskrima, Tae Kwon Do, American Kickboxing, Brazilian Jiu Jitsu, Close Quarter Combat, Boxing, and Muay Thai. &nbsp;Nathan has gone on to compete in several amateur and professional kickboxing and Muay Thai bouts.&nbsp;<\\/p>\"}},\"30\":{\"type\":\"staff\",\"enabled\":\"1\",\"fields\":{\"image\":[\"62\"],\"staffName\":\"Jayda Clayton\",\"staffTitle\":\"Instructor, 2nd degree black belt\",\"body\":\"<p>Jayda Clayton, a 2nd degree black belt, began her training in January 2007 at the ripe old age of 4. A prodigy of Master Steven Sosa, Jayda received her yellow and brown belts in 2007 and 2009, respectively. At age 7, Jayda became Master Sosa\\u2019s first and youngest student to receive her black belt. Jayda has competed in numerous local, state and national karate competitions and won over 60 trophies in sparring and kata competitions with over 40 of them being first place positions.<\\/p>\"}},\"66\":{\"type\":\"staff\",\"enabled\":\"1\",\"fields\":{\"image\":[\"48\"],\"staffName\":\"Johnny Rodriguez\",\"staffTitle\":\"Instructor, Machado black belt\",\"body\":\"<p>Professor Johnny Rodriguez is a highly skilled black belt in Brazilian Jiu-Jitsu with over 20 years of training in several martial art forms including Kenpo karate, Aikido, Judo and Muay Thai. Professor Rodriguez teaches workshops, self-defense seminars, and has previously worked in law enforcement. &nbsp;Professor Rodriguez actively coaches students in preparation for BJJ tournaments and MMA bouts and still competes in many Brazilian jiu-jitsu tournaments.&nbsp;<\\/p>\"}},\"67\":{\"type\":\"staff\",\"enabled\":\"1\",\"fields\":{\"image\":[\"49\"],\"staffName\":\"Gerardo Mulas\",\"staffTitle\":\"Instructor, Certified Personal Trainer, Yoga\",\"body\":\"<p>Gerardo Mulas is a certified personal trainer, yoga and martial arts expert whose mission is educating students the benefits of fitness and health and wellness goals. Gerardo specializes in sports performance, weight loss, injury rehabilitation, stress relief, nutritional counseling and meal planning. Gerardo has over two decades of professional and collegiate athletics under his belt, along with extensive training in kickboxing, boxing and grappling.<\\/p>\"}},\"69\":{\"type\":\"staff\",\"enabled\":\"1\",\"fields\":{\"image\":[\"43\"],\"staffName\":\"Sovandy Om\",\"staffTitle\":\"Instructor, 5th degree black belt\",\"body\":\"<p>Master Sovandy Om is a 5th degree black belt, kickboxing fitness certified trainer and a FPMA student favorite. Master Om has trained extensively in Tae Kwon Do, MMA, Gymnastic, as well as Crossfit. Along with a passion for martial arts, Master Om has an even bigger passion for fitness. Master Om works tirelessly with helping the students execute proper technique to achieve the maximum benefits, as well as helping students reach and exceed their fitness goals.<\\/p>\"}}},\"4\":\"\",\"3\":\"\"}}', '2016-07-11 02:12:01', '2016-07-11 02:12:01', 'd0b12e5e-2297-4748-8312-658672c8d1a4'),
 ('143', '125', '5', '1', 'en_us', '1', '', '{\"typeId\":null,\"authorId\":\"1\",\"title\":\"slide1\",\"slug\":\"slide1\",\"postDate\":1468334170,\"expiryDate\":null,\"enabled\":1,\"parentId\":null,\"fields\":{\"67\":[\"10\"],\"1\":\"<p>slide1 body<\\/p>\"}}', '2016-07-12 14:36:10', '2016-07-12 14:36:10', 'cd3b7567-b1d6-4b9a-9634-94cb42ea6d97'),
 ('144', '126', '5', '1', 'en_us', '1', '', '{\"typeId\":null,\"authorId\":\"1\",\"title\":\"slide2\",\"slug\":\"slide2\",\"postDate\":1468334195,\"expiryDate\":null,\"enabled\":1,\"parentId\":null,\"fields\":{\"67\":[\"9\"],\"1\":\"<p>slide2 body<\\/p>\"}}', '2016-07-12 14:36:35', '2016-07-12 14:36:35', '1cf2aa15-e233-446d-9e3f-f1c0cf2a01e8'),
 ('145', '127', '5', '1', 'en_us', '1', '', '{\"typeId\":null,\"authorId\":\"1\",\"title\":\"slide3\",\"slug\":\"slide3\",\"postDate\":1468334216,\"expiryDate\":null,\"enabled\":1,\"parentId\":null,\"fields\":{\"67\":[\"36\"],\"1\":\"<p>slide3 body<\\/p>\"}}', '2016-07-12 14:36:56', '2016-07-12 14:36:56', '0fd83348-6d4f-45ec-b2a8-8a9f01cee208'),
 ('146', '2', '1', '1', 'en_us', '21', '', '{\"typeId\":null,\"authorId\":null,\"title\":\"Home\",\"slug\":\"homepage\",\"postDate\":1457804906,\"expiryDate\":null,\"enabled\":1,\"parentId\":null,\"fields\":{\"5\":{\"15\":{\"type\":\"homeHero\",\"enabled\":\"1\",\"fields\":{\"heading\":\"Kick. Punch. Learn.\",\"body\":\"<p>Freddie Poole\\u2019s Martial Arts\\u00ae offers an exclusive hybrid training system that incorporates the traditional training values and principles of karate and tae-kwon-do with a contemporary system of combat, self-defense and fitness.<\\/p>\",\"backgroundColor\":\"#000000\",\"backgroundImage\":[\"10\"],\"contactButton\":\"1\",\"slides\":[\"125\",\"126\",\"127\"]}},\"18\":{\"type\":\"homePrograms\",\"enabled\":\"1\",\"fields\":{\"heading\":\"Approach\",\"body\":\"<p>The key to our success is each discipline being introduced in stages to our student, rather than a front-loading program. This methodical approach ensures students are learning and mastering techniques at the highest level, as opposed to just going through motions. Additionally, we have a variety of skilled instructors teaching our programs. This gives students an advantage of learning martial arts from varied perspectives, which enhances the quality of the training. Each instructor at FPMA\\u00ae is trained to recognize a student\\u2019s personality, learning style, and individual needs.<\\/p>\",\"programs\":[\"16\",\"17\",\"81\",\"86\",\"89\",\"93\",\"96\"],\"backgroundColor\":\"#000000\",\"backgroundImage\":[\"102\"]}},\"52\":{\"type\":\"homeLocations\",\"enabled\":\"1\",\"fields\":{\"heading\":\"Locations\",\"body\":\"<p>We currently have 2 locations to serve you.&nbsp;<\\/p>\",\"backgroundImage\":[\"101\"]}},\"53\":{\"type\":\"twoColumns\",\"enabled\":\"1\",\"fields\":{\"heading\":\"\",\"bodyLeft\":\"<p>Come see for yourself why our martial arts system has been so popular for so many years. Our black belt instructors are here to help you achieve all your marital art and fitness goals.<\\/p>\",\"bodyRight\":\"\",\"columnsLeft\":\"col-3-of-5\",\"columnsRight\":\"col-2-of-5\",\"backgroundColor\":\"#000000\",\"backgroundImage\":[\"9\"],\"contactButton\":\"1\"}}}}}', '2016-07-12 14:37:32', '2016-07-12 14:37:32', '0f3615bc-be53-4578-89c5-17d9e897903a'),
 ('147', '128', '3', '1', 'en_us', '1', '', '{\"typeId\":\"3\",\"authorId\":\"1\",\"title\":\"About Us\",\"slug\":\"about-us-1\",\"postDate\":1468463564,\"expiryDate\":null,\"enabled\":1,\"parentId\":\"\",\"fields\":{\"5\":{\"new1\":{\"type\":\"secondaryHero\",\"enabled\":\"1\",\"fields\":{\"heading\":\"\",\"body\":\"\",\"contactButton\":\"1\",\"backgroundColor\":\"#000000\",\"backgroundImage\":\"\",\"mapTitle\":\"\",\"mapContent\":\"\",\"mapAddress\":\"\",\"flexibleArea\":\"\"}}},\"4\":\"\",\"3\":\"\"}}', '2016-07-14 02:32:44', '2016-07-14 02:32:44', '45d78f57-47b0-42a1-8667-7d2622bf9088'),
 ('148', '128', '3', '1', 'en_us', '2', '', '{\"typeId\":\"3\",\"authorId\":\"1\",\"title\":\"FPMA\",\"slug\":\"about-us-1\",\"postDate\":1468463520,\"expiryDate\":null,\"enabled\":1,\"parentId\":\"5\",\"fields\":{\"5\":{\"129\":{\"type\":\"secondaryHero\",\"enabled\":\"1\",\"fields\":{\"heading\":\"\",\"body\":\"\",\"contactButton\":\"1\",\"backgroundColor\":\"#000000\",\"backgroundImage\":\"\",\"mapTitle\":\"\",\"mapContent\":\"\",\"mapAddress\":\"\",\"flexibleArea\":\"\"}}},\"4\":\"\",\"3\":\"\"}}', '2016-07-14 02:33:03', '2016-07-14 02:33:03', 'e79da5f1-51a1-4d97-a3b7-974a2b0fd1d4'),
 ('149', '73', '3', '1', 'en_us', '12', '', '{\"typeId\":\"3\",\"authorId\":\"1\",\"title\":\"Freddie Poole\",\"slug\":\"about-freddie\",\"postDate\":1465959360,\"expiryDate\":null,\"enabled\":1,\"parentId\":\"5\",\"fields\":{\"5\":{\"75\":{\"type\":\"secondaryHero\",\"enabled\":\"1\",\"fields\":{\"heading\":\"About Freddie\",\"body\":\"<p>Freddie Poole began martial arts training in 1981, at the age of seven years old. He began studying at Southwest Karate Academy under Demetrius \\u201cGolden Greek\\u201d Havanas. Southwest Karate Academy produced some of the best martial arts champions and competitors in the world, at that time. The 80\\u2019s were the tail end of the \\u201cTexas Blood and Guts\\u201d era of martial arts. The lineage began with Jhoon Rhee and his first black belt was Allen Steen. Steen went on to train many black belts and students and Texas was known for producing some of the best fighters in the country. Tim Kirby, Billye Jackson, Raymond McCallum, Santae Wilson Jr. and Cliff Thomas were some of the world-class competitors who had influence over Poole\\u2019s training and development.<\\/p>\",\"contactButton\":\"1\",\"backgroundColor\":\"#000000\",\"backgroundImage\":[\"119\"],\"mapTitle\":\"\",\"mapContent\":\"\",\"mapAddress\":\"\",\"flexibleArea\":\"\"}},\"76\":{\"type\":\"oneColumn\",\"enabled\":\"1\",\"fields\":{\"heading\":\"\",\"body\":\"<h3>As a young brown belt, Poole began teaching at Sun Belt Karate Academy by assisting younger and lower ranking students with warm-ups, kick punch technique and forms. It was not uncommon to see Poole leading an adult class at 12 years old.<\\/h3>\\r\\n\\r\\n<p>Poole received his 1st degree black belt in 1986, under Tim Kirby, Billye Jackson and Raymond McCallum. Poole competed in the AOK and was a top ranked competitor in forms and fighting for many years as a junior competitor.<\\/p>\\r\\n\\r\\n\\r\\n\\r\\n\\r\\n\\r\\n\\r\\n\\r\\n\\r\\n\\r\\n\\r\\n\\r\\n\\r\\n\\r\\n\\r\\n\\r\\n\\r\\n\\r\\n\\r\\n\\r\\n\\r\\n\\r\\n\\r\\n\\r\\n<p>Poole began training with long time friend and kickboxing champion Guy Mezger in 1993. Poole began honing his boxing and kickboxing skills with Mezger, Billye Jackson, Santae Wilson Jr. and Coach Charles Brown and went on to win a national title in 1997, which earned a spot on the US National Kickboxing team.<\\/p>\\r\\n\\r\\n\\r\\n\\r\\n\\r\\n\\r\\n\\r\\n\\r\\n\\r\\n\\r\\n\\r\\n\\r\\n\\r\\n\\r\\n\\r\\n\\r\\n\\r\\n\\r\\n\\r\\n\\r\\n\\r\\n\\r\\n\\r\\n\\r\\n<p>Poole\\u2019s boxing experience comes from training with some of the best coaches in the business. Phil Sawyer and Olympic Boxing Bronze medalist Charles Brown have influenced Poole in his boxing training, as well as Golden Gloves Champion Alex Andrade.<\\/p>\\r\\n\\r\\n\\r\\n\\r\\n\\r\\n\\r\\n\\r\\n\\r\\n\\r\\n\\r\\n\\r\\n\\r\\n\\r\\n\\r\\n\\r\\n\\r\\n\\r\\n\\r\\n\\r\\n\\r\\n\\r\\n\\r\\n\\r\\n\\r\\n<p>Poole has several years of Muay Thai experience, training with Francisco Sanchez of New World Combat, as well as World Muay Thai champion and MMA veteran Pete Spratt and Muay Thai champion Jason House.<\\/p>\\r\\n\\r\\n\\r\\n\\r\\n\\r\\n\\r\\n\\r\\n\\r\\n\\r\\n\\r\\n\\r\\n\\r\\n\\r\\n\\r\\n\\r\\n\\r\\n\\r\\n\\r\\n\\r\\n\\r\\n\\r\\n\\r\\n\\r\\n\\r\\n<p>Poole\\u2019s Judo experience comes from training with Master Vince Tamura and Judo Black Belt Rico Castro.<\\/p>\\r\\n\\r\\n\\r\\n\\r\\n\\r\\n\\r\\n\\r\\n\\r\\n\\r\\n\\r\\n\\r\\n\\r\\n\\r\\n\\r\\n\\r\\n\\r\\n\\r\\n\\r\\n\\r\\n\\r\\n\\r\\n\\r\\n\\r\\n\\r\\n<p>Poole currently trains under the tutelage of 8th degree Brazilian Jiu Jitsu master, Carlos Machado, where he holds a brown belt and is a proud affiliate of Machado Jiu Jitsu. Poole has also trained with many talented Brazilian Jiu Jitsu black belts including Kenny McClure, Jeff Sawyer, Rico Castro and Taryn Douglas.<\\/p>\\r\\n\\r\\n\\r\\n\\r\\n\\r\\n\\r\\n\\r\\n\\r\\n\\r\\n\\r\\n\\r\\n\\r\\n\\r\\n\\r\\n\\r\\n\\r\\n\\r\\n\\r\\n\\r\\n\\r\\n\\r\\n\\r\\n\\r\\n\\r\\n<p>Poole has competed all over the United States and internationally in Europe, winning a KICK International title in 2004 along with many team karate titles from 1999-2004. Poole also fought for Team Texas in Chuck Norris\\u2019s televised fight league, The World Combat League.<\\/p>\\r\\n\\r\\n\\r\\n\\r\\n\\r\\n\\r\\n\\r\\n\\r\\n\\r\\n\\r\\n\\r\\n\\r\\n\\r\\n\\r\\n\\r\\n\\r\\n\\r\\n\\r\\n\\r\\n\\r\\n\\r\\n\\r\\n\\r\\n\\r\\n<p>Poole has taken his vast knowledge of martial arts and created a well-rounded training system for all ages. Freddie Poole\\u2019s Martial Arts is the most balanced martial arts training system, combining traditional training elements with practical real world application. By integrating both of these elements into one system, one can truly train in mixed martial arts.<\\/p>\\r\\n\\r\\n\\r\\n\\r\\n\\r\\n\\r\\n\\r\\n\\r\\n\\r\\n\\r\\n\\r\\n\\r\\n\\r\\n\\r\\n\\r\\n\\r\\n\\r\\n\\r\\n\\r\\n\\r\\n\\r\\n\\r\\n\\r\\n\\r\\n\\r\\n\\r\\n<p>Since opening its doors in 2004, Freddie Poole\'s Martial Arts has been impacting thousands&nbsp;of&nbsp;lives in the community. Our friendly staff looks forward each day to helping our students achieve their goals. Although standards are set high, each student at FPMA is evaluated on an individual basis to ensure progression on their own timeline. This approach ensures students achieve and&nbsp;earn rank on their own merit.&nbsp;We encourage our students to trust the process and enjoy it. Earning a black belt at FPMA is a once in a lifetime experience!<\\/p>\",\"backgroundColor\":\"#000000\",\"backgroundImage\":[\"12\"]}}},\"4\":\"\",\"3\":\"\"}}', '2016-07-14 02:34:57', '2016-07-14 02:34:57', 'a5ef50ec-a06d-49c0-87f8-266bf84aa6f8'),
 ('150', '128', '3', '1', 'en_us', '3', '', '{\"typeId\":\"3\",\"authorId\":\"1\",\"title\":\"FPMA\",\"slug\":\"about-us-1\",\"postDate\":1468463520,\"expiryDate\":null,\"enabled\":1,\"parentId\":\"5\",\"fields\":{\"5\":{\"129\":{\"type\":\"secondaryHero\",\"enabled\":\"1\",\"fields\":{\"heading\":\"Since opening its doors in 2004, Freddie Poole\'s Martial Arts has been impacting thousands of lives in the community. Our friendly staff looks forward each day to helping our students achieve their goals.\",\"body\":\"<p>Although standards are set high, each student at FPMA is evaluated on an individual basis to ensure progression on their own timeline. This approach ensures students achieve and&nbsp;earn rank on their own merit.&nbsp;We encourage our students to trust the process and enjoy it. Earning a black belt at FPMA is a once in a lifetime experience! The dedicated team of instructors at FPMA have taken their experience of martial arts and created a well-rounded training system for all ages. Freddie Poole\\u2019s Martial Arts is the most balanced martial arts training system, combining traditional training elements with practical real world application. By integrating both of these elements into one system, one can truly train in mixed martial arts.<br><\\/p><p><b><\\/b><\\/p>\",\"contactButton\":\"1\",\"backgroundColor\":\"#000000\",\"backgroundImage\":[\"12\"],\"mapTitle\":\"\",\"mapContent\":\"\",\"mapAddress\":\"\",\"flexibleArea\":\"\"}}},\"4\":\"\",\"3\":\"\"}}', '2016-07-14 02:36:07', '2016-07-14 02:36:07', '50b6b4b7-0c75-465a-9239-bf79914419a5'),
 ('151', '73', '3', '1', 'en_us', '13', '', '{\"typeId\":\"3\",\"authorId\":\"1\",\"title\":\"Freddie Poole\",\"slug\":\"about-freddie\",\"postDate\":1465959360,\"expiryDate\":null,\"enabled\":1,\"parentId\":\"5\",\"fields\":{\"5\":{\"75\":{\"type\":\"secondaryHero\",\"enabled\":\"1\",\"fields\":{\"heading\":\"About Freddie\",\"body\":\"<p>Freddie Poole began martial arts training in 1981, at the age of seven years old. He began studying at Southwest Karate Academy under Demetrius \\u201cGolden Greek\\u201d Havanas. Southwest Karate Academy produced some of the best martial arts champions and competitors in the world, at that time. The 80\\u2019s were the tail end of the \\u201cTexas Blood and Guts\\u201d era of martial arts. The lineage began with Jhoon Rhee and his first black belt was Allen Steen. Steen went on to train many black belts and students and Texas was known for producing some of the best fighters in the country. Tim Kirby, Billye Jackson, Raymond McCallum, and Santae Wilson Jr.&nbsp; were some of the world-class competitors who had influence over Poole\\u2019s training and development.<\\/p>\",\"contactButton\":\"1\",\"backgroundColor\":\"#000000\",\"backgroundImage\":[\"119\"],\"mapTitle\":\"\",\"mapContent\":\"\",\"mapAddress\":\"\",\"flexibleArea\":\"\"}},\"76\":{\"type\":\"oneColumn\",\"enabled\":\"1\",\"fields\":{\"heading\":\"\",\"body\":\"<h3>Poole received his 1st degree black belt in 1986, under Tim Kirby, Billye Jackson and Raymond McCallum. Poole competed in the AOK and was a top ranked competitor in forms and fighting for many years as a junior competitor.<\\/h3>\\r\\n\\r\\n\\r\\n\\r\\n<p>Poole began working for and training with long time friend and kickboxing\\/MMA champion Guy Mezger in 1993. Poole began honing his boxing and kickboxing skills with Mezger, Billye Jackson, Santae Wilson Jr. and Coach Charles Brown and went on to win a national title in 1997, which earned a spot on the US National Kickboxing team.<\\/p>\\r\\n\\r\\n\\r\\n\\r\\n<p>Poole\\u2019s boxing experience comes from training with some of the best coaches in the business. Phil Sawyer and Olympic Boxing Bronze medalist Charles Brown have influenced Poole in his boxing training, as well as Alex Andrade, David Douglas and Michael Montoya.<\\/p>\\r\\n\\r\\n<p>Poole has several years of Muay Thai experience, training with Francisco Sanchez of New World Combat, as well as World Muay Thai champion and MMA veteran Pete Spratt and Muay Thai champion Jason House.<\\/p>\\r\\n\\r\\n\\r\\n\\r\\n\\r\\n\\r\\n\\r\\n\\r\\n\\r\\n\\r\\n\\r\\n\\r\\n<p>Poole\\u2019s Judo experience comes from training with Master Vince Tamura and Judo Black Belt Rico Castro.<\\/p>\\r\\n\\r\\n<p>Poole currently trains under the tutelage of 8th degree Brazilian Jiu Jitsu master, Carlos Machado, where he holds a brown belt and is a proud affiliate of Machado Jiu Jitsu. Poole has also trained with many talented Brazilian Jiu Jitsu black belts including Kenny McClure, Jeff Sawyer, Rico Castro and Taryn Douglas.<\\/p>\\r\\n\\r\\n\\r\\n\\r\\n<p>Poole has competed all over the United States and internationally in Europe, winning a KICK International title in 2004 along with many team karate titles from 1999-2004. Poole also fought for Team Texas in Chuck Norris\\u2019s televised fight league, The World Combat League.<\\/p>\\r\\n\\r\\n\\r\\n\\r\\n<p> Poole has parlayed his training and knowledge of martial arts into a successful career as a stuntman and fight\\/stunt coordinator for <a href=\\\"http:\\/\\/www.imdb.com\\/name\\/nm1336664\\/\\\">television and film<\\/a>. Poole has performed and worked alongside some of the top names in the action world like Sylvester Stallone, Chuck Norris, Ben Affleck, Jason Statham and many others. Poole can be seen on popular television shows like The Walking Dead, Sons of Anarchy, From Dusk till Dawn and Marvel\\u2019s AGENTS of the SHIELD just to name a few and he has served as a stunt double, performing various feats of action for actors Sylvester Stallone, Frank Grillo and Jesse Metcalfe as well as many others. As a fight coordinator and stunt coordinator, Poole oversees and is in charge of action for feature films that can be seen on anywhere from Netflix to the big screen and television shows on network TV!<\\/p>\",\"backgroundColor\":\"#000000\",\"backgroundImage\":[\"12\"]}}},\"4\":\"\",\"3\":\"\"}}', '2016-07-14 02:38:57', '2016-07-14 02:38:57', '07e33356-f5d5-4b86-ae38-e3ac3d5eb069'),
 ('152', '27', '3', '1', 'en_us', '12', '', '{\"typeId\":\"3\",\"authorId\":\"1\",\"title\":\"Instructors\",\"slug\":\"instructors\",\"postDate\":1458873960,\"expiryDate\":null,\"enabled\":1,\"parentId\":\"5\",\"fields\":{\"5\":{\"28\":{\"type\":\"secondaryHero\",\"enabled\":\"1\",\"fields\":{\"heading\":\"Instructors\",\"body\":\"<p>Our instructors have spent many years perfecting the martial arts craft and continue to go through extensive testing training and certifications to ensure that we are able to provide our students with the best care and instruction. <\\/p>\\r\\n\\r\\n\\r\\n\\r\\n<p>Here, we\\u2019re family and we truly enjoy what we do and we enjoy sharing that passion with others. Collectively we invest in each student, as we feel that their success is our success!<\\/p>\",\"contactButton\":\"1\",\"backgroundColor\":\"#000000\",\"backgroundImage\":[\"41\"],\"mapTitle\":\"\",\"mapContent\":\"\",\"mapAddress\":\"\",\"flexibleArea\":\"\"}},\"29\":{\"type\":\"staff\",\"enabled\":\"1\",\"fields\":{\"image\":[\"64\"],\"staffName\":\"Steve Sosa\",\"staffTitle\":\"Instructor, 7th degree black belt\",\"body\":\"<p>Master Steve Sosa has been an unstoppable, highly skilled martial artist for over 30 years. Master Sosa a 7th degree black belt in karate, trained by legendary martial artists such as Tim Kirby, Allen Steen, Ray McCallum, Billye Jackson, and Demetrius \\u201cThe Greek\\u201d Havanas - the original members of \\u201cTexas Blood \\u2018n\\u2019 Guts\\u201d karate in the Dallas area.&nbsp;<\\/p>\\r\\n\\r\\n<p>Master Sosa is a passionate trainer who has amassed several prestigious accolades in Martial Arts tournaments including \\u201cThe Golden Greek\\u201d which is the highest award given by the Amateur Organization of Karate. Master Sosa was also honored with the Positive Coaching Alliance\\u2019s Double-Goal Coaching Award, awarded to coaches who implement positive life skills, work ethic and drive into their students training.&nbsp;<\\/p>\\r\\n\\r\\n\\r\\n\\r\\n\\r\\n\\r\\n\\r\\n\\r\\n\\r\\n\\r\\n\\r\\n\\r\\n\\r\\n\\r\\n\\r\\n\\r\\n\\r\\n\\r\\n\\r\\n\\r\\n\\r\\n\\r\\n\\r\\n\\r\\n\\r\\n\\r\\n<p>In 2010 Master Sosa started North Texas Martial Arts (NTMA), which ultimately joined Freddie Poole Martial Arts in 2015.<\\/p>\"}},\"65\":{\"type\":\"staff\",\"enabled\":\"1\",\"fields\":{\"image\":[\"99\"],\"staffName\":\"Vanny Boon\",\"staffTitle\":\"Instructor, 5th degree black belt, Saekson Muay Thai \",\"body\":\"<p>Master Vanny Boon is a certified 5th degree black belt skilled in various forms of martial arts including Taekwondo Do, Muay Thai, Brazilian Jiu jitsu and Boxing. Master Boon\\u2019s passion and experience for martial arts began when he started training at the age of 5 and spans over 25 years; Master Boon trained under Grand Master Hong, Master Freddie Poole and Muay Thai world champion Saekson Janjira.<\\/p>\"}},\"68\":{\"type\":\"staff\",\"enabled\":\"1\",\"fields\":{\"image\":[\"50\"],\"staffName\":\"Randy Stem\",\"staffTitle\":\"Instructor, 5th degree black belt, fitness trainer \",\"body\":\"<p>Randy Stem is a 5th degree black belt trained in Karate, Kickboxing, and Judo and currently in Brazilian Jiu-Jitsu. Randy studied under the teachings of Allen Steen, widely recognized as the \'Father of American Taekwondo\', and has over 45 years of experience mastering martial arts. Randy strongly encourages his students to build a firm foundation in martial arts early on by focusing on the development of basic fundamental motor skills and concepts.<\\/p>\"}},\"31\":{\"type\":\"staff\",\"enabled\":\"1\",\"fields\":{\"image\":[\"44\"],\"staffName\":\"Westin Poole\",\"staffTitle\":\"Instructor, 3rd degree black belt\",\"body\":\"<p>Westin Poole\\u2019s love for karate kicked in as a kid when began training in martial arts at the age of 6. By 2009, Westin was a certified 1st degree black belt and has no plans of slowing down. He has been teaching for almost eight years and enjoys working with children. The mission behind his teaching is inspiring his students to reach their goals and see the benefits of their hard work.&nbsp;<\\/p>\"}},\"70\":{\"type\":\"staff\",\"enabled\":\"1\",\"fields\":{\"image\":[\"46\"],\"staffName\":\"Alex Garcia\",\"staffTitle\":\"Instructor, 2nd degree black belt\",\"body\":\"<p>Alex Garcia is a 2nd degree black belt in Tae Kwon Do who gravitated towards the world of martial arts at the age of 4. Alex soon began training to develop and perfect his skills for martial arts and became a student at Freddie Poole\'s Martial Arts at the age of 10. Within 2 years, Alex\\u2019s dedication transformed him into an avid competitor, in which Alex received several 1st place wins in state martial arts championships.<\\/p>\"}},\"72\":{\"type\":\"staff\",\"enabled\":\"1\",\"fields\":{\"image\":[\"100\"],\"staffName\":\"Mike Rose\",\"staffTitle\":\"Instructor, Machado black belt \",\"body\":\"<p>Mike Rose has over 25 years of martial arts training, competition, and teaching experience in both Judo and Brazilian Jiu Jitsu. Mike started training in Judo in 1992, when he received his black belt. In 1998, under the teachings of Greg Nelson, Mike began training in Brazilian Jiu Jitsu and received his blue belt in 1999 and his black belt in 2009.<\\/p>\"}},\"71\":{\"type\":\"staff\",\"enabled\":\"1\",\"fields\":{\"image\":[\"45\"],\"staffName\":\"Nathan Bagby\",\"staffTitle\":\"Instructor, 3rd degree black belt, Muay Thai \",\"body\":\"<p>Nathanael \\u201cNathan\\u201d Bagby is a 3rd degree black belt and an accomplished Muay Thai fighter and instructor. Nathan first became interested and started training in martial arts at the age of 8, and in the past 25 years, has trained in Isshinryu Karate, Eskrima, Tae Kwon Do, American Kickboxing, Brazilian Jiu Jitsu, Close Quarter Combat, Boxing, and Muay Thai. &nbsp;Nathan has gone on to compete in several amateur and professional kickboxing and Muay Thai bouts.&nbsp;<\\/p>\"}},\"30\":{\"type\":\"staff\",\"enabled\":\"1\",\"fields\":{\"image\":[\"62\"],\"staffName\":\"Jayda Clayton\",\"staffTitle\":\"Instructor, 2nd degree black belt\",\"body\":\"<p>Jayda Clayton, a 2nd degree black belt, began her training in January 2007 at the ripe old age of 4. A prodigy of Master Steven Sosa, Jayda received her yellow and brown belts in 2007 and 2009, respectively. At age 7, Jayda became Master Sosa\\u2019s first and youngest student to receive her black belt. Jayda has competed in numerous local, state and national karate competitions and won over 60 trophies in sparring and kata competitions with over 40 of them being first place positions.<\\/p>\"}},\"66\":{\"type\":\"staff\",\"enabled\":\"1\",\"fields\":{\"image\":[\"48\"],\"staffName\":\"Johnny Rodriguez\",\"staffTitle\":\"Instructor, Machado black belt\",\"body\":\"<p>Professor Johnny Rodriguez is a highly skilled black belt in Brazilian Jiu-Jitsu with over 20 years of training in several martial art forms including Kenpo karate, Aikido, Judo and Muay Thai. Professor Rodriguez teaches workshops, self-defense seminars, and has previously worked in law enforcement. &nbsp;Professor Rodriguez actively coaches students in preparation for BJJ tournaments and MMA bouts and still competes in many Brazilian jiu-jitsu tournaments.&nbsp;<\\/p>\"}},\"67\":{\"type\":\"staff\",\"enabled\":\"1\",\"fields\":{\"image\":[\"49\"],\"staffName\":\"Gerardo Mulas\",\"staffTitle\":\"Instructor, Certified Personal Trainer, Yoga\",\"body\":\"<p>Gerardo Mulas is a certified personal trainer, yoga and martial arts expert whose mission is educating students the benefits of fitness and health and wellness goals. Gerardo specializes in sports performance, weight loss, injury rehabilitation, stress relief, nutritional counseling and meal planning. Gerardo has over two decades of professional and collegiate athletics under his belt, along with extensive training in kickboxing, boxing and grappling.<\\/p>\"}},\"69\":{\"type\":\"staff\",\"enabled\":\"1\",\"fields\":{\"image\":[\"43\"],\"staffName\":\"Sovandy Om\",\"staffTitle\":\"Instructor, 5th degree black belt\",\"body\":\"<p>Master Sovandy Om is a 5th degree black belt, kickboxing fitness certified trainer and a FPMA student favorite. Master Om has trained extensively in Tae Kwon Do, MMA, Gymnastic, as well as Crossfit. Along with a passion for martial arts, Master Om has an even bigger passion for fitness. Master Om works tirelessly with helping the students execute proper technique to achieve the maximum benefits, as well as helping students reach and exceed their fitness goals.<\\/p>\"}}},\"4\":\"\",\"3\":\"\"}}', '2016-07-14 02:39:38', '2016-07-14 02:39:38', 'f4dbce97-a166-4d10-aa0d-95784849dd99'),
 ('153', '16', '3', '1', 'en_us', '7', '', '{\"typeId\":\"4\",\"authorId\":\"1\",\"title\":\"Dragons\",\"slug\":\"dragons\",\"postDate\":1458099960,\"expiryDate\":null,\"enabled\":1,\"parentId\":\"6\",\"fields\":{\"5\":{\"21\":{\"type\":\"secondaryHero\",\"enabled\":\"1\",\"fields\":{\"heading\":\"Dragons (4 \\u2013 6 YO)\",\"body\":\"<p>Specifically designed for children four to six years of age where they will begin to learn the fundamental life skills such as self-discipline, focus, self-control respect, patience and confidence. Dragons will also learn fine motor skills such as strength, balance, flexibility, and coordination.<\\/p>\",\"contactButton\":\"1\",\"backgroundColor\":\"#000000\",\"backgroundImage\":[\"130\"],\"mapTitle\":\"\",\"mapContent\":\"\",\"mapAddress\":\"\",\"flexibleArea\":\"\"}},\"22\":{\"type\":\"oneColumn\",\"enabled\":\"1\",\"fields\":{\"heading\":\"\",\"body\":\"<p>Our Dragons program has a fun and energetic class format helps the young students develop skills that set them up for success in life. The structure of the Freddie Poole Dragons program is a key principle of success of the student as it\\u2019s a preparatory training program for the Junior Martial Arts Program<\\/p>\",\"backgroundColor\":\"#000000\",\"backgroundImage\":[\"12\"]}}},\"22\":\"Dragons (4 \\u2013 6 YO)\",\"4\":\"\",\"3\":\"\"}}', '2016-07-14 02:50:39', '2016-07-14 02:50:39', '0f43fdae-7514-48f9-a751-b98224195805'),
 ('154', '33', '3', '1', 'en_us', '12', '', '{\"typeId\":\"3\",\"authorId\":\"1\",\"title\":\"Events\",\"slug\":\"events\",\"postDate\":1458879720,\"expiryDate\":null,\"enabled\":1,\"parentId\":\"\",\"fields\":{\"5\":{\"55\":{\"type\":\"secondaryHero\",\"enabled\":\"1\",\"fields\":{\"heading\":\"Events\",\"body\":\"<p>We pride ourselves in offering superior service and training for parents and kids. Outside of our extensive martial arts programs offered at both of our Dallas locations, FPMA offers various extra personal services that are very educational, affordable and definitely FUN! From private birthday celebrations to women\\u2019s self-defense classes, there\\u2019s a special FPMA Extra for everyone.<\\/p>\",\"contactButton\":\"1\",\"backgroundColor\":\"#000000\",\"backgroundImage\":[\"131\"],\"mapTitle\":\"\",\"mapContent\":\"\",\"mapAddress\":\"\",\"flexibleArea\":\"\"}},\"56\":{\"type\":\"oneColumn\",\"enabled\":\"1\",\"fields\":{\"heading\":\"Parent\\u2019s Nights Out\",\"body\":\"<p>Got a date night or hang out with the crew night planned and need somewhere to take the kiddos? Bring \\u2018em to FPMA for Parents Night Out (PNO). The PNO program is on specified Saturdays from 5-9pm and welcomes both FPMA students and non-members to join in on a night full of pizza, movies, prizes and fun. <strong><em>Oh, did we mention Nerf gun wars, too?<\\/em><\\/strong> <a href=\\\"\\/locations#entry:7:url\\\">Just give one of our locations a call<\\/a> for more information, pricing and dates for the next PNO.&nbsp;<\\/p>\",\"backgroundColor\":\"#ffffff\",\"backgroundImage\":[\"12\"]}},\"57\":{\"type\":\"oneColumn\",\"enabled\":\"1\",\"fields\":{\"heading\":\"Birthday Parties\",\"body\":\"<p>Celebrate the birthday for your little martial artists Freddie Poole style! FPMA offers a personal experience with one of our many skilled instructors, ready to teach all of the little partiers some exciting new martial arts moves and put a unique spin on a birthday celebrations. Decorations, music and food are welcome. Interested in having your kid\\u2019s next birthday celebration at FPMA? <a href=\\\"tel:2143525425\\\">Give one of our locations a call<\\/a> for more information.<\\/p>\",\"backgroundColor\":\"#f5f5f5\",\"backgroundImage\":\"\"}},\"58\":{\"type\":\"oneColumn\",\"enabled\":\"1\",\"fields\":{\"heading\":\"Special Events\",\"body\":\"<p><strong>FPMA is proud to announce our summer 2016 Karate Camp for kids.<\\/strong><\\/p>\\r\\n\\r\\n<p>Karate Camp is designed for children ages 4-11 and provides the perfect summer getaway for kids interested in learning more about the many forms of martial art. Give you kids the opportunity to learn more about boosting leadership and teamwork skills, building and improving self confidence, self defense techniques, bully awareness as well as fun martial arts games and drills. Choose from 2 summer camp sessions only a $25 deposit required to reserve a spot. Reach out to a FPMA location for more details.<\\/p>\",\"backgroundColor\":\"#ffffff\",\"backgroundImage\":\"\"}},\"77\":{\"type\":\"oneColumn\",\"enabled\":\"1\",\"fields\":{\"heading\":\"Women\\u2019s Self Defense Seminars\",\"body\":\"<p>Safety for our members is a major priority for us. FPMA offers self-defense classes for women to learn how to protect themselves and their loved ones from unexpected attacks. Join FPMA for one of our Women\\u2019s Self Defense Seminars in partnership with Not Dead Yet Apparel. Come get hands-on training as we demonstrate various self-defense techniques, learn empowering safety awareness and practices. Attendance is always free, but we accept donations of $25 or more to benefit a designated local non-profit organization. Take the first step by contacting one of our locations for more information.<\\/p>\",\"backgroundColor\":\"#f5f5f5\",\"backgroundImage\":\"\"}},\"78\":{\"type\":\"oneColumn\",\"enabled\":\"1\",\"fields\":{\"heading\":\"Personal Training \",\"body\":\"<p>For the member who wants to learn the valuable techniques of martial arts outside of a group setting, FPMA offers specialized one-on-one training sessions. Members get individually structured personal instruction from one of our certified martial arts trainers. Training sessions are customized to benefit each student in any skill level, from a novice student wanting a more personal experience or an advanced student preparing for competition. <a href=\\\"\\/contact-us#entry:32:url\\\">Contact one of our two Dallas locations<\\/a> for more details.&nbsp;<\\/p>\",\"backgroundColor\":\"#ffffff\",\"backgroundImage\":\"\"}}},\"4\":\"\",\"3\":\"\"}}', '2016-07-14 02:51:27', '2016-07-14 02:51:27', 'b0afbf1b-e5d4-4c0d-ae25-41debf15409d'),
 ('155', '81', '3', '1', 'en_us', '7', '', '{\"typeId\":\"4\",\"authorId\":\"1\",\"title\":\"Brazilian Jiu-Jitsu\",\"slug\":\"brazilian-jiu-jitsu\",\"postDate\":1465960800,\"expiryDate\":null,\"enabled\":1,\"parentId\":\"6\",\"fields\":{\"5\":{\"82\":{\"type\":\"secondaryHero\",\"enabled\":\"1\",\"fields\":{\"heading\":\"Brazilian Jiu-Jitsu\",\"body\":\"<p><strong>Brazilian Jiu-Jitsu: (7 to 12-year-old + Adults)&nbsp;<\\/strong><\\/p>\\r\\n\\r\\n<p>The sport of Brazilian Jiu Jitsu can be quite complex. Our intro program helps break down all the essential concepts of the sport making it much easier to pick up for anybody. Freddie Poole\\u2019s Martial arts is a proud affiliate of the Carlos Machado BJJ association and network. Carlos Machado is nephew to one of the founders of Brazilian Jiu Jitsu, late master Carlos Gracie. Carlos is determined to keep the legacy going through teaching and partnering with others including our very own, Freddie Poole.&nbsp;<\\/p>\",\"contactButton\":\"1\",\"backgroundColor\":\"#000000\",\"backgroundImage\":[\"40\"],\"mapTitle\":\"\",\"mapContent\":\"\",\"mapAddress\":\"\",\"flexibleArea\":\"\"}},\"83\":{\"type\":\"oneColumn\",\"enabled\":\"1\",\"fields\":{\"heading\":\"\",\"body\":\"<p>Our classes are curriculum oriented, providing a fast paced yet easy approach to learning Brazilian Jiu Jitsu for children (7-12 years of age) and adults. Students achieve great results in a short amount of time learning realistic skills great for both self-defense and increasing fitness and stamina. Students also learn strategies for advancing in rank after completing time and skill requirements, all in a fun and safe environment.<\\/p>\",\"backgroundColor\":\"#ffffff\",\"backgroundImage\":[\"12\"]}},\"84\":{\"type\":\"oneColumn\",\"enabled\":\"1\",\"fields\":{\"heading\":\"Kids BJJ Program\",\"body\":\"<p>The FPMA Brazilian Jiu Jitsu kids program is the perfect tool to change your child\\u2019s life forever. Lessons learned both on and off the mat will instill in them a confidence and self-belief that will continue with them throughout their lives. Plus, it\\u2019s FUN! FPMA stands firm on our anti-bullying policies, which have been reverse engineered to safely and effectively repel any aggressor, with truly phenomenal results.<\\/p>\\r\\n\\r\\n<p>Overall, the Kids BBJ program is designed to develop a sense of discipline, determination, leadership, commitment, responsibility, good sportsmanship and confidence into our future leaders<\\/p>\",\"backgroundColor\":\"#f5f5f5\",\"backgroundImage\":\"\"}},\"85\":{\"type\":\"oneColumn\",\"enabled\":\"1\",\"fields\":{\"heading\":\"Adults BJJ Fundamentals\",\"body\":\"<p>FPMA BJJ Fundamentals Program is designed to teach the overall self-defense strategy of Brazilian Jiu-Jitsu. The class begins with a pre-workout involving many body weight exercises and it will teach you the basics, from learning how to fall, to clinching, taking down and successfully setting up and applying a submission hold as well as various escapes. We provide a detailed instruction in wrestling, judo, and Brazilian Jiu Jitsu, as they are all relevant to mastership. The class ends with positional training that helps students focus on the lesson of the week and get a feel for live training. Through repetition techniques, your training will slowly prepare you to begin drilling at a full resistance.<\\/p>\",\"backgroundColor\":\"#ffffff\",\"backgroundImage\":\"\"}}},\"22\":\"Brazilian Jiu-Jitsu\",\"4\":\"\",\"3\":\"\"}}', '2016-07-14 02:55:56', '2016-07-14 02:55:56', 'f607edde-3e5f-485b-bee3-bc053075a35c'),
 ('156', '128', '3', '1', 'en_us', '4', '', '{\"typeId\":\"3\",\"authorId\":\"1\",\"title\":\"FPMA\",\"slug\":\"about-us-1\",\"postDate\":1468463520,\"expiryDate\":null,\"enabled\":1,\"parentId\":\"5\",\"fields\":{\"5\":{\"129\":{\"type\":\"secondaryHero\",\"enabled\":\"1\",\"fields\":{\"heading\":\"FPMA\",\"body\":\"<p>Since opening its doors in 2004, Freddie Poole\'s Martial Arts has been impacting thousands of lives in the community. Our friendly staff looks forward each day to helping our students achieve their goals.<br><\\/p>\\r\\n\\r\\n\",\"contactButton\":\"1\",\"backgroundColor\":\"#000000\",\"backgroundImage\":[\"8\"],\"mapTitle\":\"\",\"mapContent\":\"\",\"mapAddress\":\"\",\"flexibleArea\":\"\"}},\"new1\":{\"type\":\"oneColumn\",\"enabled\":\"1\",\"fields\":{\"heading\":\"Although standards are set high, each student at FPMA is evaluated on an individual basis to ensure progression on their own timeline. This approach ensures students achieve and earn rank on their own merit. We encourage our students to trust the process and enjoy it. Earning a black belt at FPMA is a once in a lifetime experience! The dedicated team of instructors at FPMA have taken their experience of martial arts and created a well-rounded training system for all ages. Freddie Poole\\u2019s Martial Arts is the most balanced martial arts training system, combining traditional training elements with practical real world application. By integrating both of these elements into one system, one can truly train in mixed martial arts.\",\"body\":\"\",\"backgroundColor\":\"#000000\",\"backgroundImage\":[\"12\"]}}},\"4\":\"\",\"3\":\"\"}}', '2016-07-14 02:57:12', '2016-07-14 02:57:12', '4ad23c57-2bdf-48c5-99aa-d81aabe3e25e'),
 ('157', '128', '3', '1', 'en_us', '5', '', '{\"typeId\":\"3\",\"authorId\":\"1\",\"title\":\"FPMA\",\"slug\":\"about-us-1\",\"postDate\":1468463520,\"expiryDate\":null,\"enabled\":1,\"parentId\":\"5\",\"fields\":{\"5\":{\"129\":{\"type\":\"secondaryHero\",\"enabled\":\"1\",\"fields\":{\"heading\":\"FPMA\",\"body\":\"<p>Since opening its doors in 2004, Freddie Poole\'s Martial Arts has been impacting thousands of lives in the community. Our friendly staff looks forward each day to helping our students achieve their goals.<br><\\/p>\",\"contactButton\":\"1\",\"backgroundColor\":\"#000000\",\"backgroundImage\":[\"8\"],\"mapTitle\":\"\",\"mapContent\":\"\",\"mapAddress\":\"\",\"flexibleArea\":\"\"}},\"132\":{\"type\":\"oneColumn\",\"enabled\":\"1\",\"fields\":{\"heading\":\"\",\"body\":\"<p>Although standards are set high, each student at FPMA is evaluated on an individual basis to ensure progression on their own timeline. This approach ensures students achieve and earn rank on their own merit. We encourage our students to trust the process and enjoy it. Earning a black belt at FPMA is a once in a lifetime experience! The dedicated team of instructors at FPMA have taken their experience of martial arts and created a well-rounded training system for all ages. Freddie Poole\\u2019s Martial Arts is the most balanced martial arts training system, combining traditional training elements with practical real world application. By integrating both of these elements into one system, one can truly train in mixed martial arts.<\\/p>\",\"backgroundColor\":\"#000000\",\"backgroundImage\":[\"12\"]}}},\"4\":\"\",\"3\":\"\"}}', '2016-07-14 02:57:38', '2016-07-14 02:57:38', '5a895bac-98ae-4a89-91c3-ae26ec65fb0f'),
 ('158', '24', '3', '1', 'en_us', '28', '', '{\"typeId\":\"3\",\"authorId\":\"1\",\"title\":\"North Texas Martial Arts\",\"slug\":\"north-dallas\",\"postDate\":1458012000,\"expiryDate\":null,\"enabled\":1,\"parentId\":\"7\",\"fields\":{\"5\":{\"25\":{\"type\":\"secondaryHero\",\"enabled\":\"1\",\"fields\":{\"heading\":\"North Texas Martial Arts\",\"body\":\"<p>North Texas Martial Arts is certified partner school of Freddie Poole Martial Arts; we leverage the same martial arts curriculum as FPMA. North Texas Martial Art is led by Master Steve Sosa, a true martial artist with over 30 years of experience and multiple accolades, whose dedicated his passion for martial arts into teaching and coaching students.<\\/p>\",\"contactButton\":\"1\",\"backgroundColor\":\"#000000\",\"backgroundImage\":[\"114\"],\"mapTitle\":\"North Texas Martial Arts\",\"mapContent\":\"<p>17194 Preston Road, Suite 215<br>Dallas, Texas 75248<br><a href=\\\"http:\\/\\/tel:972.323.0027\\\">972.323.0027<\\/a><\\/p>\",\"mapAddress\":\"17194 Preston Rd. #215  Dallas, TX United States 75248\",\"flexibleArea\":\"\"}},\"103\":{\"type\":\"events\",\"enabled\":\"1\",\"fields\":{\"heading\":\"NTMA \\u2013 Event Calendar\",\"body\":\"<p>North Dallas<\\/p>\",\"location\":\"northDallas\"}}},\"4\":\"\",\"3\":\"\"}}', '2016-07-14 03:03:46', '2016-07-14 03:03:46', '8c497605-b5f6-422c-87f5-fe2798499502'),
 ('159', '125', '5', '1', 'en_us', '2', '', '{\"typeId\":\"6\",\"authorId\":\"1\",\"title\":\"Kick. Punch. Learn\",\"slug\":\"slide1\",\"postDate\":1468334160,\"expiryDate\":null,\"enabled\":1,\"parentId\":null,\"fields\":{\"67\":[\"10\"],\"1\":\"<p>slide1 body<\\/p>\"}}', '2016-07-14 03:08:56', '2016-07-14 03:08:56', '0f8a9ad1-b46c-46ee-9cf6-f0d789a557d9'),
 ('160', '125', '5', '1', 'en_us', '3', '', '{\"typeId\":\"6\",\"authorId\":\"1\",\"title\":\"Kick. Punch. Learn\",\"slug\":\"slide1\",\"postDate\":1468334160,\"expiryDate\":null,\"enabled\":1,\"parentId\":null,\"fields\":{\"67\":[\"10\"],\"1\":\"<p>Freddie Poole\\u2019s Martial Arts\\u00ae offers an exclusive hybrid training system that incorporates the traditional training values and principles of karate and tae-kwon-do with a contemporary system of combat, self-defense and fitness.<\\/p>\"}}', '2016-07-14 03:09:38', '2016-07-14 03:09:38', 'ead683a7-6b2f-401e-8d12-296145af389b'),
 ('161', '126', '5', '1', 'en_us', '2', '', '{\"typeId\":\"6\",\"authorId\":\"1\",\"title\":\"Black Belt Testing\",\"slug\":\"slide2\",\"postDate\":1468334160,\"expiryDate\":null,\"enabled\":1,\"parentId\":null,\"fields\":{\"67\":[\"9\"],\"1\":\"<p>Please join us at North Texas Martial Arts for the black best test and ceremony for&nbsp;<br><strong class=\\\"redactor-inline-converted\\\">Master Steve Sosa<\\/strong> \\u2013 testing for 8th degree black belt &nbsp;<br><strong>Miss Jayda Clayton<\\/strong> \\u2013 testing for 3rd degree black belt&nbsp;<\\/p>\"}}', '2016-07-14 03:13:41', '2016-07-14 03:13:41', '3ab3317d-551f-4519-844b-83da40fae7be'),
 ('162', '126', '5', '1', 'en_us', '3', '', '{\"typeId\":\"6\",\"authorId\":\"1\",\"title\":\"Black Belt Testing\",\"slug\":\"slide2\",\"postDate\":1468334160,\"expiryDate\":null,\"enabled\":1,\"parentId\":null,\"fields\":{\"67\":[\"9\"],\"1\":\"<p>Please join us at North Texas Martial Arts for the black best test and ceremony for&nbsp;<br><strong class=\\\"redactor-inline-converted\\\">Master Steve Sosa<\\/strong> \\u2013 testing for 8th degree black belt &nbsp;<br><strong>Miss Jayda Clayton<\\/strong> \\u2013 testing for 3rd degree black belt&nbsp;<\\/p>\"}}', '2016-07-14 03:14:39', '2016-07-14 03:14:39', '72709477-0b75-4476-9c7b-35ea466a38bb'),
 ('163', '127', '5', '1', 'en_us', '2', '', '{\"typeId\":\"6\",\"authorId\":\"1\",\"title\":\"Cotton Belt Classic\",\"slug\":\"slide3\",\"postDate\":1468334160,\"expiryDate\":null,\"enabled\":1,\"parentId\":null,\"fields\":{\"67\":[\"36\"],\"1\":\"<p><strong>Saturday, August 6, 2016<br><\\/strong><\\/p><p>James Williams & Joe McSpadden Presents<br>2016 Cotton Belt Classic<br>Plano Sports Authority - Murphy<br>Pre-Registation Only Event&nbsp;<br>330 N. Murphy Road<br>Murphy, TX &nbsp;75094<\\/p><p><a href=\\\"http:\\/\\/www.dfwkaratechampionships.com\\/PDFs\\/yldxwdbb.pdf\\\" target=\\\"_blank\\\">Tournament Flyer<\\/a><\\/p>\"}}', '2016-07-14 03:18:12', '2016-07-14 03:18:12', 'd0ef7a8b-c7a6-4b08-95cb-d9b77ca248ed'),
 ('164', '126', '5', '1', 'en_us', '4', '', '{\"typeId\":\"6\",\"authorId\":\"1\",\"title\":\"Black Belt Testing\",\"slug\":\"slide2\",\"postDate\":1468334160,\"expiryDate\":null,\"enabled\":1,\"parentId\":null,\"fields\":{\"67\":[\"9\"],\"1\":\"<p>Please join us at North Texas Martial Arts for the black best test and ceremony for:<br><strong class=\\\"redactor-inline-converted\\\">Master Steve Sosa<\\/strong> \\u2013 testing for 8th degree black belt &nbsp;<br><strong>Miss Jayda Clayton<\\/strong> \\u2013 testing for 3rd degree black belt&nbsp;<\\/p>\"}}', '2016-07-14 03:20:00', '2016-07-14 03:20:00', 'e524e25c-f79a-4567-ac66-5ee698a00e2c'),
 ('165', '126', '5', '1', 'en_us', '5', '', '{\"typeId\":\"6\",\"authorId\":\"1\",\"title\":\"Black Belt Testing\",\"slug\":\"slide2\",\"postDate\":1468334160,\"expiryDate\":null,\"enabled\":1,\"parentId\":null,\"fields\":{\"67\":[\"9\"],\"1\":\"<p>Please join us at North Texas Martial Arts for the black best test and ceremony for:<br><strong class=\\\"redactor-inline-converted\\\">Master Steve Sosa<\\/strong> \\u2013 testing for 8th degree black belt &nbsp;<br><strong class=\\\"redactor-inline-converted\\\">Miss Jayda Clayton<\\/strong> \\u2013 testing for 3rd degree black belt&nbsp;<\\/p><p><em>August 27, 2016 @ 2:00 pm at the NTMA&nbsp;<br>17194 Preston Road, Suite 215 Dallas, Texas 75248<br>Event is free and open to the public&nbsp;<\\/em><\\/p><p><br><\\/p>\"}}', '2016-07-14 03:21:07', '2016-07-14 03:21:07', '8f05de28-ab64-47b3-b601-29483023a7ee'),
 ('166', '126', '5', '1', 'en_us', '6', '', '{\"typeId\":\"6\",\"authorId\":\"1\",\"title\":\"Black Belt Testing\",\"slug\":\"slide2\",\"postDate\":1468334160,\"expiryDate\":null,\"enabled\":1,\"parentId\":null,\"fields\":{\"67\":[\"136\"],\"1\":\"<p>Please join us at North Texas Martial Arts for the black best test and ceremony for:<br><strong class=\\\"redactor-inline-converted\\\">Master Steve Sosa<\\/strong> \\u2013 testing for 8th degree black belt &nbsp;<br><strong class=\\\"redactor-inline-converted\\\">Miss Jayda Clayton<\\/strong> \\u2013 testing for 3rd degree black belt&nbsp;<\\/p>\\r\\n\\r\\n<p><em>August 27, 2016 @ 2:00 pm at the NTMA&nbsp;<br>17194 Preston Road, Suite 215 Dallas, Texas 75248<br>Event is free and open to the public&nbsp;<\\/em><\\/p>\\r\\n\\r\\n<p><br><\\/p>\"}}', '2016-07-14 03:23:10', '2016-07-14 03:23:10', '8fd0749c-c309-4986-b83a-5474e06c87e1'),
 ('167', '127', '5', '1', 'en_us', '3', '', '{\"typeId\":\"6\",\"authorId\":\"1\",\"title\":\"Cotton Belt Classic\",\"slug\":\"slide3\",\"postDate\":1468334160,\"expiryDate\":null,\"enabled\":1,\"parentId\":null,\"fields\":{\"67\":[\"136\"],\"1\":\"<p><strong>Saturday, August 6, 2016<br><\\/strong><\\/p>\\r\\n\\r\\n<p>James Williams & Joe McSpadden Presents<br>2016 Cotton Belt Classic<br>Plano Sports Authority - Murphy<br>Pre-Registation Only Event&nbsp;<br>330 N. Murphy Road<br>Murphy, TX &nbsp;75094<\\/p>\\r\\n\\r\\n<p><a href=\\\"http:\\/\\/www.dfwkaratechampionships.com\\/PDFs\\/yldxwdbb.pdf\\\" target=\\\"_blank\\\">Tournament Flyer<\\/a><\\/p>\"}}', '2016-07-14 03:23:41', '2016-07-14 03:23:41', '4b34416e-af00-427a-bb08-600c7d7d6118'),
 ('168', '127', '5', '1', 'en_us', '4', '', '{\"typeId\":\"6\",\"authorId\":\"1\",\"title\":\"Cotton Belt Classic\",\"slug\":\"slide3\",\"postDate\":1468334160,\"expiryDate\":null,\"enabled\":1,\"parentId\":null,\"fields\":{\"67\":[\"136\"],\"1\":\"<p><strong class=\\\"redactor-inline-converted\\\">Saturday, August 6, 2016<br><\\/strong><\\/p>\\r\\n\\r\\n<p>James Williams & Joe McSpadden Presents<br><strong>2016 Cotton Belt Classic<br><\\/strong>Plano Sports Authority - Murphy<br>330 N. Murphy Road<br>Murphy, TX &nbsp;75094<br>Pre-Registation Only Event&nbsp;<b><\\/b><\\/p>\\r\\n\\r\\n\\r\\n\\r\\n<p><a href=\\\"http:\\/\\/www.dfwkaratechampionships.com\\/PDFs\\/yldxwdbb.pdf\\\" target=\\\"_blank\\\">Tournament Flyer<\\/a><\\/p>\"}}', '2016-07-14 03:24:07', '2016-07-14 03:24:07', '07c69538-1e08-4207-b14b-d7f33df5b921'),
 ('176', '125', '5', '1', 'en_us', '4', '', '{\"typeId\":\"6\",\"authorId\":\"1\",\"title\":\"Kick. Punch. Learn.\",\"slug\":\"slide1\",\"postDate\":1468334160,\"expiryDate\":null,\"enabled\":1,\"parentId\":null,\"fields\":{\"67\":[\"10\"],\"1\":\"<p>Freddie Poole\\u2019s Martial Arts\\u00ae offers an exclusive hybrid training system that incorporates the traditional training values and principles of karate and tae-kwon-do with a contemporary system of combat, self-defense and fitness.<\\/p>\"}}', '2016-07-15 02:10:38', '2016-07-15 02:10:38', '436e352f-d998-495b-b24c-1d9f3d284c13'),
 ('177', '93', '3', '1', 'en_us', '6', '', '{\"typeId\":\"4\",\"authorId\":\"1\",\"title\":\"Muay Thai Kickboxing\",\"slug\":\"muay-thai-kickboxing\",\"postDate\":1465961400,\"expiryDate\":null,\"enabled\":1,\"parentId\":\"6\",\"fields\":{\"5\":{\"94\":{\"type\":\"secondaryHero\",\"enabled\":\"1\",\"fields\":{\"heading\":\"Muay Thai Kickboxing\",\"body\":\"<p><strong>Muay Thai: Adults<\\/strong><br><\\/p>\\r\\n\\r\\n<p>Muay Thai is a combat sport from Thailand that uses stand-up strikes along with various clinch techniques. This physical and mental discipline is known as \\\"the art of eight limbs\\\" because it is characterized by the combined use of fists, elbows, knees and shins during training.&nbsp;<\\/p>\",\"contactButton\":\"1\",\"backgroundColor\":\"#000000\",\"backgroundImage\":[\"138\"],\"mapTitle\":\"\",\"mapContent\":\"\",\"mapAddress\":\"\",\"flexibleArea\":\"\"}},\"95\":{\"type\":\"oneColumn\",\"enabled\":\"1\",\"fields\":{\"heading\":\"\",\"body\":\"<p>Individuals participating in this program achieve outstanding physical conditioning due to the highly intense yet fun&nbsp;nature of striking through the use of bag&nbsp;drills, mitt drills&nbsp;and pad work. This self paced class is taught by high level instructors with years of training in this discipline, who encourage each participant to reach their full physical potential. &nbsp; &nbsp; &nbsp; &nbsp;&nbsp;<\\/p>\",\"backgroundColor\":\"#ffffff\",\"backgroundImage\":[\"12\"]}}},\"22\":\"Muay Thai: Adults\",\"4\":\"\",\"3\":\"\"}}', '2016-07-15 02:38:41', '2016-07-15 02:38:41', '535af66a-47b9-4d59-8fc6-fc2395725bf3'),
 ('178', '93', '3', '1', 'en_us', '7', '', '{\"typeId\":\"4\",\"authorId\":\"1\",\"title\":\"Muay Thai Kickboxing\",\"slug\":\"muay-thai-kickboxing\",\"postDate\":1465961400,\"expiryDate\":null,\"enabled\":1,\"parentId\":\"6\",\"fields\":{\"5\":{\"94\":{\"type\":\"secondaryHero\",\"enabled\":\"1\",\"fields\":{\"heading\":\"Muay Thai Kickboxing\",\"body\":\"<p><strong>Muay Thai: Adults<\\/strong><br><\\/p>\\r\\n\\r\\n<p>Muay Thai is a combat sport from Thailand that uses stand-up strikes along with various clinch techniques. This physical and mental discipline is known as \\\"the art of eight limbs\\\" because it is characterized by the combined use of fists, elbows, knees and shins during training.&nbsp;<\\/p>\",\"contactButton\":\"1\",\"backgroundColor\":\"#000000\",\"backgroundImage\":[\"138\"],\"mapTitle\":\"\",\"mapContent\":\"\",\"mapAddress\":\"\",\"flexibleArea\":\"\"}},\"95\":{\"type\":\"oneColumn\",\"enabled\":\"1\",\"fields\":{\"heading\":\"\",\"body\":\"<p>Individuals participating in this program achieve outstanding physical conditioning due to the highly intense yet fun&nbsp;nature of striking through the use of bag&nbsp;drills, mitt drills&nbsp;and pad work. This self paced class is taught by high level instructors with years of training in this discipline, who encourage each participant to reach their full physical potential. &nbsp; &nbsp; &nbsp; &nbsp;&nbsp;<\\/p>\",\"backgroundColor\":\"#ffffff\",\"backgroundImage\":[\"12\"]}}},\"22\":\"Muay Thai: Adults\",\"4\":\"\",\"3\":\"\"}}', '2016-07-15 02:42:23', '2016-07-15 02:42:23', '305ea02e-7450-4614-80a0-ad985fd26471'),
 ('179', '32', '3', '1', 'en_us', '6', '', '{\"typeId\":\"3\",\"authorId\":\"1\",\"title\":\"Contact Us\",\"slug\":\"contact-us\",\"postDate\":1458879660,\"expiryDate\":null,\"enabled\":1,\"parentId\":\"\",\"fields\":{\"5\":{\"59\":{\"type\":\"secondaryHero\",\"enabled\":\"1\",\"fields\":{\"heading\":\"Contact Us\",\"body\":\"<p>Come see for yourself why our martial arts system has been so popular for so many years. Our black belt instructors are here to help you achieve all your marital art and fitness goals.&nbsp;<\\/p>\\r\\n\\r\\n<p><br><\\/p><p><br><\\/p>\",\"contactButton\":\"\",\"backgroundColor\":\"#000000\",\"backgroundImage\":[\"37\"],\"mapTitle\":\"\",\"mapContent\":\"\",\"mapAddress\":\"\",\"flexibleArea\":\"\"}},\"60\":{\"type\":\"contact\",\"enabled\":\"1\",\"fields\":{\"heading\":\"Contact Us\",\"body\":\"\",\"backgroundColor\":\"#f5f5f5\"}}},\"4\":\"\",\"3\":\"\"}}', '2016-07-15 02:49:50', '2016-07-15 02:49:50', '7a65c01d-8956-429c-be1d-bd3e2f974ef9'),
 ('180', '32', '3', '1', 'en_us', '7', '', '{\"typeId\":\"3\",\"authorId\":\"1\",\"title\":\"Contact Us\",\"slug\":\"contact-us\",\"postDate\":1458879660,\"expiryDate\":null,\"enabled\":1,\"parentId\":\"\",\"fields\":{\"5\":{\"59\":{\"type\":\"secondaryHero\",\"enabled\":\"1\",\"fields\":{\"heading\":\"Contact Us\",\"body\":\"<p>Come see for yourself why our martial arts system has been so popular for so many years. Our black belt instructors are here to help you achieve all your marital art and fitness goals.&nbsp;<\\/p>\",\"contactButton\":\"\",\"backgroundColor\":\"#000000\",\"backgroundImage\":[\"37\"],\"mapTitle\":\"\",\"mapContent\":\"\",\"mapAddress\":\"\",\"flexibleArea\":\"\"}},\"60\":{\"type\":\"contact\",\"enabled\":\"1\",\"fields\":{\"heading\":\"Contact Us\",\"body\":\"\",\"backgroundColor\":\"#f5f5f5\"}}},\"4\":\"\",\"3\":\"\"}}', '2016-07-15 02:50:29', '2016-07-15 02:50:29', '29babd60-1088-47ee-aa20-310ac43c2e9b'),
 ('181', '32', '3', '1', 'en_us', '8', '', '{\"typeId\":\"4\",\"authorId\":\"1\",\"title\":\"Contact Us\",\"slug\":\"contact-us\",\"postDate\":1458879660,\"expiryDate\":null,\"enabled\":1,\"parentId\":\"\",\"fields\":{\"5\":{\"59\":{\"type\":\"secondaryHero\",\"enabled\":\"1\",\"fields\":{\"heading\":\"Contact Us\",\"body\":\"<p>Come see for yourself why our martial arts system has been so popular for so many years. Our black belt instructors are here to help you achieve all your marital art and fitness goals.&nbsp;<\\/p><p><br><\\/p><p><br><\\/p>\",\"contactButton\":\"\",\"backgroundColor\":\"#000000\",\"backgroundImage\":[\"37\"],\"mapTitle\":\"\",\"mapContent\":\"\",\"mapAddress\":\"\",\"flexibleArea\":\"\"}},\"60\":{\"type\":\"contact\",\"enabled\":\"1\",\"fields\":{\"heading\":\"Contact Us\",\"body\":\"\",\"backgroundColor\":\"#f5f5f5\"}}},\"22\":\"\",\"4\":\"\",\"3\":\"\"}}', '2016-07-15 02:51:16', '2016-07-15 02:51:16', 'ace63a85-b97e-42cc-a8cb-b2e916f7b266'),
 ('182', '32', '3', '1', 'en_us', '9', '', '{\"typeId\":\"4\",\"authorId\":\"1\",\"title\":\"Contact Us\",\"slug\":\"contact-us\",\"postDate\":1458879660,\"expiryDate\":null,\"enabled\":1,\"parentId\":\"\",\"fields\":{\"5\":{\"59\":{\"type\":\"secondaryHero\",\"enabled\":\"1\",\"fields\":{\"heading\":\"Contact Us\",\"body\":\"<p>Come see for yourself why our martial arts system has been so popular for so many years. Our black belt instructors are here to help you achieve all your marital art and fitness goals.&nbsp;<\\/p>\\r\\n\\r\\n<p><br><\\/p>\",\"contactButton\":\"\",\"backgroundColor\":\"#000000\",\"backgroundImage\":[\"37\"],\"mapTitle\":\"\",\"mapContent\":\"\",\"mapAddress\":\"\",\"flexibleArea\":\"\"}},\"60\":{\"type\":\"contact\",\"enabled\":\"1\",\"fields\":{\"heading\":\"Contact Us\",\"body\":\"\",\"backgroundColor\":\"#f5f5f5\"}}},\"22\":\"\",\"4\":\"\",\"3\":\"\"}}', '2016-07-15 02:51:25', '2016-07-15 02:51:25', '0a28d501-1538-4cd3-ad20-c5d5c9a2c183'),
 ('183', '32', '3', '1', 'en_us', '10', '', '{\"typeId\":\"4\",\"authorId\":\"1\",\"title\":\"Contact Us\",\"slug\":\"contact-us\",\"postDate\":1458879660,\"expiryDate\":null,\"enabled\":1,\"parentId\":\"\",\"fields\":{\"5\":{\"59\":{\"type\":\"secondaryHero\",\"enabled\":\"1\",\"fields\":{\"heading\":\"Contact Us\",\"body\":\"<p>Come see for yourself why our martial arts system has been so popular for so many years. Our black belt instructors are here to help you achieve all your marital art and fitness goals.&nbsp;<\\/p>\",\"contactButton\":\"\",\"backgroundColor\":\"#000000\",\"backgroundImage\":[\"37\"],\"mapTitle\":\"\",\"mapContent\":\"\",\"mapAddress\":\"\",\"flexibleArea\":\"\"}},\"60\":{\"type\":\"contact\",\"enabled\":\"1\",\"fields\":{\"heading\":\"Contact Us\",\"body\":\"\",\"backgroundColor\":\"#f5f5f5\"}}},\"22\":\"\",\"4\":\"\",\"3\":\"\"}}', '2016-07-15 02:53:58', '2016-07-15 02:53:58', 'a60f5f82-de57-4b67-ba1a-29a17ec2640e'),
 ('199', '24', '3', '1', 'en_us', '29', '', '{\"typeId\":\"3\",\"authorId\":\"1\",\"title\":\"North Texas Martial Arts\",\"slug\":\"north-dallas\",\"postDate\":1458012000,\"expiryDate\":null,\"enabled\":1,\"parentId\":\"7\",\"fields\":{\"5\":{\"25\":{\"type\":\"secondaryHero\",\"enabled\":\"1\",\"fields\":{\"heading\":\"North Texas Martial Arts\",\"body\":\"<p>North Texas Martial Arts is certified partner school of Freddie Poole Martial Arts; we leverage the same martial arts curriculum as FPMA. North Texas Martial Art is led by Master Steve Sosa, a true martial artist with over 30 years of experience and multiple accolades, whose dedicated his passion for martial arts into teaching and coaching students.<\\/p>\",\"contactButton\":\"1\",\"backgroundColor\":\"#000000\",\"backgroundImage\":[\"114\"],\"mapTitle\":\"North Texas Martial Arts\",\"mapContent\":\"<p>17194 Preston Road, Suite 215<br>Dallas, Texas 75248<br><a href=\\\"http:\\/\\/tel:972.323.0027\\\">972.323.0027<\\/a><\\/p>\",\"mapAddress\":\"17194 Preston Rd. #215  Dallas, TX United States 75248\",\"flexibleArea\":\"\"}},\"103\":{\"type\":\"events\",\"enabled\":\"1\",\"fields\":{\"heading\":\"NTMA \\u2013 Event Calendar\",\"body\":\"<p>North Dallas<\\/p>\",\"location\":\"northDallas\"}}},\"4\":\"\",\"3\":\"\"}}', '2016-07-15 08:49:55', '2016-07-15 08:49:55', '8317cda6-d51f-4374-be3f-9b0292eae20a'),
 ('204', '34', '3', '1', 'en_us', '13', '', '{\"typeId\":\"3\",\"authorId\":\"1\",\"title\":\"Freddie Poole Martial Arts\",\"slug\":\"dallas\",\"postDate\":1459032240,\"expiryDate\":null,\"enabled\":1,\"parentId\":\"7\",\"fields\":{\"5\":{\"35\":{\"type\":\"secondaryHero\",\"enabled\":\"1\",\"fields\":{\"heading\":\"Freddie Poole Martial Arts\",\"body\":\"<p>Freddie Poole Martial Arts is conveniently located in Highland Park, just minutes away from Highland Park High School and McCulloch Intermediate School.&nbsp; We offer classes six days a week and have something for everyone in the family, check out our current class schedule below.<\\/p>\",\"contactButton\":\"1\",\"backgroundColor\":\"#000000\",\"backgroundImage\":[\"39\"],\"mapTitle\":\"Freddie Poole\'s Martial Arts\",\"mapContent\":\"<p>5757 West Lovers Lane, Suite 217<br>Dallas,&nbsp;TX United States 75209<br><a href=\\\"tel:2143525425\\\">214.352.5425<\\/a><\\/p>\",\"mapAddress\":\"5757 W. Lovers Lane #217 Dallas, TX United States 75209\",\"flexibleArea\":\"<p>Check out&nbsp;our&nbsp;current schedule to keep&nbsp;up to date with our latest offerings!<\\/p>\"}},\"54\":{\"type\":\"events\",\"enabled\":\"1\",\"fields\":{\"heading\":\"FPMA \\u2013 Event Calendar\",\"body\":\"<p>Dallas<\\/p>\",\"location\":\"dallas\"}}},\"4\":\"\",\"3\":\"\"}}', '2016-07-15 09:19:36', '2016-07-15 09:19:36', '55aeac45-3e78-4630-9a67-28d87ef694c5'),
 ('205', '125', '5', '1', 'en_us', '5', '', '{\"typeId\":\"6\",\"authorId\":\"1\",\"title\":\"Kick. Punch. Learn.\",\"slug\":\"slide1\",\"postDate\":1468334160,\"expiryDate\":null,\"enabled\":1,\"parentId\":null,\"fields\":{\"67\":[\"10\"],\"1\":\"<p>Freddie Poole\\u2019s Martial Arts\\u00ae offers an exclusive hybrid training system that incorporates the traditional training values and principles of karate and tae-kwon-do with a contemporary system of combat, self-defense and fitness.<\\/p>\"}}', '2016-07-15 09:20:24', '2016-07-15 09:20:24', '846ca952-9116-4999-b1d2-e91fceec0e3a'),
 ('209', '34', '3', '1', 'en_us', '14', '', '{\"typeId\":\"3\",\"authorId\":\"1\",\"title\":\"Freddie Poole Martial Arts\",\"slug\":\"dallas\",\"postDate\":1459032240,\"expiryDate\":null,\"enabled\":1,\"parentId\":\"7\",\"fields\":{\"5\":{\"35\":{\"type\":\"secondaryHero\",\"enabled\":\"1\",\"fields\":{\"heading\":\"Freddie Poole Martial Arts\",\"body\":\"<p>Freddie Poole Martial Arts is conveniently located in Highland Park, just minutes away from Highland Park High School and McCulloch Intermediate School.&nbsp; We offer classes six days a week and have something for everyone in the family, check out our current class schedule below.<\\/p>\",\"contactButton\":\"1\",\"backgroundColor\":\"#000000\",\"backgroundImage\":[\"39\"],\"mapTitle\":\"Freddie Poole\'s Martial Arts\",\"mapContent\":\"<p>5757 West Lovers Lane, Suite 217<br>Dallas,&nbsp;TX United States 75209<br><a href=\\\"tel:2143525425\\\">214.352.5425<\\/a><\\/p>\",\"mapAddress\":\"5757 W. Lovers Lane #217 Dallas, TX United States 75209\",\"flexibleArea\":\"<p>Check out&nbsp;our&nbsp;current schedule to keep&nbsp;up to date with our latest offerings!<\\/p>\"}},\"54\":{\"type\":\"events\",\"enabled\":\"1\",\"fields\":{\"heading\":\"FPMA \\u2013 Class Schedule \",\"body\":\"<p>Coming Soon! Please contact us for the most recent class schedule.&nbsp;<\\/p>\",\"location\":\"dallas\"}}},\"4\":\"\",\"3\":\"\"}}', '2016-07-20 15:28:49', '2016-07-20 15:28:49', '4ad9dbb8-aa2a-4583-8ab6-3c5643bc502b'),
 ('210', '24', '3', '1', 'en_us', '30', '', '{\"typeId\":\"3\",\"authorId\":\"1\",\"title\":\"North Texas Martial Arts\",\"slug\":\"north-dallas\",\"postDate\":1458012000,\"expiryDate\":null,\"enabled\":1,\"parentId\":\"7\",\"fields\":{\"5\":{\"25\":{\"type\":\"secondaryHero\",\"enabled\":\"1\",\"fields\":{\"heading\":\"North Texas Martial Arts\",\"body\":\"<p>North Texas Martial Arts is certified partner school of Freddie Poole Martial Arts; we leverage the same martial arts curriculum as FPMA. North Texas Martial Art is led by Master Steve Sosa, a true martial artist with over 30 years of experience and multiple accolades, whose dedicated his passion for martial arts into teaching and coaching students.<\\/p>\",\"contactButton\":\"1\",\"backgroundColor\":\"#000000\",\"backgroundImage\":[\"114\"],\"mapTitle\":\"North Texas Martial Arts\",\"mapContent\":\"<p>17194 Preston Road, Suite 215<br>Dallas, Texas 75248<br><a href=\\\"http:\\/\\/tel:972.323.0027\\\">972.323.0027<\\/a><\\/p>\",\"mapAddress\":\"17194 Preston Rd. #215  Dallas, TX United States 75248\",\"flexibleArea\":\"\"}},\"103\":{\"type\":\"events\",\"enabled\":\"1\",\"fields\":{\"heading\":\"NTMA \\u2013 Class Schedule\",\"body\":\"<p>Coming soon! Please contact us for the most recent class schedule.&nbsp;<\\/p>\",\"location\":\"northDallas\"}}},\"4\":\"\",\"3\":\"\"}}', '2016-07-20 15:29:41', '2016-07-20 15:29:41', '408eca98-4c14-44a6-8b87-c6c26b562a2d'),
 ('211', '27', '3', '1', 'en_us', '13', '', '{\"typeId\":\"3\",\"authorId\":\"1\",\"title\":\"Instructors\",\"slug\":\"instructors\",\"postDate\":1458873960,\"expiryDate\":null,\"enabled\":1,\"parentId\":\"5\",\"fields\":{\"5\":{\"28\":{\"type\":\"secondaryHero\",\"enabled\":\"1\",\"fields\":{\"heading\":\"Instructors\",\"body\":\"<p>Our instructors have spent many years perfecting the martial arts craft and continue to go through extensive testing training and certifications to ensure that we are able to provide our students with the best care and instruction. <\\/p>\\r\\n\\r\\n\\r\\n\\r\\n<p>Here, we\\u2019re family, and we&nbsp;enjoy what we do and enjoy sharing that passion with others. Collectively we invest in each student, as we feel that their success is our success!<\\/p>\",\"contactButton\":\"1\",\"backgroundColor\":\"#000000\",\"backgroundImage\":[\"41\"],\"mapTitle\":\"\",\"mapContent\":\"\",\"mapAddress\":\"\",\"flexibleArea\":\"\"}},\"29\":{\"type\":\"staff\",\"enabled\":\"1\",\"fields\":{\"image\":[\"64\"],\"staffName\":\"Steve Sosa\",\"staffTitle\":\"Instructor, 7th degree black belt\",\"body\":\"<p>Master Steve Sosa has been an unstoppable, highly skilled martial artist for over 30 years. Master Sosa, a 7th degree black belt in karate, was&nbsp;trained by legendary martial artists such as Tim Kirby, Allen Steen, Ray McCallum, Billye Jackson, and Demetrius \\u201cThe Greek\\u201d Havanas - the original members of \\u201cTexas Blood \\u2018n\\u2019 Guts\\u201d karate in the Dallas area.&nbsp;<\\/p>\\r\\n\\r\\n<p>Master Sosa is a passionate trainer who has amassed several prestigious accolades in Martial Arts tournaments including \\u201cThe Golden Greek\\u201d which is the highest award given by the Amateur Organization of Karate. Master Sosa was also honored with the Positive Coaching Alliance\\u2019s Double-Goal Coaching Award, awarded to coaches who implement positive life skills, work ethic and drive into their students training.&nbsp;<\\/p>\\r\\n\\r\\n\\r\\n\\r\\n\\r\\n\\r\\n\\r\\n\\r\\n\\r\\n\\r\\n\\r\\n\\r\\n\\r\\n\\r\\n\\r\\n\\r\\n\\r\\n\\r\\n\\r\\n\\r\\n\\r\\n\\r\\n\\r\\n\\r\\n\\r\\n\\r\\n\\r\\n\\r\\n<p>In 2010 Master Sosa started North Texas Martial Arts (NTMA), which ultimately joined Freddie Poole Martial Arts in 2015.<\\/p>\"}},\"65\":{\"type\":\"staff\",\"enabled\":\"1\",\"fields\":{\"image\":[\"99\"],\"staffName\":\"Vanny Boon\",\"staffTitle\":\"Instructor, 5th degree black belt, Saekson Muay Thai \",\"body\":\"<p>Master Vanny Boon is a certified 5th degree black belt skilled in various forms of martial arts including Taekwondo Do, Muay Thai, Brazilian Jiu jitsu and Boxing. Master Boon\\u2019s passion and experience for martial arts began when he started training at the age of 5 and spans over 25 years.&nbsp;Master Boon trained under Grand Master Hong, Master Freddie Poole and Muay Thai world champion Saekson Janjira.<\\/p>\"}},\"68\":{\"type\":\"staff\",\"enabled\":\"1\",\"fields\":{\"image\":[\"50\"],\"staffName\":\"Randy Stem\",\"staffTitle\":\"Instructor, 5th degree black belt, fitness trainer \",\"body\":\"<p>Randy Stem is a 5th degree black belt trained in Karate, Kickboxing, and Judo and Brazilian Jiu-Jitsu. Randy studied under the teachings of Allen Steen, widely recognized as the \'Father of American Taekwondo\', and has over 45 years of experience mastering martial arts. Randy strongly encourages his students to build a firm foundation in martial arts early on by focusing on the development of basic fundamental motor skills and concepts.<\\/p>\"}},\"31\":{\"type\":\"staff\",\"enabled\":\"1\",\"fields\":{\"image\":[\"44\"],\"staffName\":\"Westin Poole\",\"staffTitle\":\"Instructor, 3rd degree black belt\",\"body\":\"<p>Westin Poole\\u2019s love for karate kicked in as a kid when he&nbsp;began training in martial arts at the age of 6. By 2009, Westin was a certified 1st degree black belt and has no plans of slowing down. He has been teaching for almost eight years and enjoys working with children. The mission behind his teaching is inspiring his students to reach their goals and see the benefits of their hard work.&nbsp;<\\/p>\"}},\"70\":{\"type\":\"staff\",\"enabled\":\"1\",\"fields\":{\"image\":[\"46\"],\"staffName\":\"Alex Garcia\",\"staffTitle\":\"Instructor, 2nd degree black belt\",\"body\":\"<p>Alex Garcia is a 2nd degree black belt in Tae Kwon Do who gravitated towards the world of martial arts at the age of 4. Alex soon began training to develop and perfect his skills for martial arts and became a student at Freddie Poole\'s Martial Arts at the age of 10. Within 2 years, Alex\\u2019s dedication transformed him into an avid competitor.&nbsp;Alex received several 1st place wins in state martial arts championships.<\\/p>\"}},\"72\":{\"type\":\"staff\",\"enabled\":\"1\",\"fields\":{\"image\":[\"100\"],\"staffName\":\"Mike Rose\",\"staffTitle\":\"Instructor, Machado black belt \",\"body\":\"<p>Mike Rose has over 25 years of martial arts training, competition, and teaching experience in both Judo and Brazilian Jiu Jitsu. Mike started training in Judo in 1992 and currently&nbsp;holds a&nbsp;black belt. In 1998, under the teachings of Greg Nelson, Mike began training in Brazilian Jiu Jitsu and received his blue belt in 1999 and his black belt in 2009.<\\/p>\"}},\"71\":{\"type\":\"staff\",\"enabled\":\"1\",\"fields\":{\"image\":[\"45\"],\"staffName\":\"Nathan Bagby\",\"staffTitle\":\"Instructor, 3rd degree black belt, Muay Thai \",\"body\":\"<p>Nathanael \\u201cNathan\\u201d Bagby is a 3rd degree black belt and an accomplished Muay Thai fighter and instructor. Nathan first became interested and started training in martial arts at the age of 8, and in the past 25 years, has trained in Isshinryu Karate, Eskrima, Tae Kwon Do, American Kickboxing, Brazilian Jiu Jitsu, Close Quarter Combat, Boxing, and Muay Thai. &nbsp;Nathan has successfully competed&nbsp;in several amateur and professional kickboxing and Muay Thai bouts.&nbsp;<\\/p>\"}},\"30\":{\"type\":\"staff\",\"enabled\":\"1\",\"fields\":{\"image\":[\"62\"],\"staffName\":\"Jayda Clayton\",\"staffTitle\":\"Instructor, 2nd degree black belt\",\"body\":\"<p>Jayda Clayton, a 2nd degree black belt, began her training in January 2007 at the ripe old age of 4. A prodigy of Master Steven Sosa, Jayda received her yellow and brown belts in 2007 and 2009, respectively. At age 7, Jayda became Master Sosa\\u2019s first and youngest student in the Tim Kirby lineage&nbsp;to receive her black belt. Jayda has competed in numerous local, state and national karate competitions and won over 60 trophies in sparring and kata competitions with over 40 of them being first place positions.<\\/p>\"}},\"66\":{\"type\":\"staff\",\"enabled\":\"1\",\"fields\":{\"image\":[\"48\"],\"staffName\":\"Johnny Rodriguez\",\"staffTitle\":\"Instructor, Machado black belt\",\"body\":\"<p>Professor Johnny Rodriguez is a highly skilled black belt in Brazilian Jiu-Jitsu with over 20 years of training in several martial art forms including Kenpo karate, Aikido, Judo and Muay Thai. Professor Rodriguez teaches workshops, self-defense seminars, and has previously worked in law enforcement. &nbsp;Professor Rodriguez actively coaches students in preparation for Brazilian Jiu-Jitsu tournaments and MMA bouts and still competes in many Brazilian Jiu-Jitsu tournaments.&nbsp;<\\/p>\"}},\"67\":{\"type\":\"staff\",\"enabled\":\"1\",\"fields\":{\"image\":[\"49\"],\"staffName\":\"Gerardo Mulas\",\"staffTitle\":\"Instructor, Certified Personal Trainer, Yoga\",\"body\":\"<p>Gerardo Mulas is a certified personal trainer, yoga and martial arts expert whose mission is educating students the benefits of fitness,&nbsp;health and wellness goals. Gerardo specializes in sports performance, weight loss, injury rehabilitation, stress relief, nutritional counseling and meal planning. Gerardo has over two decades of professional and collegiate athletics under his belt, along with extensive training in kickboxing, boxing and grappling.<\\/p>\"}},\"69\":{\"type\":\"staff\",\"enabled\":\"1\",\"fields\":{\"image\":[\"43\"],\"staffName\":\"Sovandy Om\",\"staffTitle\":\"Instructor, 5th degree black belt\",\"body\":\"<p>Master Sovandy Om is a 5th degree black belt, kickboxing fitness certified trainer and a FPMA student favorite. Master Om has trained extensively in Tae Kwon Do, MMA, Gymnastic, as well as Crossfit. Along with a passion for martial arts, Master Om has an even bigger passion for fitness. Master Om works tirelessly with helping the students execute proper technique to achieve the maximum benefits, as well as helping students reach and exceed their fitness goals.<\\/p>\"}}},\"4\":\"\",\"3\":\"\"}}', '2016-07-20 16:24:20', '2016-07-20 16:24:20', 'e59b8b6b-03d8-4799-8077-a923d0fe6487'),
 ('212', '24', '3', '1', 'en_us', '31', '', '{\"typeId\":\"3\",\"authorId\":\"1\",\"title\":\"North Texas Martial Arts\",\"slug\":\"north-dallas\",\"postDate\":1458012000,\"expiryDate\":null,\"enabled\":1,\"parentId\":\"7\",\"fields\":{\"5\":{\"25\":{\"type\":\"secondaryHero\",\"enabled\":\"1\",\"fields\":{\"heading\":\"North Texas Martial Arts\",\"body\":\"<p>North Texas Martial Arts is certified partner school of Freddie Poole Martial Arts; we leverage the same martial arts curriculum as FPMA. North Texas Martial Art is led by Master Steve Sosa, a true martial artist with over 30 years of experience and multiple accolades, who has dedicated his passion for martial arts into teaching and coaching students.<\\/p>\",\"contactButton\":\"1\",\"backgroundColor\":\"#000000\",\"backgroundImage\":[\"114\"],\"mapTitle\":\"North Texas Martial Arts\",\"mapContent\":\"<p>17194 Preston Road, Suite 215<br>Dallas, Texas 75248<br><a href=\\\"http:\\/\\/tel:972.323.0027\\\">972.323.0027<\\/a><\\/p>\",\"mapAddress\":\"17194 Preston Rd. #215  Dallas, TX United States 75248\",\"flexibleArea\":\"\"}},\"103\":{\"type\":\"events\",\"enabled\":\"1\",\"fields\":{\"heading\":\"NTMA \\u2013 Class Schedule\",\"body\":\"<p>Coming soon! Please contact us for the most recent class schedule.&nbsp;<\\/p>\",\"location\":\"northDallas\"}}},\"4\":\"\",\"3\":\"\"}}', '2016-07-20 16:25:41', '2016-07-20 16:25:41', '198d001d-0ae1-4625-9ef1-f5ebe73d2b53'),
 ('215', '16', '3', '1', 'en_us', '8', '', '{\"typeId\":\"4\",\"authorId\":\"1\",\"title\":\"Dragons\",\"slug\":\"dragons\",\"postDate\":1458099960,\"expiryDate\":null,\"enabled\":1,\"parentId\":\"6\",\"fields\":{\"5\":{\"21\":{\"type\":\"secondaryHero\",\"enabled\":\"1\",\"fields\":{\"heading\":\"Dragons (4 \\u2013 6 YO)\",\"body\":\"<p>Specifically designed for children four to six years of age where they will begin to learn the fundamental life skills such as self-discipline, focus, self-control respect, patience and confidence. Dragons will also learn fine motor skills such as strength, balance, flexibility, and coordination.<\\/p>\",\"contactButton\":\"1\",\"backgroundColor\":\"#000000\",\"backgroundImage\":[\"130\"],\"mapTitle\":\"\",\"mapContent\":\"\",\"mapAddress\":\"\",\"flexibleArea\":\"\"}},\"22\":{\"type\":\"oneColumn\",\"enabled\":\"1\",\"fields\":{\"heading\":\"\",\"body\":\"<p>Our Dragons program has a fun and energetic class format helps the young students develop skills that set them up for success in life. The structure of the Freddie Poole Dragons program is a key principle of success of the student as it\\u2019s a preparatory training program for the Junior Martial Arts Program<\\/p>\",\"backgroundColor\":\"#000000\",\"backgroundImage\":[\"12\"]}}},\"22\":\"Dragons (4 \\u2013 6 YO)\",\"4\":\"Learning and practicing martial arts can build a child\\u2019s self-esteem and equip him or her with a sense of balance, timing, respect and discipline.  Enroll your child into our Kids Martial Arts Program (Ages 4-6) in Dallas.  Call us today to get your FREE class at 214.352.5425!\\t\\t\\t\\t\",\"3\":\"\"}}', '2016-07-25 05:45:06', '2016-07-25 05:45:06', '67bd8b10-fc13-4812-bd7f-1cdee143388b'),
 ('216', '16', '3', '1', 'en_us', '9', '', '{\"typeId\":\"4\",\"authorId\":\"1\",\"title\":\"Dragons\",\"slug\":\"dragons\",\"postDate\":1458099960,\"expiryDate\":null,\"enabled\":1,\"parentId\":\"6\",\"fields\":{\"5\":{\"21\":{\"type\":\"secondaryHero\",\"enabled\":\"1\",\"fields\":{\"heading\":\"Dragons (4 \\u2013 6 YO)\",\"body\":\"<p>Specifically designed for children four to six years of age where they will begin to learn the fundamental life skills such as self-discipline, focus, self-control respect, patience and confidence. Dragons will also learn fine motor skills such as strength, balance, flexibility, and coordination.<\\/p>\",\"contactButton\":\"1\",\"backgroundColor\":\"#000000\",\"backgroundImage\":[\"130\"],\"mapTitle\":\"\",\"mapContent\":\"\",\"mapAddress\":\"\",\"flexibleArea\":\"\"}},\"22\":{\"type\":\"oneColumn\",\"enabled\":\"1\",\"fields\":{\"heading\":\"\",\"body\":\"<p>Our Dragons program has a fun and energetic class format helps the young students develop skills that set them up for success in life. The structure of the Freddie Poole Dragons program is a key principle of success of the student as it\\u2019s a preparatory training program for the Junior Martial Arts Program<\\/p>\",\"backgroundColor\":\"#000000\",\"backgroundImage\":[\"12\"]}}},\"22\":\"Dragons (4 \\u2013 6 YO)\",\"4\":\"Learning and practicing martial arts can build a child\\u2019s self-esteem and equip him or her with a sense of balance, timing, respect and discipline.  Enroll your child into our Kids Martial Arts Program (Ages 4-6) in Dallas.  Call us today to get your FREE class at 214.352.5425!\\t\\t\\t\\t\",\"3\":\"\"}}', '2016-07-25 05:46:39', '2016-07-25 05:46:39', 'ba646226-e660-41dd-8dff-31c010727b62'),
 ('217', '16', '3', '1', 'en_us', '10', '', '{\"typeId\":\"4\",\"authorId\":\"1\",\"title\":\"Dragons\",\"slug\":\"dragons\",\"postDate\":1458099960,\"expiryDate\":null,\"enabled\":1,\"parentId\":\"6\",\"fields\":{\"5\":{\"21\":{\"type\":\"secondaryHero\",\"enabled\":\"1\",\"fields\":{\"heading\":\"Dragons (4 \\u2013 6 YO)\",\"body\":\"<p>Specifically designed for children four to six years of age where they will begin to learn the fundamental life skills such as self-discipline, focus, self-control respect, patience and confidence. Dragons will also learn fine motor skills such as strength, balance, flexibility, and coordination.<\\/p>\",\"contactButton\":\"1\",\"backgroundColor\":\"#000000\",\"backgroundImage\":[\"130\"],\"mapTitle\":\"\",\"mapContent\":\"\",\"mapAddress\":\"\",\"flexibleArea\":\"\"}},\"22\":{\"type\":\"oneColumn\",\"enabled\":\"1\",\"fields\":{\"heading\":\"\",\"body\":\"<p>Our Dragons program has a fun and energetic class format helps the young students develop skills that set them up for success in life. The structure of the Freddie Poole Dragons program is a key principle of success of the student as it\\u2019s a preparatory training program for the Junior Martial Arts Program<\\/p>\",\"backgroundColor\":\"#000000\",\"backgroundImage\":[\"12\"]}}},\"22\":\"Dragons (4 \\u2013 6 YO)\",\"4\":\"\",\"3\":\"\"}}', '2016-07-25 05:47:37', '2016-07-25 05:47:37', '007b4084-e95c-45f8-89a6-26feac6d0c1c'),
 ('218', '32', '3', '177', 'en_us', '11', '', '{\"typeId\":\"4\",\"authorId\":\"1\",\"title\":\"Contact Us\",\"slug\":\"contact-us\",\"postDate\":1458879660,\"expiryDate\":null,\"enabled\":1,\"parentId\":\"\",\"fields\":{\"5\":{\"59\":{\"type\":\"secondaryHero\",\"enabled\":\"1\",\"fields\":{\"heading\":\"Contact Us\",\"body\":\"<p>Come see for yourself why our martial&nbsp;arts system has been popular for so many years. Our black belt instructors are here to help you achieve all your marital art and fitness goals.&nbsp;<\\/p>\",\"contactButton\":\"\",\"backgroundColor\":\"#000000\",\"backgroundImage\":[\"37\"],\"mapTitle\":\"\",\"mapContent\":\"\",\"mapAddress\":\"\",\"flexibleArea\":\"\"}},\"60\":{\"type\":\"contact\",\"enabled\":\"1\",\"fields\":{\"heading\":\"Contact Us\",\"body\":\"\",\"backgroundColor\":\"#f5f5f5\"}}},\"22\":\"\",\"4\":\"\",\"3\":\"\"}}', '2016-07-26 15:52:18', '2016-07-26 15:52:18', '7eb00c36-75a2-47fa-9e3f-6491c7e8bc70'),
 ('219', '34', '3', '172', 'en_us', '15', '', '{\"typeId\":\"3\",\"authorId\":\"1\",\"title\":\"Freddie Poole Martial Arts\",\"slug\":\"dallas\",\"postDate\":1459032240,\"expiryDate\":null,\"enabled\":1,\"parentId\":\"7\",\"fields\":{\"5\":{\"35\":{\"type\":\"secondaryHero\",\"enabled\":\"1\",\"fields\":{\"heading\":\"Freddie Poole Martial Arts\",\"body\":\"<p>Freddie Poole Martial Arts is conveniently located in Highland Park, just minutes away from Highland Park High School and McCulloch Intermediate School.&nbsp; We offer classes six days a week and have something for everyone in the family, check out our current class schedule below.<\\/p>\",\"contactButton\":\"1\",\"backgroundColor\":\"#000000\",\"backgroundImage\":[\"39\"],\"mapTitle\":\"Freddie Poole\'s Martial Arts\",\"mapContent\":\"<p>5757 West Lovers Lane, Suite 217<br>Dallas,&nbsp;TX United States 75209<br><a href=\\\"tel:2143525425\\\">214.352.5425<\\/a><\\/p>\",\"mapAddress\":\"5757 W. Lovers Lane #217 Dallas, TX United States 75209\",\"flexibleArea\":\"<p>Check out&nbsp;our&nbsp;current schedule to keep&nbsp;up to date with our latest offerings!<\\/p>\"}},\"54\":{\"type\":\"events\",\"enabled\":\"1\",\"fields\":{\"heading\":\"FPMA \\u2013 Class Special Events\",\"body\":\"<p>Coming Soon! Please contact us for the most recent class schedule.&nbsp;<\\/p>\",\"location\":\"dallas\"}},\"new1\":{\"type\":\"classes\",\"enabled\":\"1\",\"fields\":{\"heading\":\"FPMA \\u2013 Class Schedule \",\"body\":\"\",\"location\":\"dallas\",\"schedule\":[{\"col1\":\"6:30 AM\",\"col2\":\"\",\"col3\":\"Muay Thai\",\"col4\":\"\",\"col5\":\"\",\"col6\":\"\",\"col7\":\"\"},{\"col1\":\"9:15 AM\",\"col2\":\"Ladies Kickboxing\",\"col3\":\"\",\"col4\":\"Ladies Kickboxing\",\"col5\":\"\",\"col6\":\"Ladies Kickboxing\",\"col7\":\"\"}]}}},\"4\":\"\",\"3\":\"\"}}', '2016-07-26 19:10:06', '2016-07-26 19:10:06', '47ed1352-3b9d-499f-b978-f7585f291fd5'),
 ('220', '32', '3', '177', 'en_us', '12', '', '{\"typeId\":\"4\",\"authorId\":\"1\",\"title\":\"Contact Us\",\"slug\":\"contact-us\",\"postDate\":1458879660,\"expiryDate\":null,\"enabled\":1,\"parentId\":\"\",\"fields\":{\"5\":{\"59\":{\"type\":\"secondaryHero\",\"enabled\":\"1\",\"fields\":{\"heading\":\"Contact Us\",\"body\":\"<p>Come see for yourself why our martial&nbsp;arts system has been popular for so many years. Our black belt instructors are here to help you achieve all your martial art and fitness goals.&nbsp;<\\/p>\",\"contactButton\":\"\",\"backgroundColor\":\"#000000\",\"backgroundImage\":[\"37\"],\"mapTitle\":\"\",\"mapContent\":\"\",\"mapAddress\":\"\",\"flexibleArea\":\"\"}},\"60\":{\"type\":\"contact\",\"enabled\":\"1\",\"fields\":{\"heading\":\"Contact Us\",\"body\":\"\",\"backgroundColor\":\"#f5f5f5\"}}},\"22\":\"\",\"4\":\"\",\"3\":\"\"}}', '2016-07-27 04:02:53', '2016-07-27 04:02:53', 'fffb5266-12c6-44ee-9044-44680288fa3a'),
 ('221', '34', '3', '172', 'en_us', '16', '', '{\"typeId\":\"3\",\"authorId\":\"1\",\"title\":\"Freddie Poole Martial Arts\",\"slug\":\"dallas\",\"postDate\":1459032240,\"expiryDate\":null,\"enabled\":1,\"parentId\":\"7\",\"fields\":{\"5\":{\"35\":{\"type\":\"secondaryHero\",\"enabled\":\"1\",\"fields\":{\"heading\":\"Freddie Poole Martial Arts\",\"body\":\"<p>Freddie Poole Martial Arts is conveniently located in Highland Park, just minutes away from Highland Park High School and McCulloch Intermediate School.&nbsp; We offer classes six days a week and have something for everyone in the family, check out our current class schedule below.<\\/p>\",\"contactButton\":\"1\",\"backgroundColor\":\"#000000\",\"backgroundImage\":[\"39\"],\"mapTitle\":\"Freddie Poole\'s Martial Arts\",\"mapContent\":\"<p>5757 West Lovers Lane, Suite 217<br>Dallas,&nbsp;TX United States 75209<br><a href=\\\"tel:2143525425\\\">214.352.5425<\\/a><\\/p>\",\"mapAddress\":\"5757 W. Lovers Lane #217 Dallas, TX United States 75209\",\"flexibleArea\":\"<p>Check out&nbsp;our&nbsp;current schedule to keep&nbsp;up to date with our latest offerings!<\\/p>\"}},\"54\":{\"type\":\"events\",\"enabled\":\"1\",\"fields\":{\"heading\":\"FPMA \\u2013 Class Special Events\",\"body\":\"<p>Coming Soon! Please contact us for the most recent class schedule.&nbsp;<\\/p>\",\"location\":\"dallas\"}},\"181\":{\"type\":\"classes\",\"enabled\":\"\",\"fields\":{\"heading\":\"FPMA \\u2013 Class Schedule \",\"body\":\"\",\"location\":\"dallas\",\"schedule\":[{\"col1\":\"6:30 AM\",\"col2\":\"\",\"col3\":\"Muay Thai\",\"col4\":\"\",\"col5\":\"\",\"col6\":\"\",\"col7\":\"\"},{\"col1\":\"9:15 AM\",\"col2\":\"Ladies Kickboxing\",\"col3\":\"\",\"col4\":\"Ladies Kickboxing\",\"col5\":\"\",\"col6\":\"Ladies Kickboxing\",\"col7\":\"\"}]}}},\"4\":\"\",\"3\":\"\"}}', '2016-07-28 14:55:02', '2016-07-28 14:55:02', 'c4955340-e337-4617-8dc1-f91425aa6599');



DROP TABLE IF EXISTS `craft_fieldgroups`;


--
-- Schema for table `craft_fieldgroups`
--
CREATE TABLE `craft_fieldgroups` (
  `id` int(11) NOT NULL AUTO_INCREMENT,
  `name` varchar(255) COLLATE utf8_unicode_ci NOT NULL,
  `dateCreated` datetime NOT NULL,
  `dateUpdated` datetime NOT NULL,
  `uid` char(36) COLLATE utf8_unicode_ci NOT NULL DEFAULT '0',
  PRIMARY KEY (`id`),
  UNIQUE KEY `craft_fieldgroups_name_unq_idx` (`name`)
) ENGINE=InnoDB AUTO_INCREMENT=10 DEFAULT CHARSET=utf8 COLLATE=utf8_unicode_ci;

--
-- Data for table `craft_fieldgroups`
--

INSERT INTO `craft_fieldgroups` (`id`, `name`, `dateCreated`, `dateUpdated`, `uid`) VALUES
 ('1', 'Default', '2016-03-12 17:48:26', '2016-03-12 17:48:26', 'e90c6858-3198-498b-92cf-723381d00a7a'),
 ('2', 'seo', '2016-03-12 18:39:12', '2016-03-12 18:39:12', '3b62ccf9-aa6e-4085-a07b-48230a2f312e'),
 ('5', 'Programs', '2016-03-16 03:28:25', '2016-03-16 03:28:25', '242a1714-79df-404b-8254-f9bf5ee3fa9c'),
 ('6', 'Site Info', '2016-03-17 02:24:45', '2016-03-17 02:24:45', '64f0de4d-925f-41ab-abd9-24f2914a1117'),
 ('7', 'Form', '2016-03-26 23:51:01', '2016-03-26 23:51:01', 'a33d6946-18de-4099-bbbe-b262dab61ebb'),
 ('8', 'Events', '2016-04-21 04:09:40', '2016-04-21 04:09:40', 'a82957ed-1faa-45ac-bda7-3c1755bf15fa'),
 ('9', 'Slides', '2016-07-11 20:26:52', '2016-07-12 01:32:48', 'eabc1a07-67cb-42b6-982b-c87dd98e689b');



DROP TABLE IF EXISTS `craft_fieldlayoutfields`;


--
-- Schema for table `craft_fieldlayoutfields`
--
CREATE TABLE `craft_fieldlayoutfields` (
  `id` int(11) NOT NULL AUTO_INCREMENT,
  `layoutId` int(11) NOT NULL,
  `tabId` int(11) NOT NULL,
  `fieldId` int(11) NOT NULL,
  `required` tinyint(1) unsigned NOT NULL DEFAULT '0',
  `sortOrder` smallint(6) unsigned DEFAULT NULL,
  `dateCreated` datetime NOT NULL,
  `dateUpdated` datetime NOT NULL,
  `uid` char(36) COLLATE utf8_unicode_ci NOT NULL DEFAULT '0',
  PRIMARY KEY (`id`),
  UNIQUE KEY `craft_fieldlayoutfields_layoutId_fieldId_unq_idx` (`layoutId`,`fieldId`),
  KEY `craft_fieldlayoutfields_sortOrder_idx` (`sortOrder`),
  KEY `craft_fieldlayoutfields_tabId_fk` (`tabId`),
  KEY `craft_fieldlayoutfields_fieldId_fk` (`fieldId`)
) ENGINE=InnoDB AUTO_INCREMENT=662 DEFAULT CHARSET=utf8 COLLATE=utf8_unicode_ci;

--
-- Data for table `craft_fieldlayoutfields`
--

INSERT INTO `craft_fieldlayoutfields` (`id`, `layoutId`, `tabId`, `fieldId`, `required`, `sortOrder`, `dateCreated`, `dateUpdated`, `uid`) VALUES
 ('2', '5', '2', '1', '1', '1', '2016-03-12 17:48:26', '2016-03-12 17:48:26', 'b90d4b5d-11be-438e-b0fd-a3545aebc0a6'),
 ('3', '5', '2', '2', '0', '2', '2016-03-12 17:48:26', '2016-03-12 17:48:26', 'fab07d60-a404-4dd5-989e-1ef64c735051'),
 ('5', '8', '4', '3', '0', '1', '2016-03-12 18:41:27', '2016-03-12 18:41:27', 'adeff19b-dbc9-4218-a984-f8348f920fb2'),
 ('6', '8', '4', '4', '0', '2', '2016-03-12 18:41:27', '2016-03-12 18:41:27', 'fa604aec-74e9-472b-a70d-f3338a18c590'),
 ('9', '11', '6', '5', '0', '1', '2016-03-12 19:00:02', '2016-03-12 19:00:02', 'd0bf43b3-6b0e-47be-9edc-3a05e80d5f0c'),
 ('29', '17', '11', '5', '0', '1', '2016-03-16 03:30:15', '2016-03-16 03:30:15', 'a847299c-3485-423e-bb7e-a9ecee25aa9d'),
 ('30', '17', '12', '4', '0', '1', '2016-03-16 03:30:15', '2016-03-16 03:30:15', '8295ba87-353e-4d7a-812a-b9749426087b'),
 ('31', '17', '12', '3', '0', '2', '2016-03-16 03:30:15', '2016-03-16 03:30:15', '828f5636-c1ce-402c-b984-5e973ac009fb'),
 ('32', '18', '13', '22', '0', '1', '2016-03-16 03:30:47', '2016-03-16 03:30:47', '6e776c58-300d-47ed-bd92-e2c98968a813'),
 ('33', '18', '13', '5', '0', '2', '2016-03-16 03:30:47', '2016-03-16 03:30:47', '9ccccb66-b781-4109-a7bf-3492c7db8ee4'),
 ('34', '18', '14', '4', '0', '1', '2016-03-16 03:30:47', '2016-03-16 03:30:47', '7b4561be-e037-4a20-bc82-beaa97173bc7'),
 ('35', '18', '14', '3', '0', '2', '2016-03-16 03:30:47', '2016-03-16 03:30:47', '7c4c6807-2aaf-4e05-8016-e28be80d1bcb'),
 ('434', '103', '95', '59', '0', '1', '2016-04-21 04:12:59', '2016-04-21 04:12:59', 'a07c1d65-62a0-4794-932f-dced2f381cb4'),
 ('435', '103', '95', '60', '0', '2', '2016-04-21 04:12:59', '2016-04-21 04:12:59', '8a6c695b-0513-4f9c-9c0b-b9ea196c0eef'),
 ('542', '128', '118', '67', '0', '1', '2016-07-12 01:33:22', '2016-07-12 01:33:22', '158713a2-ea04-4275-a882-0a1742fb4c0e'),
 ('543', '128', '118', '1', '0', '2', '2016-07-12 01:33:22', '2016-07-12 01:33:22', '8d4fc39f-4b20-46b9-811a-7f6c87783e1f'),
 ('601', '140', '130', '31', '0', '1', '2016-07-17 20:00:06', '2016-07-17 20:00:06', '6d46e4e1-acd0-4498-83b9-aeedde498b16'),
 ('602', '140', '130', '48', '0', '2', '2016-07-17 20:00:06', '2016-07-17 20:00:06', 'a5a454df-2257-47f2-b474-aa165a943373'),
 ('603', '140', '130', '49', '0', '3', '2016-07-17 20:00:06', '2016-07-17 20:00:06', 'af1c2de1-6ee5-4bb2-be70-66a01a396530'),
 ('604', '140', '130', '50', '0', '4', '2016-07-17 20:00:06', '2016-07-17 20:00:06', 'b54acc40-942b-4de4-bcf1-d181df8eaf76'),
 ('605', '140', '130', '69', '0', '5', '2016-07-17 20:00:06', '2016-07-17 20:00:06', '6fc13983-ce33-4eae-8467-ea8770aa933b'),
 ('606', '140', '130', '70', '0', '6', '2016-07-17 20:00:06', '2016-07-17 20:00:06', 'a344ce02-78f8-4650-a3f0-c09a68759f9f'),
 ('607', '141', '131', '46', '1', '1', '2016-07-17 20:25:09', '2016-07-17 20:25:09', 'ab7eadde-4071-4301-af04-3f4ced9444bc'),
 ('608', '141', '131', '63', '1', '2', '2016-07-17 20:25:09', '2016-07-17 20:25:09', '9892ddde-7baf-4391-9fb8-6414a4d894a5'),
 ('609', '141', '131', '64', '1', '3', '2016-07-17 20:25:09', '2016-07-17 20:25:09', 'f554195d-08fd-443c-9fa2-121757a8c482'),
 ('610', '141', '131', '66', '1', '4', '2016-07-17 20:25:09', '2016-07-17 20:25:09', '4a1fffd6-afa7-4e34-8fc1-bc6664cfdd39'),
 ('611', '141', '131', '47', '1', '5', '2016-07-17 20:25:09', '2016-07-17 20:25:09', '99082fe4-b147-4e67-a491-31b01f869331'),
 ('612', '141', '131', '65', '0', '6', '2016-07-17 20:25:09', '2016-07-17 20:25:09', '3139f9c8-f15f-4387-b44d-02eada11464b'),
 ('613', '142', '132', '10', '0', '1', '2016-07-26 18:59:51', '2016-07-26 18:59:51', '05aca71d-a38e-4292-8326-16df68baf278'),
 ('614', '142', '132', '11', '0', '2', '2016-07-26 18:59:51', '2016-07-26 18:59:51', '848c031b-0b8f-4fd8-bcec-0876b3563ce5'),
 ('615', '142', '132', '12', '0', '3', '2016-07-26 18:59:51', '2016-07-26 18:59:51', '4c1bdd14-df6b-40ed-a778-e01db95c0b54'),
 ('616', '142', '132', '13', '0', '4', '2016-07-26 18:59:51', '2016-07-26 18:59:51', 'c066f280-8a68-472d-94f9-ad72c38171a3'),
 ('617', '142', '132', '32', '0', '5', '2016-07-26 18:59:51', '2016-07-26 18:59:51', '0f71cf56-de6d-4036-8efc-3111f224e0dd'),
 ('618', '142', '132', '68', '0', '6', '2016-07-26 18:59:51', '2016-07-26 18:59:51', '5c52264c-9248-42d5-9c7f-66d50ebf2b22'),
 ('619', '143', '133', '33', '0', '1', '2016-07-26 18:59:51', '2016-07-26 18:59:51', '83bda92f-9d94-4d3d-9f06-4abb8ff63fa5'),
 ('620', '143', '133', '34', '0', '2', '2016-07-26 18:59:51', '2016-07-26 18:59:51', '509d30aa-ea15-4a9e-93f9-fe7b082ed060'),
 ('621', '143', '133', '35', '0', '3', '2016-07-26 18:59:51', '2016-07-26 18:59:51', 'b8c6fd27-4349-4014-8eed-98489dffd41a'),
 ('622', '143', '133', '36', '0', '4', '2016-07-26 18:59:51', '2016-07-26 18:59:51', '94a17912-d211-43b8-ae2a-241f0143a7b5'),
 ('623', '143', '133', '37', '0', '5', '2016-07-26 18:59:51', '2016-07-26 18:59:51', 'd265801c-647c-4636-ae00-4ae53379575a'),
 ('624', '143', '133', '39', '0', '6', '2016-07-26 18:59:51', '2016-07-26 18:59:51', '48b2fc76-bfca-4383-8a04-636808d5220f'),
 ('625', '143', '133', '45', '0', '7', '2016-07-26 18:59:51', '2016-07-26 18:59:51', '04e64f91-56f7-4b97-b61e-8a73d9b84bfb'),
 ('626', '143', '133', '38', '0', '8', '2016-07-26 18:59:51', '2016-07-26 18:59:51', 'cfcd09ee-d954-43fe-81ed-0a6940f2c3f4'),
 ('627', '143', '133', '40', '0', '9', '2016-07-26 18:59:51', '2016-07-26 18:59:51', '61e74087-4d03-469a-a6b9-86138b7672e1'),
 ('628', '144', '134', '6', '0', '1', '2016-07-26 18:59:51', '2016-07-26 18:59:51', '47ea8e1e-1df1-4301-93ee-833860880743'),
 ('629', '144', '134', '7', '0', '2', '2016-07-26 18:59:51', '2016-07-26 18:59:51', '98b0900d-d7ba-407e-ba14-f2a332fc5863'),
 ('630', '144', '134', '8', '0', '3', '2016-07-26 18:59:51', '2016-07-26 18:59:51', '33980975-e0c7-422a-ac19-c1ebecb05781'),
 ('631', '144', '134', '9', '0', '4', '2016-07-26 18:59:51', '2016-07-26 18:59:51', '80d16e33-1b1f-4477-81b2-746fd8b3311a'),
 ('632', '145', '135', '14', '0', '1', '2016-07-26 18:59:51', '2016-07-26 18:59:51', 'd88b2f77-9631-4f53-a3fb-0e916d19e154'),
 ('633', '145', '135', '15', '0', '2', '2016-07-26 18:59:51', '2016-07-26 18:59:51', 'b152b370-db40-44be-a3f5-302f28a5dc2f'),
 ('634', '145', '135', '16', '0', '3', '2016-07-26 18:59:51', '2016-07-26 18:59:51', 'a3988388-e650-43ff-bcc4-a23887d224d9'),
 ('635', '145', '135', '17', '0', '4', '2016-07-26 18:59:51', '2016-07-26 18:59:51', 'f55b7c8c-57e5-4726-884f-c9a9d3b02de8'),
 ('636', '145', '135', '18', '0', '5', '2016-07-26 18:59:51', '2016-07-26 18:59:51', '54d24f19-4ff0-455a-a90f-916aca4558bc'),
 ('637', '145', '135', '19', '0', '6', '2016-07-26 18:59:51', '2016-07-26 18:59:51', 'fb3d3063-a49d-48fc-9926-4b666de80d37'),
 ('638', '145', '135', '20', '0', '7', '2016-07-26 18:59:51', '2016-07-26 18:59:51', '206a6290-fa01-4456-a6ad-672d6dc6e9c4'),
 ('639', '145', '135', '61', '0', '8', '2016-07-26 18:59:51', '2016-07-26 18:59:51', '017644df-c8b1-481d-8aae-3cc3248b5780'),
 ('640', '146', '136', '26', '0', '1', '2016-07-26 18:59:51', '2016-07-26 18:59:51', '09f6bd51-0b5c-4e7c-891a-862ebcdd9a80'),
 ('641', '146', '136', '27', '0', '2', '2016-07-26 18:59:51', '2016-07-26 18:59:51', '7b9f9c58-e705-445b-89b9-2b3997f8486f'),
 ('642', '146', '136', '28', '0', '3', '2016-07-26 18:59:51', '2016-07-26 18:59:51', '5ad33568-b11d-4525-ada6-7a9c8767ed35'),
 ('643', '146', '136', '29', '0', '4', '2016-07-26 18:59:51', '2016-07-26 18:59:51', '298dce28-efa5-42bc-8033-932d7774f7cf'),
 ('644', '146', '136', '30', '0', '5', '2016-07-26 18:59:51', '2016-07-26 18:59:51', '75f5b13a-2a98-4b5e-8e22-3ae93c5c6222'),
 ('645', '147', '137', '51', '0', '1', '2016-07-26 18:59:51', '2016-07-26 18:59:51', 'e389a703-e269-43d2-b9e7-57461ea228ac'),
 ('646', '147', '137', '52', '0', '2', '2016-07-26 18:59:51', '2016-07-26 18:59:51', '2082d8b6-e969-485f-8ee3-26f58ee89c93'),
 ('647', '147', '137', '62', '0', '3', '2016-07-26 18:59:51', '2016-07-26 18:59:51', 'fa2db3f7-a3c0-4138-af19-eb018f391b7d'),
 ('648', '148', '138', '41', '0', '1', '2016-07-26 18:59:51', '2016-07-26 18:59:51', '2885993c-a451-4bef-bd99-25d7b7052153'),
 ('649', '148', '138', '42', '0', '2', '2016-07-26 18:59:51', '2016-07-26 18:59:51', '56faa398-8b75-4a25-893f-6261e5393f00'),
 ('650', '148', '138', '43', '0', '3', '2016-07-26 18:59:51', '2016-07-26 18:59:51', '2adde21d-700b-48c1-9aae-21814dc7efab'),
 ('651', '148', '138', '44', '0', '4', '2016-07-26 18:59:51', '2016-07-26 18:59:51', 'd8c4d4ad-4978-44a6-bea8-182a9075c205'),
 ('652', '149', '139', '53', '0', '1', '2016-07-26 18:59:51', '2016-07-26 18:59:51', '570c8b07-966d-4ce6-b4b9-ccd3453e58ef'),
 ('653', '149', '139', '54', '0', '2', '2016-07-26 18:59:51', '2016-07-26 18:59:51', 'a0d2db34-0546-4876-b913-8a0cf5c985e2'),
 ('654', '149', '139', '55', '0', '3', '2016-07-26 18:59:51', '2016-07-26 18:59:51', '3a8531aa-2b4e-456f-ac59-7cec92a29ba5'),
 ('655', '150', '140', '56', '0', '1', '2016-07-26 18:59:51', '2016-07-26 18:59:51', 'a94903f0-1791-4767-aaaa-e3a9680e8365'),
 ('656', '150', '140', '57', '0', '2', '2016-07-26 18:59:51', '2016-07-26 18:59:51', '50279c86-2ff2-4ea0-8350-45131242eabe'),
 ('657', '150', '140', '58', '0', '3', '2016-07-26 18:59:51', '2016-07-26 18:59:51', 'e3f66270-e42f-4e41-955d-8afe578468fd'),
 ('658', '151', '141', '71', '0', '1', '2016-07-26 18:59:51', '2016-07-26 18:59:51', 'f45fe005-e064-4e80-b8c1-fa29790f444c'),
 ('659', '151', '141', '72', '0', '2', '2016-07-26 18:59:51', '2016-07-26 18:59:51', '2c50cf95-2584-434e-bab8-8db160f4af7d'),
 ('660', '151', '141', '73', '0', '3', '2016-07-26 18:59:51', '2016-07-26 18:59:51', 'fc4e89f8-672e-441a-b05d-2a1ed484fe82'),
 ('661', '151', '141', '74', '0', '4', '2016-07-26 18:59:51', '2016-07-26 18:59:51', '3888efb5-b5f8-4ebe-91c9-719408b5ba96');



DROP TABLE IF EXISTS `craft_fieldlayouts`;


--
-- Schema for table `craft_fieldlayouts`
--
CREATE TABLE `craft_fieldlayouts` (
  `id` int(11) NOT NULL AUTO_INCREMENT,
  `type` varchar(150) COLLATE utf8_unicode_ci NOT NULL,
  `dateCreated` datetime NOT NULL,
  `dateUpdated` datetime NOT NULL,
  `uid` char(36) COLLATE utf8_unicode_ci NOT NULL DEFAULT '0',
  PRIMARY KEY (`id`),
  KEY `craft_fieldlayouts_type_idx` (`type`)
) ENGINE=InnoDB AUTO_INCREMENT=152 DEFAULT CHARSET=utf8 COLLATE=utf8_unicode_ci;

--
-- Data for table `craft_fieldlayouts`
--

INSERT INTO `craft_fieldlayouts` (`id`, `type`, `dateCreated`, `dateUpdated`, `uid`) VALUES
 ('1', 'Tag', '2016-03-12 17:48:26', '2016-03-12 17:48:26', '39ecdb8f-690a-4a80-bb51-044b7406d8a7'),
 ('5', 'Entry', '2016-03-12 17:48:26', '2016-03-12 17:48:26', 'c2251bf2-687a-4055-8962-4c73daa84979'),
 ('8', 'GlobalSet', '2016-03-12 18:41:27', '2016-03-12 18:41:27', '4587b21f-67ee-4fc1-a4b9-71d254218e3f'),
 ('11', 'Entry', '2016-03-12 19:00:02', '2016-03-12 19:00:02', '0c2093fc-81d8-47ff-8526-0a8a43c263d6'),
 ('17', 'Entry', '2016-03-16 03:30:15', '2016-03-16 03:30:15', 'b6c63324-de0a-425e-b3cc-2ada712c7bf8'),
 ('18', 'Entry', '2016-03-16 03:30:47', '2016-03-16 03:30:47', 'e00d1c48-082a-4cc8-84b1-12245db6132e'),
 ('70', 'Asset', '2016-03-25 02:38:02', '2016-03-25 02:38:02', '14a172e0-a714-415e-9056-6e54d5ecff39'),
 ('103', 'Entry', '2016-04-21 04:12:59', '2016-04-21 04:12:59', '096b0c40-55e6-4547-b7cd-f536300d79c7'),
 ('115', 'Asset', '2016-05-04 14:35:48', '2016-05-04 14:35:48', 'c093a97c-af22-488b-8d9a-7701ba64b1d3'),
 ('128', 'Entry', '2016-07-12 01:33:22', '2016-07-12 01:33:22', 'baeb0555-8563-46d4-829f-bc3a0766c646'),
 ('140', 'GlobalSet', '2016-07-17 20:00:06', '2016-07-17 20:00:06', '94885ec8-830d-46f6-b3da-34f25e8e6a49'),
 ('141', 'Asset', '2016-07-17 20:25:09', '2016-07-17 20:25:09', '06545b4b-32c2-4c7f-b13a-323ade785a95'),
 ('142', 'MatrixBlock', '2016-07-26 18:59:51', '2016-07-26 18:59:51', '30e0c799-e4a7-49cb-9882-89c9464808f9'),
 ('143', 'MatrixBlock', '2016-07-26 18:59:51', '2016-07-26 18:59:51', '87cb5106-39e8-4add-b56f-c3fdbce9a4df'),
 ('144', 'MatrixBlock', '2016-07-26 18:59:51', '2016-07-26 18:59:51', '56a93a73-ac41-461c-9dd8-ee15662375f4'),
 ('145', 'MatrixBlock', '2016-07-26 18:59:51', '2016-07-26 18:59:51', '06fb1b66-23fc-4910-86c7-1bd1a60baab5'),
 ('146', 'MatrixBlock', '2016-07-26 18:59:51', '2016-07-26 18:59:51', '993af983-81f0-4440-9dff-c1887f15d375'),
 ('147', 'MatrixBlock', '2016-07-26 18:59:51', '2016-07-26 18:59:51', '61391410-61dd-4c41-bc30-01bfa916c720'),
 ('148', 'MatrixBlock', '2016-07-26 18:59:51', '2016-07-26 18:59:51', 'db2da1b9-bcab-429c-af60-90f247b52b3b'),
 ('149', 'MatrixBlock', '2016-07-26 18:59:51', '2016-07-26 18:59:51', '26fe1aff-0d98-4e98-a458-d341cacdba45'),
 ('150', 'MatrixBlock', '2016-07-26 18:59:51', '2016-07-26 18:59:51', '74fcd236-21bf-4815-8a36-a9c36ed8832b'),
 ('151', 'MatrixBlock', '2016-07-26 18:59:51', '2016-07-26 18:59:51', '2008f4a9-c98a-408c-a61d-69d04f30f678');



DROP TABLE IF EXISTS `craft_fieldlayouttabs`;


--
-- Schema for table `craft_fieldlayouttabs`
--
CREATE TABLE `craft_fieldlayouttabs` (
  `id` int(11) NOT NULL AUTO_INCREMENT,
  `layoutId` int(11) NOT NULL,
  `name` varchar(255) COLLATE utf8_unicode_ci NOT NULL,
  `sortOrder` smallint(6) unsigned DEFAULT NULL,
  `dateCreated` datetime NOT NULL,
  `dateUpdated` datetime NOT NULL,
  `uid` char(36) COLLATE utf8_unicode_ci NOT NULL DEFAULT '0',
  PRIMARY KEY (`id`),
  KEY `craft_fieldlayouttabs_sortOrder_idx` (`sortOrder`),
  KEY `craft_fieldlayouttabs_layoutId_fk` (`layoutId`)
) ENGINE=InnoDB AUTO_INCREMENT=142 DEFAULT CHARSET=utf8 COLLATE=utf8_unicode_ci;

--
-- Data for table `craft_fieldlayouttabs`
--

INSERT INTO `craft_fieldlayouttabs` (`id`, `layoutId`, `name`, `sortOrder`, `dateCreated`, `dateUpdated`, `uid`) VALUES
 ('2', '5', 'Content', '1', '2016-03-12 17:48:26', '2016-03-12 17:48:26', '740375d5-82ff-47d3-9b6e-ff5dc0e7d4f4'),
 ('4', '8', 'Content', '1', '2016-03-12 18:41:27', '2016-03-12 18:41:27', 'f7c37392-3ce2-4502-9fd3-2f86416a3eeb'),
 ('6', '11', 'Content', '1', '2016-03-12 19:00:02', '2016-03-12 19:00:02', 'e57b3294-c116-4034-b0a2-16fac82e5293'),
 ('11', '17', 'Tab 1', '1', '2016-03-16 03:30:15', '2016-03-16 03:30:15', '56f950a8-b39e-42d6-9fd4-a1583264fe90'),
 ('12', '17', 'seo', '2', '2016-03-16 03:30:15', '2016-03-16 03:30:15', 'e8ab504a-e111-479e-aa4e-9286f4bb17ed'),
 ('13', '18', 'Tab 1', '1', '2016-03-16 03:30:47', '2016-03-16 03:30:47', 'f888960e-c165-48d2-9d60-adb112725175'),
 ('14', '18', 'seo', '2', '2016-03-16 03:30:47', '2016-03-16 03:30:47', 'c26ef7b4-b237-4fb4-8f4b-403e0c765d9a'),
 ('95', '103', 'Events', '1', '2016-04-21 04:12:59', '2016-04-21 04:12:59', '3636249a-6379-4882-ae29-84a90847fc29'),
 ('118', '128', 'Tab 1', '1', '2016-07-12 01:33:22', '2016-07-12 01:33:22', 'fc1db034-7224-4885-b463-30b75cc2694a'),
 ('130', '140', 'Content', '1', '2016-07-17 20:00:06', '2016-07-17 20:00:06', '62c22f41-1f32-4421-a910-3a251aba586f'),
 ('131', '141', 'Form', '1', '2016-07-17 20:25:09', '2016-07-17 20:25:09', 'af886b33-0fea-4edd-bdfe-71754f0ad441'),
 ('132', '142', 'Content', '1', '2016-07-26 18:59:51', '2016-07-26 18:59:51', 'fc673207-b38c-437a-98fb-231568b36022'),
 ('133', '143', 'Content', '1', '2016-07-26 18:59:51', '2016-07-26 18:59:51', '4f82670a-a130-4e89-9e14-32dd5129cd94'),
 ('134', '144', 'Content', '1', '2016-07-26 18:59:51', '2016-07-26 18:59:51', 'b92339d6-cd93-4d8a-8ede-ce8f5728a085'),
 ('135', '145', 'Content', '1', '2016-07-26 18:59:51', '2016-07-26 18:59:51', '6816aa69-14b5-4557-9eaa-90c6a67eb431'),
 ('136', '146', 'Content', '1', '2016-07-26 18:59:51', '2016-07-26 18:59:51', 'd8d13682-0b7e-45ba-b03f-ceef42b188fe'),
 ('137', '147', 'Content', '1', '2016-07-26 18:59:51', '2016-07-26 18:59:51', '3f8b06d3-9dce-44a3-8a1b-7246b1c1f407'),
 ('138', '148', 'Content', '1', '2016-07-26 18:59:51', '2016-07-26 18:59:51', '8f2d27aa-4f2b-4a19-88ae-bc4f024173d3'),
 ('139', '149', 'Content', '1', '2016-07-26 18:59:51', '2016-07-26 18:59:51', 'c6ddca5d-3aeb-4810-901f-b184a17fded8'),
 ('140', '150', 'Content', '1', '2016-07-26 18:59:51', '2016-07-26 18:59:51', '986c55b0-cd6d-4f83-b805-9834c35582bc'),
 ('141', '151', 'Content', '1', '2016-07-26 18:59:51', '2016-07-26 18:59:51', 'f9828991-16bf-4155-9a74-aa1ed09f1088');



DROP TABLE IF EXISTS `craft_fields`;


--
-- Schema for table `craft_fields`
--
CREATE TABLE `craft_fields` (
  `id` int(11) NOT NULL AUTO_INCREMENT,
  `groupId` int(11) DEFAULT NULL,
  `name` varchar(255) COLLATE utf8_unicode_ci NOT NULL,
  `handle` varchar(58) COLLATE utf8_unicode_ci NOT NULL,
  `context` varchar(255) COLLATE utf8_unicode_ci NOT NULL DEFAULT 'global',
  `instructions` text COLLATE utf8_unicode_ci,
  `translatable` tinyint(1) unsigned NOT NULL DEFAULT '0',
  `type` varchar(150) COLLATE utf8_unicode_ci NOT NULL,
  `settings` text COLLATE utf8_unicode_ci,
  `dateCreated` datetime NOT NULL,
  `dateUpdated` datetime NOT NULL,
  `uid` char(36) COLLATE utf8_unicode_ci NOT NULL DEFAULT '0',
  PRIMARY KEY (`id`),
  UNIQUE KEY `craft_fields_handle_context_unq_idx` (`handle`,`context`),
  KEY `craft_fields_context_idx` (`context`),
  KEY `craft_fields_groupId_fk` (`groupId`)
) ENGINE=InnoDB AUTO_INCREMENT=75 DEFAULT CHARSET=utf8 COLLATE=utf8_unicode_ci;

--
-- Data for table `craft_fields`
--

INSERT INTO `craft_fields` (`id`, `groupId`, `name`, `handle`, `context`, `instructions`, `translatable`, `type`, `settings`, `dateCreated`, `dateUpdated`, `uid`) VALUES
 ('1', '1', 'Body', 'body', 'global', NULL, '1', 'RichText', '{\"configFile\":\"Standard.json\",\"columnType\":\"text\"}', '2016-03-12 17:48:26', '2016-03-12 17:48:26', 'feb1d338-18b4-4bd1-8759-f262e3467717'),
 ('2', '1', 'Tags', 'tags', 'global', NULL, '0', 'Tags', '{\"source\":\"taggroup:1\"}', '2016-03-12 17:48:26', '2016-03-12 17:48:26', 'f6aa0b30-8476-481c-bf32-bbebcc5f2cb7'),
 ('3', '2', 'Meta Title', 'metaTitle', 'global', '', '0', 'PlainText', '{\"placeholder\":\"\",\"maxLength\":\"\",\"multiline\":\"\",\"initialRows\":\"4\"}', '2016-03-12 18:40:07', '2016-03-12 18:40:07', '163bc1b5-c144-4694-88a7-9bcb5303c848'),
 ('4', '2', 'Meta Description', 'metaDescription', 'global', '', '0', 'PlainText', '{\"placeholder\":\"\",\"maxLength\":\"\",\"multiline\":\"\",\"initialRows\":\"4\"}', '2016-03-12 18:41:09', '2016-03-12 18:41:09', '5a83276a-0714-4c4c-9144-27ac7ef8fb33'),
 ('5', '1', 'Blocks', 'blocks', 'global', '', '0', 'Matrix', '{\"maxBlocks\":null}', '2016-03-12 18:58:50', '2016-07-26 18:59:50', '803930e7-7e46-46dd-aaa3-33ac49e7b20f'),
 ('6', NULL, 'Heading', 'heading', 'matrixBlockType:1', '', '0', 'PlainText', '{\"placeholder\":\"\",\"maxLength\":\"\",\"multiline\":\"\",\"initialRows\":\"4\"}', '2016-03-12 18:58:50', '2016-07-26 18:59:51', 'efeeb880-e6df-475a-b24b-a47ed4e7430f'),
 ('7', NULL, 'Body', 'body', 'matrixBlockType:1', '', '0', 'RichText', '{\"configFile\":\"\",\"availableAssetSources\":\"*\",\"availableTransforms\":\"*\",\"cleanupHtml\":\"1\",\"purifyHtml\":\"\",\"columnType\":\"text\"}', '2016-03-12 18:58:50', '2016-07-26 18:59:51', '0947374f-4f26-45eb-80e7-dcf211d818ff'),
 ('8', NULL, 'Background Color', 'backgroundColor', 'matrixBlockType:1', '', '0', 'Color', NULL, '2016-03-16 01:45:17', '2016-07-26 18:59:51', 'ed0823ec-3848-4639-8981-3c982e364139'),
 ('9', NULL, 'Background Image', 'backgroundImage', 'matrixBlockType:1', '', '0', 'Assets', '{\"useSingleFolder\":\"\",\"sources\":[\"folder:1\"],\"defaultUploadLocationSource\":\"1\",\"defaultUploadLocationSubpath\":\"\",\"singleUploadLocationSource\":\"1\",\"singleUploadLocationSubpath\":\"\",\"restrictFiles\":\"\",\"limit\":\"\",\"viewMode\":\"list\",\"selectionLabel\":\"\"}', '2016-03-16 01:45:17', '2016-07-26 18:59:51', 'fc86e18e-94dc-4959-9fa6-cb2848733cd6'),
 ('10', NULL, 'Heading', 'heading', 'matrixBlockType:2', '', '0', 'PlainText', '{\"placeholder\":\"\",\"maxLength\":\"\",\"multiline\":\"\",\"initialRows\":\"4\"}', '2016-03-16 02:43:10', '2016-07-26 18:59:51', '3a58b2f0-a968-4163-a4dc-a0f02f799f18'),
 ('11', NULL, 'Body', 'body', 'matrixBlockType:2', '', '0', 'RichText', '{\"configFile\":\"\",\"availableAssetSources\":\"*\",\"availableTransforms\":\"*\",\"cleanupHtml\":\"1\",\"purifyHtml\":\"\",\"columnType\":\"text\"}', '2016-03-16 02:43:10', '2016-07-26 18:59:51', '1318b8a4-7f88-4da0-9d21-84993f7b9b47'),
 ('12', NULL, 'Background Color', 'backgroundColor', 'matrixBlockType:2', '', '0', 'Color', NULL, '2016-03-16 02:43:10', '2016-07-26 18:59:51', '0e7314fe-9e6b-438e-8819-9e626ca6c46e'),
 ('13', NULL, 'Background Image', 'backgroundImage', 'matrixBlockType:2', '', '0', 'Assets', '{\"useSingleFolder\":\"\",\"sources\":[\"folder:1\"],\"defaultUploadLocationSource\":\"1\",\"defaultUploadLocationSubpath\":\"\",\"singleUploadLocationSource\":\"1\",\"singleUploadLocationSubpath\":\"\",\"restrictFiles\":\"\",\"limit\":\"\",\"viewMode\":\"list\",\"selectionLabel\":\"\"}', '2016-03-16 02:43:10', '2016-07-26 18:59:51', '7d79a5bb-1c13-4dd2-9ba7-ad767f37246f'),
 ('14', NULL, 'Heading', 'heading', 'matrixBlockType:3', '', '0', 'PlainText', '{\"placeholder\":\"\",\"maxLength\":\"\",\"multiline\":\"\",\"initialRows\":\"4\"}', '2016-03-16 02:43:10', '2016-07-26 18:59:51', '7afbe2f4-9a6b-4808-b1ca-90e794ea99e8'),
 ('15', NULL, 'Body Left', 'bodyLeft', 'matrixBlockType:3', '', '0', 'RichText', '{\"configFile\":\"\",\"availableAssetSources\":\"*\",\"availableTransforms\":\"*\",\"cleanupHtml\":\"1\",\"purifyHtml\":\"\",\"columnType\":\"text\"}', '2016-03-16 02:43:10', '2016-07-26 18:59:51', 'd76c76f4-2c8f-4070-876e-e9a93464991a'),
 ('16', NULL, 'Body Right', 'bodyRight', 'matrixBlockType:3', '', '0', 'RichText', '{\"configFile\":\"\",\"availableAssetSources\":\"*\",\"availableTransforms\":\"*\",\"cleanupHtml\":\"1\",\"purifyHtml\":\"\",\"columnType\":\"text\"}', '2016-03-16 02:43:10', '2016-07-26 18:59:51', '6d0d7c41-cde8-4404-932f-38891ca16ad2'),
 ('17', NULL, 'Columns Left', 'columnsLeft', 'matrixBlockType:3', '', '0', 'RadioButtons', '{\"options\":[{\"label\":\"col-2-of-5\",\"value\":\"col-2-of-5\",\"default\":\"\"},{\"label\":\"col-1-of-2\",\"value\":\"col-1-of-2\",\"default\":\"1\"},{\"label\":\"col-3-of-5\",\"value\":\"col-3-of-5\",\"default\":\"\"}]}', '2016-03-16 02:43:10', '2016-07-26 18:59:51', 'ad44ec77-bc3d-43b7-bb67-c95025c7e872'),
 ('18', NULL, 'Columns Right', 'columnsRight', 'matrixBlockType:3', '', '0', 'RadioButtons', '{\"options\":[{\"label\":\"col-2-of-5\",\"value\":\"col-2-of-5\",\"default\":\"\"},{\"label\":\"col-1-of-2\",\"value\":\"col-1-of-2\",\"default\":\"\"},{\"label\":\"col-3-of-5\",\"value\":\"col-3-of-5\",\"default\":\"\"}]}', '2016-03-16 02:43:10', '2016-07-26 18:59:51', '994f8c86-d14d-4c66-b20a-67c2cb298bca'),
 ('19', NULL, 'Background Color', 'backgroundColor', 'matrixBlockType:3', '', '0', 'Color', NULL, '2016-03-16 02:43:10', '2016-07-26 18:59:51', 'fe838d18-6f6b-4359-a72d-3793d808fa38'),
 ('20', NULL, 'Background Image', 'backgroundImage', 'matrixBlockType:3', '', '0', 'Assets', '{\"useSingleFolder\":\"\",\"sources\":[\"folder:1\"],\"defaultUploadLocationSource\":\"1\",\"defaultUploadLocationSubpath\":\"\",\"singleUploadLocationSource\":\"1\",\"singleUploadLocationSubpath\":\"\",\"restrictFiles\":\"\",\"limit\":\"\",\"viewMode\":\"list\",\"selectionLabel\":\"\"}', '2016-03-16 02:43:10', '2016-07-26 18:59:51', 'c4e9151f-b418-4a72-b6e6-507ad7c38130'),
 ('22', '5', 'Link Header', 'linkHeader', 'global', '', '0', 'PlainText', '{\"placeholder\":\"\",\"maxLength\":\"\",\"multiline\":\"\",\"initialRows\":\"4\"}', '2016-03-16 03:28:50', '2016-03-16 03:28:50', '3a73859f-f478-428f-a2f7-6721ccc6ce35'),
 ('26', NULL, 'Heading', 'heading', 'matrixBlockType:5', '', '0', 'PlainText', '{\"placeholder\":\"\",\"maxLength\":\"\",\"multiline\":\"\",\"initialRows\":\"4\"}', '2016-03-16 03:39:06', '2016-07-26 18:59:51', 'ee07815a-39d4-45c8-ae76-c78f093ec64b'),
 ('27', NULL, 'Body', 'body', 'matrixBlockType:5', '', '0', 'RichText', '{\"configFile\":\"\",\"availableAssetSources\":\"*\",\"availableTransforms\":\"*\",\"cleanupHtml\":\"1\",\"purifyHtml\":\"\",\"columnType\":\"text\"}', '2016-03-16 03:39:06', '2016-07-26 18:59:51', '27ac20b9-fa8c-4be3-8e1c-77678d97d1d5'),
 ('28', NULL, 'Programs', 'programs', 'matrixBlockType:5', '', '0', 'Entries', '{\"sources\":[\"section:3\"],\"limit\":\"\",\"selectionLabel\":\"\"}', '2016-03-16 03:39:06', '2016-07-26 18:59:51', 'a5763836-c947-4627-b3b4-01c2eb72772d'),
 ('29', NULL, 'Background Color', 'backgroundColor', 'matrixBlockType:5', '', '0', 'Color', NULL, '2016-03-16 04:22:10', '2016-07-26 18:59:51', '27e5d3ce-ca6e-4ac1-873c-b3c327b68014'),
 ('30', NULL, 'Background Image', 'backgroundImage', 'matrixBlockType:5', '', '0', 'Assets', '{\"useSingleFolder\":\"\",\"sources\":[\"folder:1\"],\"defaultUploadLocationSource\":\"1\",\"defaultUploadLocationSubpath\":\"\",\"singleUploadLocationSource\":\"1\",\"singleUploadLocationSubpath\":\"\",\"restrictFiles\":\"\",\"limit\":\"\",\"viewMode\":\"list\",\"selectionLabel\":\"\"}', '2016-03-16 04:22:10', '2016-07-26 18:59:51', 'a6d5ebf4-b58c-45fa-bfdd-4bf57fa24118'),
 ('31', '6', 'Logo', 'logo', 'global', '', '0', 'Assets', '{\"useSingleFolder\":\"\",\"sources\":[\"folder:1\"],\"defaultUploadLocationSource\":\"1\",\"defaultUploadLocationSubpath\":\"\",\"singleUploadLocationSource\":\"1\",\"singleUploadLocationSubpath\":\"\",\"restrictFiles\":\"\",\"limit\":\"\",\"viewMode\":\"list\",\"selectionLabel\":\"\"}', '2016-03-17 02:25:00', '2016-03-17 02:25:00', '37841c2f-185d-4775-b921-76f2d7a3f3e0'),
 ('32', NULL, 'Contact Button', 'contactButton', 'matrixBlockType:2', '', '0', 'Lightswitch', '{\"default\":\"1\"}', '2016-03-24 02:02:42', '2016-07-26 18:59:51', '688ccea0-d7a5-4d4c-88b4-ed651d355813'),
 ('33', NULL, 'Heading', 'heading', 'matrixBlockType:6', '', '0', 'PlainText', '{\"placeholder\":\"\",\"maxLength\":\"\",\"multiline\":\"\",\"initialRows\":\"4\"}', '2016-03-24 02:02:42', '2016-07-26 18:59:51', '61c5e027-72f5-4883-a198-490bc1d8985f'),
 ('34', NULL, 'Body', 'body', 'matrixBlockType:6', '', '0', 'RichText', '{\"configFile\":\"\",\"availableAssetSources\":\"*\",\"availableTransforms\":\"*\",\"cleanupHtml\":\"1\",\"purifyHtml\":\"\",\"columnType\":\"text\"}', '2016-03-24 02:02:42', '2016-07-26 18:59:51', '78b2d422-b760-4409-9ba2-cef48200b472'),
 ('35', NULL, 'Contact Button', 'contactButton', 'matrixBlockType:6', '', '0', 'Lightswitch', '{\"default\":\"1\"}', '2016-03-24 02:02:42', '2016-07-26 18:59:51', '85f220c0-8c15-4685-8d3c-6b3cc64dfcdc'),
 ('36', NULL, 'Background Color', 'backgroundColor', 'matrixBlockType:6', '', '0', 'Color', NULL, '2016-03-24 02:05:30', '2016-07-26 18:59:51', '93c35168-02d1-4234-9465-9fda9ff57152'),
 ('37', NULL, 'Background Image', 'backgroundImage', 'matrixBlockType:6', '', '0', 'Assets', '{\"useSingleFolder\":\"\",\"sources\":[\"folder:1\"],\"defaultUploadLocationSource\":\"1\",\"defaultUploadLocationSubpath\":\"\",\"singleUploadLocationSource\":\"1\",\"singleUploadLocationSubpath\":\"\",\"restrictFiles\":\"\",\"limit\":\"\",\"viewMode\":\"list\",\"selectionLabel\":\"\"}', '2016-03-24 02:05:30', '2016-07-26 18:59:51', '619e3544-7525-4ebd-bea1-8189a37c40c2'),
 ('38', NULL, 'Map Address', 'mapAddress', 'matrixBlockType:6', 'Only for location pages', '0', 'PlainText', '{\"placeholder\":\"\",\"maxLength\":\"\",\"multiline\":\"\",\"initialRows\":\"4\"}', '2016-03-24 04:19:18', '2016-07-26 18:59:51', 'c04adf59-7859-455c-865b-68082a136d4b'),
 ('39', NULL, 'Map Title', 'mapTitle', 'matrixBlockType:6', 'Only for location pages', '0', 'PlainText', '{\"placeholder\":\"\",\"maxLength\":\"\",\"multiline\":\"\",\"initialRows\":\"4\"}', '2016-03-25 01:18:17', '2016-07-26 18:59:51', '270cb2e1-d272-4b25-95db-81e660b98b30'),
 ('40', NULL, 'Flexible Area', 'flexibleArea', 'matrixBlockType:6', '', '0', 'RichText', '{\"configFile\":\"\",\"availableAssetSources\":\"*\",\"availableTransforms\":\"*\",\"cleanupHtml\":\"1\",\"purifyHtml\":\"\",\"columnType\":\"text\"}', '2016-03-25 01:18:17', '2016-07-26 18:59:51', '1e649027-3827-4c5c-a857-86ebc982b28c'),
 ('41', NULL, 'Image', 'image', 'matrixBlockType:7', '', '0', 'Assets', '{\"useSingleFolder\":\"\",\"sources\":[\"folder:2\"],\"defaultUploadLocationSource\":\"1\",\"defaultUploadLocationSubpath\":\"\",\"singleUploadLocationSource\":\"1\",\"singleUploadLocationSubpath\":\"\",\"restrictFiles\":\"\",\"limit\":\"\",\"viewMode\":\"list\",\"selectionLabel\":\"\"}', '2016-03-25 02:37:01', '2016-07-26 18:59:51', '2179b8b2-b8f4-4fdc-a463-bfb2a1aac6d9'),
 ('42', NULL, 'Staff Name', 'staffName', 'matrixBlockType:7', '', '0', 'PlainText', '{\"placeholder\":\"\",\"maxLength\":\"\",\"multiline\":\"\",\"initialRows\":\"4\"}', '2016-03-25 02:37:01', '2016-07-26 18:59:51', '8c56d5a0-07eb-413a-ac14-f08a3d1e97ca'),
 ('43', NULL, 'Staff Title', 'staffTitle', 'matrixBlockType:7', '', '0', 'PlainText', '{\"placeholder\":\"\",\"maxLength\":\"\",\"multiline\":\"\",\"initialRows\":\"4\"}', '2016-03-25 02:37:01', '2016-07-26 18:59:51', '5279b3d5-5bb6-4bab-bd30-7d07319805a5'),
 ('44', NULL, 'Body', 'body', 'matrixBlockType:7', '', '0', 'RichText', '{\"configFile\":\"\",\"availableAssetSources\":\"*\",\"availableTransforms\":\"*\",\"cleanupHtml\":\"1\",\"purifyHtml\":\"\",\"columnType\":\"text\"}', '2016-03-25 02:37:01', '2016-07-26 18:59:51', '1b5d438e-3cf2-4a9c-a716-d675323dda6b'),
 ('45', NULL, 'Map Content', 'mapContent', 'matrixBlockType:6', 'Only for location pages', '0', 'RichText', '{\"configFile\":\"\",\"availableAssetSources\":\"*\",\"availableTransforms\":\"*\",\"cleanupHtml\":\"1\",\"purifyHtml\":\"\",\"columnType\":\"text\"}', '2016-03-26 22:38:23', '2016-07-26 18:59:51', '5b79a11d-f97f-4f1f-91fe-83f43a48d06e'),
 ('46', '7', 'First Name', 'firstName', 'global', '', '0', 'PlainText', '{\"placeholder\":\"First Name\",\"maxLength\":\"\",\"multiline\":\"\",\"initialRows\":\"4\"}', '2016-03-26 23:57:33', '2016-03-26 23:57:33', '4681a1bb-dc18-471d-9b9a-59dd98bd3c4d'),
 ('47', '7', 'Location', 'location', 'global', '', '0', 'Dropdown', '{\"options\":[{\"label\":\"Location\",\"value\":\"location\",\"default\":\"1\"},{\"label\":\"Freddie Poole Martial Arts\",\"value\":\"dallas\",\"default\":\"\"},{\"label\":\"North Texas Martial Arts\",\"value\":\"northDallas\",\"default\":\"\"}]}', '2016-03-27 18:34:07', '2016-07-11 01:38:10', '725f6c14-018b-4f6c-bcc1-94d6f225db6d'),
 ('48', '6', 'Facebook', 'facebook', 'global', '', '0', 'PlainText', '{\"placeholder\":\"\",\"maxLength\":\"\",\"multiline\":\"\",\"initialRows\":\"4\"}', '2016-04-21 03:57:58', '2016-04-21 03:57:58', 'a38b68dd-4f7d-4204-beb3-3e9efa8460e0'),
 ('49', '6', 'Instgram', 'instagram', 'global', '', '0', 'PlainText', '{\"placeholder\":\"\",\"maxLength\":\"\",\"multiline\":\"\",\"initialRows\":\"4\"}', '2016-04-21 03:59:14', '2016-04-21 03:59:14', '3ccde4ac-fe36-4331-8f35-4076830e6adf'),
 ('50', '6', 'Youtube', 'youtube', 'global', '', '0', 'PlainText', '{\"placeholder\":\"\",\"maxLength\":\"\",\"multiline\":\"\",\"initialRows\":\"4\"}', '2016-04-21 03:59:23', '2016-04-21 03:59:23', '4d7f3d07-a5e7-4e24-92b3-b9c2bc9fa633'),
 ('51', NULL, 'Heading', 'heading', 'matrixBlockType:8', '', '0', 'PlainText', '{\"placeholder\":\"\",\"maxLength\":\"\",\"multiline\":\"\",\"initialRows\":\"4\"}', '2016-04-21 04:09:14', '2016-07-26 18:59:51', '82d44dd9-117f-40a7-960e-23b7f9b916a8'),
 ('52', NULL, 'Body', 'body', 'matrixBlockType:8', '', '0', 'RichText', '{\"configFile\":\"\",\"availableAssetSources\":\"*\",\"availableTransforms\":\"*\",\"cleanupHtml\":\"1\",\"purifyHtml\":\"\",\"columnType\":\"text\"}', '2016-04-21 04:09:14', '2016-07-26 18:59:51', '37a2a35c-2b94-4bf6-9eaf-eaa6ee7b3f59'),
 ('53', NULL, 'Heading', 'heading', 'matrixBlockType:9', '', '0', 'PlainText', '{\"placeholder\":\"\",\"maxLength\":\"\",\"multiline\":\"\",\"initialRows\":\"4\"}', '2016-04-21 04:09:14', '2016-07-26 18:59:51', 'db8dd2f9-a6b2-426a-a63c-ebf1811d1b9f'),
 ('54', NULL, 'Body', 'body', 'matrixBlockType:9', '', '0', 'RichText', '{\"configFile\":\"\",\"availableAssetSources\":\"*\",\"availableTransforms\":\"*\",\"cleanupHtml\":\"1\",\"purifyHtml\":\"\",\"columnType\":\"text\"}', '2016-04-21 04:09:14', '2016-07-26 18:59:51', '5fce7a4d-8aa9-4d95-a740-13bcf30db294'),
 ('55', NULL, 'Background Color', 'backgroundColor', 'matrixBlockType:9', '', '0', 'Color', NULL, '2016-04-21 04:09:14', '2016-07-26 18:59:51', 'e561b55f-94a7-430d-a5c1-05edf4a12a62'),
 ('56', NULL, 'Heading', 'heading', 'matrixBlockType:10', '', '0', 'PlainText', '{\"placeholder\":\"\",\"maxLength\":\"\",\"multiline\":\"\",\"initialRows\":\"4\"}', '2016-04-21 04:09:14', '2016-07-26 18:59:51', 'd83c06ea-321d-4051-ac7c-75e58339ccd0'),
 ('57', NULL, 'Body', 'body', 'matrixBlockType:10', '', '0', 'RichText', '{\"configFile\":\"\",\"availableAssetSources\":\"*\",\"availableTransforms\":\"*\",\"cleanupHtml\":\"1\",\"purifyHtml\":\"\",\"columnType\":\"text\"}', '2016-04-21 04:09:14', '2016-07-26 18:59:51', 'f55c2f5f-8274-43f5-8fdb-82840dc29061'),
 ('58', NULL, 'Location', 'location', 'matrixBlockType:10', '', '0', 'RadioButtons', '{\"options\":[{\"label\":\"Dallas\",\"value\":\"dallas\",\"default\":\"\"},{\"label\":\"North Dallas\",\"value\":\"northDallas\",\"default\":\"\"}]}', '2016-04-21 04:09:14', '2016-07-26 18:59:51', '96db18e5-34e2-4d88-b91c-2802a21cd48a'),
 ('59', '8', 'Event Location', 'eventLocation', 'global', '', '0', 'RadioButtons', '{\"options\":[{\"label\":\"Dallas\",\"value\":\"dallas\",\"default\":\"\"},{\"label\":\"North Dallas\",\"value\":\"northDallas\",\"default\":\"\"}]}', '2016-04-21 04:11:25', '2016-04-21 04:11:25', '7c14c956-aaba-44f2-ab27-1f3dbcb12016'),
 ('60', '8', 'Event Detail', 'eventDetail', 'global', '', '0', 'Venti_Event', NULL, '2016-04-21 04:11:50', '2016-04-21 04:11:50', '670dc0bf-a01b-4773-a9e2-a8b3d1104256'),
 ('61', NULL, 'Contact Button', 'contactButton', 'matrixBlockType:3', '', '0', 'Lightswitch', '{\"default\":\"\"}', '2016-04-21 04:22:07', '2016-07-26 18:59:51', '4431f698-c22c-4341-a8db-cb73c50ad456'),
 ('62', NULL, 'Background Image', 'backgroundImage', 'matrixBlockType:8', '', '0', 'Assets', '{\"useSingleFolder\":\"\",\"sources\":[\"folder:1\"],\"defaultUploadLocationSource\":\"1\",\"defaultUploadLocationSubpath\":\"\",\"singleUploadLocationSource\":\"1\",\"singleUploadLocationSubpath\":\"\",\"restrictFiles\":\"\",\"limit\":\"\",\"viewMode\":\"list\",\"selectionLabel\":\"\"}', '2016-04-21 04:22:07', '2016-07-26 18:59:51', '78148428-8b35-4602-89a9-401329620cbc'),
 ('63', '7', 'Last Name', 'lastName', 'global', '', '0', 'PlainText', '{\"placeholder\":\"Last Name\",\"maxLength\":\"\",\"multiline\":\"\",\"initialRows\":\"4\"}', '2016-04-21 04:28:00', '2016-04-21 04:29:37', '54297ba6-2e81-4b31-a151-fad9c842e7f6'),
 ('64', '7', 'Email', 'email', 'global', '', '0', 'PlainText', '{\"placeholder\":\"Email\",\"maxLength\":\"\",\"multiline\":\"\",\"initialRows\":\"4\"}', '2016-04-21 04:28:07', '2016-04-21 04:29:47', '22bb23ec-e1bb-4c4e-b67e-688ed9deb5de'),
 ('65', '7', 'Subject Line', 'subjectLine', 'global', '', '0', 'PlainText', '{\"placeholder\":\"New Contact\",\"maxLength\":\"\",\"multiline\":\"\",\"initialRows\":\"4\"}', '2016-04-21 04:33:22', '2016-04-21 04:33:22', 'f596d320-cc04-4bb9-beb7-ee77f7d8a7c9'),
 ('66', '7', 'Phone', 'phone', 'global', '', '0', 'PlainText', '{\"placeholder\":\"Phone\",\"maxLength\":\"\",\"multiline\":\"\",\"initialRows\":\"4\"}', '2016-06-20 21:30:24', '2016-06-20 21:31:30', '8146cbdc-a148-4064-8562-745d215407a8'),
 ('67', '9', 'Background Image', 'backgroundImage', 'global', '', '0', 'Assets', '{\"useSingleFolder\":\"\",\"sources\":[\"folder:1\"],\"defaultUploadLocationSource\":\"1\",\"defaultUploadLocationSubpath\":\"\",\"singleUploadLocationSource\":\"1\",\"singleUploadLocationSubpath\":\"\",\"restrictFiles\":\"\",\"limit\":\"\",\"viewMode\":\"list\",\"selectionLabel\":\"\"}', '2016-07-11 20:27:32', '2016-07-12 01:35:17', 'ae67a0bd-2c54-467d-9ead-771fca6184be'),
 ('68', NULL, 'Slides', 'slides', 'matrixBlockType:2', '', '0', 'Entries', '{\"sources\":[\"section:5\"],\"limit\":\"\",\"selectionLabel\":\"\"}', '2016-07-11 20:30:17', '2016-07-26 18:59:51', '69ded142-2fac-4c34-a795-35479471b84a'),
 ('69', '6', 'Google Tag Manager Script', 'googleTagManagerScript', 'global', '', '0', 'PlainText', '{\"placeholder\":\"\",\"maxLength\":\"\",\"multiline\":\"1\",\"initialRows\":\"4\"}', '2016-07-17 19:59:22', '2016-07-17 20:11:11', '74dc2541-95a5-48b3-9d23-b0d306708a9d'),
 ('70', '6', 'Google Analytics Tag Script', 'googleAnalyticsTagScript', 'global', '', '0', 'PlainText', '{\"placeholder\":\"\",\"maxLength\":\"\",\"multiline\":\"1\",\"initialRows\":\"4\"}', '2016-07-17 19:59:41', '2016-07-17 19:59:41', '4c40ae2b-a12a-4435-837d-7841ea706b32'),
 ('71', NULL, 'Heading', 'heading', 'matrixBlockType:11', '', '0', 'PlainText', '{\"placeholder\":\"\",\"maxLength\":\"\",\"multiline\":\"\",\"initialRows\":\"4\"}', '2016-07-26 18:59:51', '2016-07-26 18:59:51', '9e6f57e6-c5a5-4187-9bf3-669f7fc10895'),
 ('72', NULL, 'Body', 'body', 'matrixBlockType:11', '', '0', 'RichText', '{\"configFile\":\"\",\"availableAssetSources\":\"*\",\"availableTransforms\":\"*\",\"cleanupHtml\":\"1\",\"purifyHtml\":\"\",\"columnType\":\"text\"}', '2016-07-26 18:59:51', '2016-07-26 18:59:51', '698ecf7f-62df-4f13-8457-6d9e4caaf937'),
 ('73', NULL, 'Location', 'location', 'matrixBlockType:11', '', '0', 'RadioButtons', '{\"options\":[{\"label\":\"Dallas\",\"value\":\"dallas\",\"default\":\"\"},{\"label\":\"North Dallas\",\"value\":\"northDallas\",\"default\":\"\"}]}', '2016-07-26 18:59:51', '2016-07-26 18:59:51', 'e40a7d58-f5e6-4ed2-a2de-bb14f60f8a44'),
 ('74', NULL, 'Schedule', 'schedule', 'matrixBlockType:11', '', '0', 'Table', '{\"columns\":{\"col1\":{\"heading\":\"Time\",\"handle\":\"time\",\"width\":\"\",\"type\":\"singleline\"},\"col2\":{\"heading\":\"Monday\",\"handle\":\"monday\",\"width\":\"\",\"type\":\"multiline\"},\"col3\":{\"heading\":\"Tuesday\",\"handle\":\"tuesday\",\"width\":\"\",\"type\":\"multiline\"},\"col4\":{\"heading\":\"Wednesday\",\"handle\":\"wednesday\",\"width\":\"\",\"type\":\"multiline\"},\"col5\":{\"heading\":\"Thursday\",\"handle\":\"thursday\",\"width\":\"\",\"type\":\"multiline\"},\"col6\":{\"heading\":\"Friday\",\"handle\":\"friday\",\"width\":\"\",\"type\":\"multiline\"},\"col7\":{\"heading\":\"Saturday\",\"handle\":\"saturday\",\"width\":\"\",\"type\":\"multiline\"}},\"defaults\":{\"row1\":{\"col1\":\"\",\"col2\":\"\",\"col3\":\"\",\"col4\":\"\",\"col5\":\"\",\"col6\":\"\",\"col7\":\"\"}}}', '2016-07-26 18:59:51', '2016-07-26 18:59:51', '679a6fb2-6671-4469-bdd9-7b918f12ac16');



DROP TABLE IF EXISTS `craft_formbuilder2_entries`;


--
-- Schema for table `craft_formbuilder2_entries`
--
CREATE TABLE `craft_formbuilder2_entries` (
  `id` int(11) NOT NULL,
  `formId` int(10) DEFAULT NULL,
  `title` varchar(255) COLLATE utf8_unicode_ci DEFAULT NULL,
  `files` text COLLATE utf8_unicode_ci,
  `submission` text COLLATE utf8_unicode_ci,
  `dateCreated` datetime NOT NULL,
  `dateUpdated` datetime NOT NULL,
  `uid` char(36) COLLATE utf8_unicode_ci NOT NULL DEFAULT '0',
  PRIMARY KEY (`id`),
  KEY `craft_formbuilder2_entries_formId_fk` (`formId`)
) ENGINE=InnoDB DEFAULT CHARSET=utf8 COLLATE=utf8_unicode_ci;

--
-- Data for table `craft_formbuilder2_entries`
--

INSERT INTO `craft_formbuilder2_entries` (`id`, `formId`, `title`, `files`, `submission`, `dateCreated`, `dateUpdated`, `uid`) VALUES
 ('118', '1', 'Contact', NULL, '{\"firstName\":\"re\",\"lastName\":\"dsf\",\"email\":\"sdf@dsfj.com\",\"phone\":\"fdsaf\",\"location\":\"dallas\",\"subjectLine\":\"New Contact For dallas\"}', '2016-06-27 02:58:56', '2016-06-27 02:58:56', '95caaaae-bd68-40d7-b254-d51b81620980'),
 ('152', '1', 'Contact', NULL, '{\"firstName\":\"Test\",\"lastName\":\"Test\",\"email\":\"Test@test.com\",\"phone\":\"1111111111\",\"location\":\"dallas\",\"subjectLine\":\"New Contact For dallas\"}', '2016-07-15 21:21:30', '2016-07-15 21:21:30', 'c9267db7-0aea-4843-b9fd-c3f306464756'),
 ('153', '1', 'Contact', NULL, '{\"firstName\":\"Test\",\"lastName\":\"Test\",\"email\":\"Test@test.com\",\"phone\":\"1111111111\",\"location\":\"dallas\",\"subjectLine\":\"New Contact For dallas\"}', '2016-07-15 21:21:39', '2016-07-15 21:21:39', '71b17cb2-9fd7-46df-89da-e67c4a6da0c1'),
 ('155', '1', 'Contact', NULL, '{\"firstName\":\"try\",\"lastName\":\"try\",\"email\":\"tryWsdfgm\",\"phone\":\"sldfj\",\"location\":\"dallas\",\"subjectLine\":\"New Contact For dallas\"}', '2016-07-16 05:34:15', '2016-07-16 05:34:15', 'b93fabbe-a69a-4074-9281-6c293690f604'),
 ('156', '1', 'Contact', NULL, '{\"firstName\":\"try\",\"lastName\":\"try\",\"email\":\"tryWsdfgm\",\"phone\":\"sldfj\",\"location\":\"dallas\",\"subjectLine\":\"New Contact For dallas\"}', '2016-07-16 05:35:18', '2016-07-16 05:35:18', '890b4fea-8f1b-4543-a1f0-7eb5e870869c'),
 ('157', '1', 'Contact', NULL, '{\"firstName\":\"ljk\",\"lastName\":\"lqj\",\"email\":\"ewljr\",\"phone\":\"ewr\",\"location\":\"dallas\",\"subjectLine\":\"New Contact For dallas\"}', '2016-07-16 05:35:56', '2016-07-16 05:35:56', '528c1cbd-3bf0-4f44-bf55-b2ccbeca8d78'),
 ('158', '1', 'Contact', NULL, '{\"firstName\":\"ljk\",\"lastName\":\"lqj\",\"email\":\"ewljr@sdlfkj.com\",\"phone\":\"ewr\",\"location\":\"dallas\",\"subjectLine\":\"New Contact For dallas\"}', '2016-07-16 05:36:45', '2016-07-16 05:36:45', '8b3d0386-9d7f-46ad-a16b-1996b127908c'),
 ('159', '1', 'Contact', NULL, '{\"firstName\":\"ljk\",\"lastName\":\"lqj\",\"email\":\"daituzhang@gmail.com\",\"phone\":\"ewr\",\"location\":\"dallas\",\"subjectLine\":\"New Contact For dallas\"}', '2016-07-16 05:38:02', '2016-07-16 05:38:02', '4a5fc581-f259-42e3-b205-b872e9f2dadc'),
 ('160', '1', 'Contact', NULL, '{\"firstName\":\"dsf\",\"lastName\":\"saf\",\"email\":\"daituzhang@gmail.com\",\"phone\":\"alsdfj\",\"location\":\"dallas\",\"subjectLine\":\"New Contact For dallas\"}', '2016-07-16 05:43:28', '2016-07-16 05:43:28', 'd734a4ee-aa6a-47c7-a5d3-3bd1bfc00e3d'),
 ('164', '1', 'Contact', NULL, '{\"firstName\":\"yulu\",\"lastName\":\"zhang\",\"email\":\"daituzhang@gmail.com\",\"phone\":\"4698036177\",\"location\":\"dallas\",\"subjectLine\":\"New Contact For dallas\"}', '2016-07-17 19:45:38', '2016-07-17 19:45:38', 'cb200c1d-a2b0-431b-bd92-c0bdf2759aea'),
 ('165', '1', 'Contact', NULL, '{\"firstName\":\"yulu\",\"lastName\":\"zhang\",\"email\":\"daituzhang@gmail.com\",\"phone\":\"4698036199\",\"location\":\"dallas\",\"subjectLine\":\"New Contact For dallas\"}', '2016-07-17 19:48:45', '2016-07-17 19:48:45', '5b0cdfac-c14b-4ef8-9ea9-f0c5577e42bc'),
 ('166', '1', 'Contact', NULL, '{\"firstName\":\"test\",\"lastName\":\"test\",\"email\":\"seen@mdrnmethods.com\",\"phone\":\"1111111111\",\"location\":\"dallas\",\"subjectLine\":\"New Contact For dallas\"}', '2016-07-17 20:25:51', '2016-07-17 20:25:51', '973d70a7-fe92-414d-84fe-5bf7274d7f2c'),
 ('167', '1', 'Contact', NULL, '{\"firstName\":\"test\",\"lastName\":\"test\",\"email\":\"test\",\"phone\":\"test\",\"location\":\"northDallas\",\"subjectLine\":\"New Contact For northDallas\"}', '2016-07-17 20:27:35', '2016-07-17 20:27:35', '73841b2d-9938-45a1-af89-3232175cbf7a'),
 ('168', '1', 'Contact', NULL, '{\"firstName\":\"test\",\"lastName\":\"test\",\"email\":\"test\",\"phone\":\"1111111111\",\"location\":\"northDallas\",\"subjectLine\":\"New Contact For northDallas\"}', '2016-07-17 20:27:46', '2016-07-17 20:27:46', 'efab0a61-a560-4771-a5a1-73e77fd6e3c0'),
 ('169', '1', 'Contact', NULL, '{\"firstName\":\"test\",\"lastName\":\"test\",\"email\":\"test\",\"phone\":\"1111111111\",\"location\":\"northDallas\",\"subjectLine\":\"New Contact For northDallas\"}', '2016-07-17 20:27:47', '2016-07-17 20:27:47', 'fafbe9c4-ca37-40b1-85b8-2207a9e5813e'),
 ('170', '1', 'Contact', NULL, '{\"firstName\":\"test2\",\"lastName\":\"test2\",\"email\":\"sean@mdrnmethods.com\",\"phone\":\"4694754631\",\"location\":\"dallas\",\"subjectLine\":\"New Contact For dallas\"}', '2016-07-17 20:28:21', '2016-07-17 20:28:21', 'be7c26d5-df9e-4e35-87fb-77319b8ba63a'),
 ('171', '1', 'Contact', NULL, '{\"firstName\":\"Tiffany\",\"lastName\":\"Raines\",\"email\":\"orangeziggle@yahoo.com\",\"phone\":\"4693609725\",\"location\":\"dallas\",\"subjectLine\":\"New Contact For dallas\"}', '2016-07-20 04:03:21', '2016-07-20 04:03:21', '90d27b51-58c2-4089-96ee-3b9d27e49f05'),
 ('174', '1', 'Contact', NULL, '{\"firstName\":\"test\",\"lastName\":\"test\",\"email\":\"test@test.com\",\"phone\":\"2222222222\",\"location\":\"dallas\",\"subjectLine\":\"New Contact For dallas\"}', '2016-07-21 02:48:31', '2016-07-21 02:48:31', '6ea1db36-d2e5-4d74-8fb5-0b5a6a49c26b'),
 ('175', '1', 'Contact', NULL, '{\"firstName\":\"Stewart\",\"lastName\":\"Keene\",\"email\":\"Stewart.keene@gmail.com\",\"phone\":\"214-673-9964\",\"location\":\"dallas\",\"subjectLine\":\"New Contact For dallas\"}', '2016-07-24 19:47:02', '2016-07-24 19:47:02', '41d34ab1-eda8-4167-8323-0d2695b6e648'),
 ('176', '1', 'Contact', NULL, '{\"firstName\":\"terry\",\"lastName\":\"sanders\",\"email\":\"sanders@acuitysi.com\",\"phone\":\"2142333935\",\"location\":\"northDallas\",\"subjectLine\":\"New Contact For northDallas\"}', '2016-07-25 02:40:35', '2016-07-25 02:40:35', 'bff22051-ba4f-4bb0-99db-fb89e25e100d'),
 ('178', '1', 'Contact', NULL, '{\"firstName\":\"Susan\",\"lastName\":\"Oneal\",\"email\":\"susankoneal@gmail.com\",\"phone\":\"214-457-3356\",\"location\":\"dallas\",\"subjectLine\":\"New Contact For dallas\"}', '2016-07-25 15:38:14', '2016-07-25 15:38:14', '2e45a0ff-20f5-4229-876f-bff1d03faaec'),
 ('179', '1', 'Contact', NULL, '{\"firstName\":\"Julie\",\"lastName\":\"Mathew\",\"email\":\"Nursejrm@aol.com \",\"phone\":\"2812583394\",\"location\":\"northDallas\",\"subjectLine\":\"New Contact For northDallas\"}', '2016-07-26 01:52:51', '2016-07-26 01:52:51', 'e4622652-80e1-4e38-a941-8e82d415c5bc'),
 ('180', '1', 'Contact', NULL, '{\"firstName\":\"Julie\",\"lastName\":\"Mathew\",\"email\":\"Nursejrm@aol.com \",\"phone\":\"2812583394\",\"location\":\"location\",\"subjectLine\":\"\"}', '2016-07-26 01:53:25', '2016-07-26 01:53:25', 'e767a924-5bb6-468d-826f-610f3c3dcc8b'),
 ('182', '1', 'Contact', NULL, '{\"firstName\":\"Matt\",\"lastName\":\"Mendoza\",\"email\":\"mmendoza@smu.edu\",\"phone\":\"9406367330\",\"location\":\"dallas\",\"subjectLine\":\"New Contact For dallas\"}', '2016-07-26 23:27:56', '2016-07-26 23:27:56', '74522b6a-a253-4492-b8aa-4c3dcf63f05f'),
 ('183', '1', 'Contact', NULL, '{\"firstName\":\"Matt\",\"lastName\":\"Mendoza\",\"email\":\"mmendoza@smu.edu\",\"phone\":\"9406367330\",\"location\":\"dallas\",\"subjectLine\":\"New Contact For dallas\"}', '2016-07-27 15:37:28', '2016-07-27 15:37:28', 'f3da6054-b728-4a08-98b7-572b954302ae'),
 ('184', '1', 'Contact', NULL, '{\"firstName\":\"Renee\",\"lastName\":\"Tamayo\",\"email\":\"reyhaneh.tamayo@gmail.com\",\"phone\":\"818-825-8437\",\"location\":\"northDallas\",\"subjectLine\":\"New Contact For northDallas\"}', '2016-07-27 15:48:25', '2016-07-27 15:48:25', '5d787ee5-ced3-4a72-9ee3-cec75055c7ff');



DROP TABLE IF EXISTS `craft_formbuilder2_forms`;


--
-- Schema for table `craft_formbuilder2_forms`
--
CREATE TABLE `craft_formbuilder2_forms` (
  `id` int(11) NOT NULL AUTO_INCREMENT,
  `name` varchar(255) COLLATE utf8_unicode_ci NOT NULL,
  `handle` varchar(255) COLLATE utf8_unicode_ci NOT NULL,
  `fieldLayoutId` int(10) DEFAULT NULL,
  `formSettings` text COLLATE utf8_unicode_ci,
  `spamProtectionSettings` text COLLATE utf8_unicode_ci,
  `messageSettings` text COLLATE utf8_unicode_ci,
  `notificationSettings` text COLLATE utf8_unicode_ci,
  `dateCreated` datetime NOT NULL,
  `dateUpdated` datetime NOT NULL,
  `uid` char(36) COLLATE utf8_unicode_ci NOT NULL DEFAULT '0',
  PRIMARY KEY (`id`),
  UNIQUE KEY `craft_formbuilder2_forms_id_unq_idx` (`id`),
  UNIQUE KEY `craft_formbuilder2_forms_name_unq_idx` (`name`),
  UNIQUE KEY `craft_formbuilder2_forms_handle_unq_idx` (`handle`),
  KEY `craft_formbuilder2_forms_fieldLayoutId_fk` (`fieldLayoutId`)
) ENGINE=InnoDB AUTO_INCREMENT=2 DEFAULT CHARSET=utf8 COLLATE=utf8_unicode_ci;

--
-- Data for table `craft_formbuilder2_forms`
--

INSERT INTO `craft_formbuilder2_forms` (`id`, `name`, `handle`, `fieldLayoutId`, `formSettings`, `spamProtectionSettings`, `messageSettings`, `notificationSettings`, `dateCreated`, `dateUpdated`, `uid`) VALUES
 ('1', 'Contact', 'contact', '141', '{\"formRedirect\":{\"customRedirect\":\"\",\"customRedirectUrl\":\"\"},\"hasFileUploads\":\"\",\"ajaxSubmit\":\"1\"}', '{\"spamTimeMethod\":\"\",\"spamTimeMethodTime\":\"\",\"spamHoneypotMethod\":\"1\",\"spamHoneypotMethodMessage\":\"Don\'t put message here\"}', '{\"successMessage\":\"The form has been submitted\",\"errorMessage\":\"Error, please check again\"}', '{\"notifySubmission\":\"1\",\"emailSettings\":{\"notifyEmail\":\"freddie@freddiepoole.com,sosa.ntma@gmail.com\",\"emailSubject\":\"New contact\",\"sendSubmissionData\":\"1\"},\"templateSettings\":{\"emailTemplateStyle\":\"text\",\"emailCustomLogo\":\"\",\"emailBackgroundColor\":\"#f5f5f5\",\"emailContainerWidth\":\"500\",\"emailBodyCopy\":\"\",\"emailAdditionalFooterCopy\":\"\"},\"notifySubmitter\":\"1\",\"submitterEmail\":\"email\",\"submitterEmailSubject\":\"Thank you for contacting FPMA!\",\"customSubject\":\"1\",\"customSubjectLine\":\"subjectLine\"}', '2016-03-25 01:53:33', '2016-07-17 20:25:09', 'ffd0af01-bc77-4fb4-bfef-4f8f97634422');



DROP TABLE IF EXISTS `craft_globalsets`;


--
-- Schema for table `craft_globalsets`
--
CREATE TABLE `craft_globalsets` (
  `id` int(11) NOT NULL,
  `name` varchar(255) COLLATE utf8_unicode_ci NOT NULL,
  `handle` varchar(255) COLLATE utf8_unicode_ci NOT NULL,
  `fieldLayoutId` int(10) DEFAULT NULL,
  `dateCreated` datetime NOT NULL,
  `dateUpdated` datetime NOT NULL,
  `uid` char(36) COLLATE utf8_unicode_ci NOT NULL DEFAULT '0',
  PRIMARY KEY (`id`),
  UNIQUE KEY `craft_globalsets_name_unq_idx` (`name`),
  UNIQUE KEY `craft_globalsets_handle_unq_idx` (`handle`),
  KEY `craft_globalsets_fieldLayoutId_fk` (`fieldLayoutId`)
) ENGINE=InnoDB DEFAULT CHARSET=utf8 COLLATE=utf8_unicode_ci;

--
-- Data for table `craft_globalsets`
--

INSERT INTO `craft_globalsets` (`id`, `name`, `handle`, `fieldLayoutId`, `dateCreated`, `dateUpdated`, `uid`) VALUES
 ('4', 'seo', 'seo', '8', '2016-03-12 18:38:45', '2016-03-12 18:41:27', '6446c2a9-20a1-4d86-84ce-5ca554f0341e'),
 ('20', 'Site Info', 'siteInfo', '140', '2016-03-17 02:25:29', '2016-07-17 20:00:06', '95367707-fb2c-4815-a348-cbd48273b925');



DROP TABLE IF EXISTS `craft_info`;


--
-- Schema for table `craft_info`
--
CREATE TABLE `craft_info` (
  `id` int(11) NOT NULL AUTO_INCREMENT,
  `version` varchar(15) COLLATE utf8_unicode_ci NOT NULL,
  `build` int(11) unsigned NOT NULL,
  `schemaVersion` varchar(15) COLLATE utf8_unicode_ci NOT NULL,
  `releaseDate` datetime NOT NULL,
  `edition` tinyint(1) unsigned NOT NULL DEFAULT '0',
  `siteName` varchar(100) COLLATE utf8_unicode_ci NOT NULL,
  `siteUrl` varchar(255) COLLATE utf8_unicode_ci NOT NULL,
  `timezone` varchar(30) COLLATE utf8_unicode_ci DEFAULT NULL,
  `on` tinyint(1) unsigned NOT NULL DEFAULT '0',
  `maintenance` tinyint(1) unsigned NOT NULL DEFAULT '0',
  `track` varchar(40) COLLATE utf8_unicode_ci NOT NULL,
  `dateCreated` datetime NOT NULL,
  `dateUpdated` datetime NOT NULL,
  `uid` char(36) COLLATE utf8_unicode_ci NOT NULL DEFAULT '0',
  PRIMARY KEY (`id`)
) ENGINE=InnoDB AUTO_INCREMENT=2 DEFAULT CHARSET=utf8 COLLATE=utf8_unicode_ci;

--
-- Data for table `craft_info`
--

INSERT INTO `craft_info` (`id`, `version`, `build`, `schemaVersion`, `releaseDate`, `edition`, `siteName`, `siteUrl`, `timezone`, `on`, `maintenance`, `track`, `dateCreated`, `dateUpdated`, `uid`) VALUES
 ('1', '2.6', '2776', '2.6.2', '2016-03-10 21:53:24', '2', 'fpma', '/', 'UTC', '1', '0', 'stable', '2016-03-12 17:48:24', '2016-07-25 05:38:06', '780add66-6f6c-4767-a586-22045e3a912b');



DROP TABLE IF EXISTS `craft_locales`;


--
-- Schema for table `craft_locales`
--
CREATE TABLE `craft_locales` (
  `locale` char(12) COLLATE utf8_unicode_ci NOT NULL,
  `sortOrder` smallint(6) unsigned DEFAULT NULL,
  `dateCreated` datetime NOT NULL,
  `dateUpdated` datetime NOT NULL,
  `uid` char(36) COLLATE utf8_unicode_ci NOT NULL DEFAULT '0',
  PRIMARY KEY (`locale`),
  KEY `craft_locales_sortOrder_idx` (`sortOrder`)
) ENGINE=InnoDB DEFAULT CHARSET=utf8 COLLATE=utf8_unicode_ci;

--
-- Data for table `craft_locales`
--

INSERT INTO `craft_locales` (`locale`, `sortOrder`, `dateCreated`, `dateUpdated`, `uid`) VALUES
 ('en_us', '1', '2016-03-12 17:48:25', '2016-03-12 17:48:25', 'cad7d339-8bed-4065-ac8f-5a2c3a72d740');



DROP TABLE IF EXISTS `craft_matrixblocks`;


--
-- Schema for table `craft_matrixblocks`
--
CREATE TABLE `craft_matrixblocks` (
  `id` int(11) NOT NULL,
  `ownerId` int(11) NOT NULL,
  `fieldId` int(11) NOT NULL,
  `typeId` int(11) DEFAULT NULL,
  `sortOrder` smallint(6) unsigned DEFAULT NULL,
  `ownerLocale` char(12) COLLATE utf8_unicode_ci DEFAULT NULL,
  `dateCreated` datetime NOT NULL,
  `dateUpdated` datetime NOT NULL,
  `uid` char(36) COLLATE utf8_unicode_ci NOT NULL DEFAULT '0',
  PRIMARY KEY (`id`),
  KEY `craft_matrixblocks_ownerId_idx` (`ownerId`),
  KEY `craft_matrixblocks_fieldId_idx` (`fieldId`),
  KEY `craft_matrixblocks_typeId_idx` (`typeId`),
  KEY `craft_matrixblocks_sortOrder_idx` (`sortOrder`),
  KEY `craft_matrixblocks_ownerLocale_fk` (`ownerLocale`)
) ENGINE=InnoDB DEFAULT CHARSET=utf8 COLLATE=utf8_unicode_ci;

--
-- Data for table `craft_matrixblocks`
--

INSERT INTO `craft_matrixblocks` (`id`, `ownerId`, `fieldId`, `typeId`, `sortOrder`, `ownerLocale`, `dateCreated`, `dateUpdated`, `uid`) VALUES
 ('15', '2', '5', '2', '1', NULL, '2016-03-16 02:47:49', '2016-07-12 14:37:32', '7147be51-bb8a-413d-8c0f-01009425be24'),
 ('18', '2', '5', '5', '2', NULL, '2016-03-16 04:17:39', '2016-07-12 14:37:32', 'e40397a1-0628-4a80-a647-f6fbf5e763d1'),
 ('21', '16', '5', '6', '1', NULL, '2016-03-24 02:37:17', '2016-07-25 05:47:37', '12a3756c-4d68-418c-a122-c2809f6e1bea'),
 ('22', '16', '5', '1', '2', NULL, '2016-03-24 02:37:17', '2016-07-25 05:47:37', 'd9c4ca72-660b-4212-9897-d9aade64e9ef'),
 ('25', '24', '5', '6', '1', NULL, '2016-03-24 04:22:43', '2016-07-20 16:25:41', '1161dc2f-c74f-4be4-b59f-f503d5e5a5b4'),
 ('28', '27', '5', '6', '1', NULL, '2016-03-25 02:46:04', '2016-07-20 16:24:20', '8688346b-1121-4376-9412-bcfe886c5191'),
 ('29', '27', '5', '7', '2', NULL, '2016-03-25 02:46:04', '2016-07-20 16:24:20', '9aaa7567-c94d-4267-964b-bcd246afeb29'),
 ('30', '27', '5', '7', '9', NULL, '2016-03-25 02:46:04', '2016-07-20 16:24:20', '92ff2dfd-8aea-45b5-9e27-76cc3169b432'),
 ('31', '27', '5', '7', '5', NULL, '2016-03-25 02:46:04', '2016-07-20 16:24:20', '59134154-949f-424d-b7b5-9a954d6b5f94'),
 ('35', '34', '5', '6', '1', NULL, '2016-03-26 22:44:34', '2016-07-28 14:55:02', '6f8052b5-b38b-4451-8189-83e7f0344b45'),
 ('52', '2', '5', '8', '3', NULL, '2016-04-21 04:20:31', '2016-07-12 14:37:32', '4426dfc4-05e1-45de-adf7-aeec92509771'),
 ('53', '2', '5', '3', '4', NULL, '2016-04-21 04:20:31', '2016-07-12 14:37:32', 'ae4740b0-d0cd-4a9f-8243-80d115c74015'),
 ('54', '34', '5', '10', '2', NULL, '2016-04-21 04:35:34', '2016-07-28 14:55:02', 'ddd1cfd7-a8b2-4593-99bd-00a6b3322355'),
 ('55', '33', '5', '6', '1', NULL, '2016-04-21 04:39:51', '2016-07-14 02:51:26', '2089d7ca-0720-4e2f-a471-ed8d370fb91b'),
 ('56', '33', '5', '1', '2', NULL, '2016-04-21 04:39:51', '2016-07-14 02:51:26', '04baae74-e784-4f30-9cad-d01ddc8e998d'),
 ('57', '33', '5', '1', '3', NULL, '2016-04-21 04:39:51', '2016-07-14 02:51:26', 'de00b9f7-d7fc-4dfd-8742-dc6d528d804e'),
 ('58', '33', '5', '1', '4', NULL, '2016-04-21 04:39:51', '2016-07-14 02:51:26', '9fd6a084-f9f1-4961-a0ba-228cee697804'),
 ('59', '32', '5', '6', '1', NULL, '2016-04-21 04:41:43', '2016-07-27 04:02:52', '4f7a9e81-3516-451f-b933-68b608469fa6'),
 ('60', '32', '5', '9', '2', NULL, '2016-04-21 04:42:25', '2016-07-27 04:02:52', 'd7c0a76e-c236-4bd5-b653-dcfd54099692'),
 ('65', '27', '5', '7', '3', NULL, '2016-06-06 22:03:30', '2016-07-20 16:24:20', 'b888ea1d-82f4-4529-9fa8-7a1e5734ed8f'),
 ('66', '27', '5', '7', '10', NULL, '2016-06-06 22:03:30', '2016-07-20 16:24:20', 'f7653f41-a5b9-443f-8679-11dfc18cafb7'),
 ('67', '27', '5', '7', '11', NULL, '2016-06-06 22:03:30', '2016-07-20 16:24:20', '3436f0fa-dc14-45a8-b175-cd4a359c9173'),
 ('68', '27', '5', '7', '4', NULL, '2016-06-06 22:03:30', '2016-07-20 16:24:20', '4438df22-5fc6-49c8-a1f3-e56f0f3e93b6'),
 ('69', '27', '5', '7', '12', NULL, '2016-06-06 22:03:30', '2016-07-20 16:24:20', 'c0642aa6-c3d5-4231-9923-9b0d153f2e3c'),
 ('70', '27', '5', '7', '6', NULL, '2016-06-06 22:03:30', '2016-07-20 16:24:20', 'c9adb982-2224-40b1-8d53-9ea35eb108dc'),
 ('71', '27', '5', '7', '8', NULL, '2016-06-06 22:03:30', '2016-07-20 16:24:20', '99ab6ef3-3588-40bc-845e-f361e049588e'),
 ('72', '27', '5', '7', '7', NULL, '2016-06-06 22:03:30', '2016-07-20 16:24:20', '9d80c10f-db5e-4e4d-9d9c-5e36c0b84eca'),
 ('75', '73', '5', '6', '1', NULL, '2016-06-15 02:59:06', '2016-07-14 02:38:57', 'a4c4a931-26fa-49d8-b6bc-942c2d28bbb2'),
 ('76', '73', '5', '1', '2', NULL, '2016-06-15 02:59:06', '2016-07-14 02:38:57', '9a462523-053f-4d3f-9ab9-063038ac441f'),
 ('77', '33', '5', '1', '5', NULL, '2016-06-15 03:07:18', '2016-07-14 02:51:26', 'd2b93e13-2b3f-48eb-9bda-0538f30013b3'),
 ('78', '33', '5', '1', '6', NULL, '2016-06-15 03:07:18', '2016-07-14 02:51:26', 'f9b8d98a-9d6a-41dd-8629-2afb7d16d9db'),
 ('79', '17', '5', '6', '1', NULL, '2016-06-15 03:14:24', '2016-06-27 01:54:15', '597cc373-a58f-477c-ba42-d16a167cfba5'),
 ('80', '17', '5', '1', '2', NULL, '2016-06-15 03:14:24', '2016-06-27 01:54:16', 'c70796e9-c7d2-431e-8bbf-349652ccf8c4'),
 ('82', '81', '5', '6', '1', NULL, '2016-06-15 03:20:08', '2016-07-14 02:55:56', 'b6798afd-8154-4b6d-9d2b-982d15f783c3'),
 ('83', '81', '5', '1', '2', NULL, '2016-06-15 03:20:08', '2016-07-14 02:55:56', 'eb1d3865-7118-4667-b729-cd047dffb9dd'),
 ('84', '81', '5', '1', '3', NULL, '2016-06-15 03:20:08', '2016-07-14 02:55:56', 'f7bec5a3-22f6-4006-9144-1c48907ace54'),
 ('85', '81', '5', '1', '4', NULL, '2016-06-15 03:20:08', '2016-07-14 02:55:56', 'caaf01b1-5d19-474b-ab71-6927b48db48f'),
 ('88', '86', '5', '1', '2', NULL, '2016-06-15 03:22:24', '2016-06-27 01:38:17', '9db5411a-b325-4b1a-a61d-e67a107e01f1'),
 ('90', '89', '5', '6', '1', NULL, '2016-06-15 03:26:32', '2016-06-27 02:02:13', '0da1cd2b-2e1a-4a48-a006-905b5f2a57cb'),
 ('91', '89', '5', '1', '2', NULL, '2016-06-15 03:26:32', '2016-06-27 02:02:13', 'b921e862-dc08-46b8-89d1-2b333fd902ad'),
 ('92', '89', '5', '1', '3', NULL, '2016-06-15 03:26:32', '2016-06-27 02:02:13', '1dc71fae-e6ff-4bf4-a5fb-8c8c10924f35'),
 ('94', '93', '5', '6', '1', NULL, '2016-06-15 03:30:34', '2016-07-15 02:42:23', 'b03eae82-70e4-417f-93dd-3dac5dc41c54'),
 ('95', '93', '5', '1', '2', NULL, '2016-06-15 03:30:34', '2016-07-15 02:42:23', '18cb6d3b-dfec-4b5f-8ab3-b020c9aca3ca'),
 ('97', '96', '5', '6', '1', NULL, '2016-06-15 03:31:34', '2016-06-27 02:01:18', '331455b0-8252-4433-b170-08575299c189'),
 ('98', '96', '5', '1', '2', NULL, '2016-06-15 03:31:34', '2016-06-27 02:01:18', '59bbf445-3660-4065-b700-e4694084de5a'),
 ('103', '24', '5', '10', '2', NULL, '2016-06-15 04:00:58', '2016-07-20 16:25:41', '1bbb9f4d-9b50-4904-a2be-f53ce9e543ef'),
 ('112', '86', '5', '6', '1', NULL, '2016-06-27 01:38:17', '2016-06-27 01:38:17', 'b4f15711-310a-467c-9d2f-2904eadb301e'),
 ('129', '128', '5', '6', '1', NULL, '2016-07-14 02:32:44', '2016-07-14 02:57:37', '77963746-43cf-4140-bc39-6a8ca37131a9'),
 ('132', '128', '5', '1', '2', NULL, '2016-07-14 02:57:12', '2016-07-14 02:57:38', '09a822cd-9eee-49a9-ac71-1cecd1279974'),
 ('181', '34', '5', '11', '3', NULL, '2016-07-26 19:10:06', '2016-07-28 14:55:02', 'fb32e216-b7cf-4ea2-a430-e3d722ca3470');



DROP TABLE IF EXISTS `craft_matrixblocktypes`;


--
-- Schema for table `craft_matrixblocktypes`
--
CREATE TABLE `craft_matrixblocktypes` (
  `id` int(11) NOT NULL AUTO_INCREMENT,
  `fieldId` int(11) NOT NULL,
  `fieldLayoutId` int(11) DEFAULT NULL,
  `name` varchar(255) COLLATE utf8_unicode_ci NOT NULL,
  `handle` varchar(255) COLLATE utf8_unicode_ci NOT NULL,
  `sortOrder` smallint(6) unsigned DEFAULT NULL,
  `dateCreated` datetime NOT NULL,
  `dateUpdated` datetime NOT NULL,
  `uid` char(36) COLLATE utf8_unicode_ci NOT NULL DEFAULT '0',
  PRIMARY KEY (`id`),
  UNIQUE KEY `craft_matrixblocktypes_name_fieldId_unq_idx` (`name`,`fieldId`),
  UNIQUE KEY `craft_matrixblocktypes_handle_fieldId_unq_idx` (`handle`,`fieldId`),
  KEY `craft_matrixblocktypes_fieldId_fk` (`fieldId`),
  KEY `craft_matrixblocktypes_fieldLayoutId_fk` (`fieldLayoutId`)
) ENGINE=InnoDB AUTO_INCREMENT=12 DEFAULT CHARSET=utf8 COLLATE=utf8_unicode_ci;

--
-- Data for table `craft_matrixblocktypes`
--

INSERT INTO `craft_matrixblocktypes` (`id`, `fieldId`, `fieldLayoutId`, `name`, `handle`, `sortOrder`, `dateCreated`, `dateUpdated`, `uid`) VALUES
 ('1', '5', '144', 'One Column', 'oneColumn', '3', '2016-03-12 18:58:50', '2016-07-26 18:59:51', '26774c3b-a22e-4af9-9ed2-04d5aadf59dc'),
 ('2', '5', '142', 'Home Hero', 'homeHero', '1', '2016-03-16 02:43:10', '2016-07-26 18:59:51', '6a91bbb8-684f-4f9e-a00b-c1ade0f8fd7c'),
 ('3', '5', '145', 'Two Columns', 'twoColumns', '4', '2016-03-16 02:43:10', '2016-07-26 18:59:51', '4f3bfbec-f8b5-4677-82b7-ff9ccdfdd151'),
 ('5', '5', '146', 'Home Programs', 'homePrograms', '5', '2016-03-16 03:39:06', '2016-07-26 18:59:51', '3c3394fd-c70f-4c9d-81d5-d3e406041186'),
 ('6', '5', '143', 'Secondary Hero', 'secondaryHero', '2', '2016-03-24 02:02:42', '2016-07-26 18:59:51', 'a3cab6e7-1952-445e-9d8d-62c526d48237'),
 ('7', '5', '148', 'Staff', 'staff', '7', '2016-03-25 02:37:01', '2016-07-26 18:59:51', '5decf4d3-0d13-4aba-a3b5-936c516f2f96'),
 ('8', '5', '147', 'Home Locations', 'homeLocations', '6', '2016-04-21 04:09:14', '2016-07-26 18:59:51', '8cf84c1c-21e6-4041-99a2-7354bcaaadec'),
 ('9', '5', '149', 'Contact', 'contact', '8', '2016-04-21 04:09:14', '2016-07-26 18:59:51', '2c4bb203-7b0f-4ec0-bb96-9bf31ee66576'),
 ('10', '5', '150', 'Events', 'events', '9', '2016-04-21 04:09:14', '2016-07-26 18:59:51', '254489c9-e7a9-479d-9f76-ccbf95ba83c5'),
 ('11', '5', '151', 'Classes', 'classes', '10', '2016-07-26 18:59:51', '2016-07-26 18:59:51', '99cc733f-ba39-4ad1-8139-fe33adb4962b');



DROP TABLE IF EXISTS `craft_matrixcontent_blocks`;


--
-- Schema for table `craft_matrixcontent_blocks`
--
CREATE TABLE `craft_matrixcontent_blocks` (
  `id` int(11) NOT NULL AUTO_INCREMENT,
  `elementId` int(11) NOT NULL,
  `locale` char(12) COLLATE utf8_unicode_ci NOT NULL,
  `field_oneColumn_heading` text COLLATE utf8_unicode_ci,
  `field_oneColumn_body` text COLLATE utf8_unicode_ci,
  `field_oneColumn_backgroundColor` char(7) COLLATE utf8_unicode_ci DEFAULT NULL,
  `field_homeHero_heading` text COLLATE utf8_unicode_ci,
  `field_homeHero_body` text COLLATE utf8_unicode_ci,
  `field_homeHero_backgroundColor` char(7) COLLATE utf8_unicode_ci DEFAULT NULL,
  `field_twoColumns_heading` text COLLATE utf8_unicode_ci,
  `field_twoColumns_bodyLeft` text COLLATE utf8_unicode_ci,
  `field_twoColumns_bodyRight` text COLLATE utf8_unicode_ci,
  `field_twoColumns_columnsLeft` varchar(255) COLLATE utf8_unicode_ci DEFAULT 'col-1-of-2',
  `field_twoColumns_columnsRight` varchar(255) COLLATE utf8_unicode_ci DEFAULT NULL,
  `field_twoColumns_backgroundColor` char(7) COLLATE utf8_unicode_ci DEFAULT NULL,
  `field_homePrograms_heading` text COLLATE utf8_unicode_ci,
  `field_homePrograms_body` text COLLATE utf8_unicode_ci,
  `field_homePrograms_backgroundColor` char(7) COLLATE utf8_unicode_ci DEFAULT NULL,
  `field_homeHero_contactButton` tinyint(1) unsigned NOT NULL DEFAULT '0',
  `field_secondaryHero_heading` text COLLATE utf8_unicode_ci,
  `field_secondaryHero_body` text COLLATE utf8_unicode_ci,
  `field_secondaryHero_contactButton` tinyint(1) unsigned NOT NULL DEFAULT '0',
  `field_secondaryHero_backgroundColor` char(7) COLLATE utf8_unicode_ci DEFAULT NULL,
  `field_secondaryHero_mapAddress` text COLLATE utf8_unicode_ci,
  `field_secondaryHero_mapTitle` text COLLATE utf8_unicode_ci,
  `field_secondaryHero_flexibleArea` text COLLATE utf8_unicode_ci,
  `field_staff_staffName` text COLLATE utf8_unicode_ci,
  `field_staff_staffTitle` text COLLATE utf8_unicode_ci,
  `field_staff_body` text COLLATE utf8_unicode_ci,
  `field_secondaryHero_mapContent` text COLLATE utf8_unicode_ci,
  `field_homeLocations_heading` text COLLATE utf8_unicode_ci,
  `field_homeLocations_body` text COLLATE utf8_unicode_ci,
  `field_contact_heading` text COLLATE utf8_unicode_ci,
  `field_contact_body` text COLLATE utf8_unicode_ci,
  `field_contact_backgroundColor` char(7) COLLATE utf8_unicode_ci DEFAULT NULL,
  `field_events_heading` text COLLATE utf8_unicode_ci,
  `field_events_body` text COLLATE utf8_unicode_ci,
  `field_events_location` varchar(255) COLLATE utf8_unicode_ci DEFAULT NULL,
  `field_twoColumns_contactButton` tinyint(1) unsigned NOT NULL DEFAULT '0',
  `field_classes_heading` text COLLATE utf8_unicode_ci,
  `field_classes_body` text COLLATE utf8_unicode_ci,
  `field_classes_location` varchar(255) COLLATE utf8_unicode_ci DEFAULT NULL,
  `field_classes_schedule` text COLLATE utf8_unicode_ci,
  `dateCreated` datetime NOT NULL,
  `dateUpdated` datetime NOT NULL,
  `uid` char(36) COLLATE utf8_unicode_ci NOT NULL DEFAULT '0',
  PRIMARY KEY (`id`),
  UNIQUE KEY `craft_matrixcontent_blocks_elementId_locale_unq_idx` (`elementId`,`locale`),
  KEY `craft_matrixcontent_blocks_locale_fk` (`locale`)
) ENGINE=InnoDB AUTO_INCREMENT=55 DEFAULT CHARSET=utf8 COLLATE=utf8_unicode_ci;

--
-- Data for table `craft_matrixcontent_blocks`
--

INSERT INTO `craft_matrixcontent_blocks` (`id`, `elementId`, `locale`, `field_oneColumn_heading`, `field_oneColumn_body`, `field_oneColumn_backgroundColor`, `field_homeHero_heading`, `field_homeHero_body`, `field_homeHero_backgroundColor`, `field_twoColumns_heading`, `field_twoColumns_bodyLeft`, `field_twoColumns_bodyRight`, `field_twoColumns_columnsLeft`, `field_twoColumns_columnsRight`, `field_twoColumns_backgroundColor`, `field_homePrograms_heading`, `field_homePrograms_body`, `field_homePrograms_backgroundColor`, `field_homeHero_contactButton`, `field_secondaryHero_heading`, `field_secondaryHero_body`, `field_secondaryHero_contactButton`, `field_secondaryHero_backgroundColor`, `field_secondaryHero_mapAddress`, `field_secondaryHero_mapTitle`, `field_secondaryHero_flexibleArea`, `field_staff_staffName`, `field_staff_staffTitle`, `field_staff_body`, `field_secondaryHero_mapContent`, `field_homeLocations_heading`, `field_homeLocations_body`, `field_contact_heading`, `field_contact_body`, `field_contact_backgroundColor`, `field_events_heading`, `field_events_body`, `field_events_location`, `field_twoColumns_contactButton`, `field_classes_heading`, `field_classes_body`, `field_classes_location`, `field_classes_schedule`, `dateCreated`, `dateUpdated`, `uid`) VALUES
 ('1', '15', 'en_us', NULL, NULL, NULL, 'Kick. Punch. Learn.', '<p>Freddie Poole’s Martial Arts® offers an exclusive hybrid training system that incorporates the traditional training values and principles of karate and tae-kwon-do with a contemporary system of combat, self-defense and fitness.</p>', '#000000', NULL, NULL, NULL, NULL, NULL, NULL, NULL, NULL, NULL, '1', NULL, NULL, '0', NULL, NULL, NULL, NULL, NULL, NULL, NULL, NULL, NULL, NULL, NULL, NULL, NULL, NULL, NULL, NULL, '0', NULL, NULL, NULL, NULL, '2016-03-16 02:47:49', '2016-07-12 14:37:32', 'f2d76f37-eb8f-4832-ad82-f0c1890bec23'),
 ('2', '18', 'en_us', NULL, NULL, NULL, NULL, NULL, NULL, NULL, NULL, NULL, NULL, NULL, NULL, 'Approach', '<p>The key to our success is each discipline being introduced in stages to our student, rather than a front-loading program. This methodical approach ensures students are learning and mastering techniques at the highest level, as opposed to just going through motions. Additionally, we have a variety of skilled instructors teaching our programs. This gives students an advantage of learning martial arts from varied perspectives, which enhances the quality of the training. Each instructor at FPMA® is trained to recognize a student’s personality, learning style, and individual needs.</p>', '#000000', '0', NULL, NULL, '0', NULL, NULL, NULL, NULL, NULL, NULL, NULL, NULL, NULL, NULL, NULL, NULL, NULL, NULL, NULL, NULL, '0', NULL, NULL, NULL, NULL, '2016-03-16 04:17:39', '2016-07-12 14:37:32', 'c1857473-ee8a-4f42-888d-7ef19a36f487'),
 ('3', '21', 'en_us', NULL, NULL, NULL, NULL, NULL, NULL, NULL, NULL, NULL, NULL, NULL, NULL, NULL, NULL, NULL, '0', 'Dragons (4 – 6 YO)', '<p>Specifically designed for children four to six years of age where they will begin to learn the fundamental life skills such as self-discipline, focus, self-control respect, patience and confidence. Dragons will also learn fine motor skills such as strength, balance, flexibility, and coordination.</p>', '1', '#000000', '', '', '', NULL, NULL, NULL, '', NULL, NULL, NULL, NULL, NULL, NULL, NULL, NULL, '0', NULL, NULL, NULL, NULL, '2016-03-24 02:37:17', '2016-07-25 05:47:37', '728f794f-be3e-4a00-8dba-a4629229b816'),
 ('4', '22', 'en_us', '', '<p>Our Dragons program has a fun and energetic class format helps the young students develop skills that set them up for success in life. The structure of the Freddie Poole Dragons program is a key principle of success of the student as it’s a preparatory training program for the Junior Martial Arts Program</p>', '#000000', NULL, NULL, NULL, NULL, NULL, NULL, NULL, NULL, NULL, NULL, NULL, NULL, '0', NULL, NULL, '0', NULL, NULL, NULL, NULL, NULL, NULL, NULL, NULL, NULL, NULL, NULL, NULL, NULL, NULL, NULL, NULL, '0', NULL, NULL, NULL, NULL, '2016-03-24 02:37:17', '2016-07-25 05:47:37', 'ab12eaea-f6f0-4a14-86c0-83ab94274993'),
 ('6', '25', 'en_us', NULL, NULL, NULL, NULL, NULL, NULL, NULL, NULL, NULL, NULL, NULL, NULL, NULL, NULL, NULL, '0', 'North Texas Martial Arts', '<p>North Texas Martial Arts is certified partner school of Freddie Poole Martial Arts; we leverage the same martial arts curriculum as FPMA. North Texas Martial Art is led by Master Steve Sosa, a true martial artist with over 30 years of experience and multiple accolades, who has dedicated his passion for martial arts into teaching and coaching students.</p>', '1', '#000000', '17194 Preston Rd. #215  Dallas, TX United States 75248', 'North Texas Martial Arts', '', NULL, NULL, NULL, '<p>17194 Preston Road, Suite 215<br>Dallas, Texas 75248<br><a href=\"http://tel:972.323.0027\">972.323.0027</a></p>', NULL, NULL, NULL, NULL, NULL, NULL, NULL, NULL, '0', NULL, NULL, NULL, NULL, '2016-03-24 04:22:43', '2016-07-20 16:25:41', '9c86a7f4-3bb5-4019-a21e-fdd9ea9c5935'),
 ('7', '28', 'en_us', NULL, NULL, NULL, NULL, NULL, NULL, NULL, NULL, NULL, NULL, NULL, NULL, NULL, NULL, NULL, '0', 'Instructors', '<p>Our instructors have spent many years perfecting the martial arts craft and continue to go through extensive testing training and certifications to ensure that we are able to provide our students with the best care and instruction. </p>\r\n\r\n\r\n\r\n<p>Here, we’re family, and we&nbsp;enjoy what we do and enjoy sharing that passion with others. Collectively we invest in each student, as we feel that their success is our success!</p>', '1', '#000000', '', '', '', NULL, NULL, NULL, '', NULL, NULL, NULL, NULL, NULL, NULL, NULL, NULL, '0', NULL, NULL, NULL, NULL, '2016-03-25 02:46:04', '2016-07-20 16:24:20', '18868743-9283-401f-8b46-e1c8dd8d8d6e'),
 ('8', '29', 'en_us', NULL, NULL, NULL, NULL, NULL, NULL, NULL, NULL, NULL, NULL, NULL, NULL, NULL, NULL, NULL, '0', NULL, NULL, '0', NULL, NULL, NULL, NULL, 'Steve Sosa', 'Instructor, 7th degree black belt', '<p>Master Steve Sosa has been an unstoppable, highly skilled martial artist for over 30 years. Master Sosa, a 7th degree black belt in karate, was&nbsp;trained by legendary martial artists such as Tim Kirby, Allen Steen, Ray McCallum, Billye Jackson, and Demetrius “The Greek” Havanas - the original members of “Texas Blood ‘n’ Guts” karate in the Dallas area.&nbsp;</p>\r\n\r\n<p>Master Sosa is a passionate trainer who has amassed several prestigious accolades in Martial Arts tournaments including “The Golden Greek” which is the highest award given by the Amateur Organization of Karate. Master Sosa was also honored with the Positive Coaching Alliance’s Double-Goal Coaching Award, awarded to coaches who implement positive life skills, work ethic and drive into their students training.&nbsp;</p>\r\n\r\n\r\n\r\n\r\n\r\n\r\n\r\n\r\n\r\n\r\n\r\n\r\n\r\n\r\n\r\n\r\n\r\n\r\n\r\n\r\n\r\n\r\n\r\n\r\n\r\n\r\n\r\n<p>In 2010 Master Sosa started North Texas Martial Arts (NTMA), which ultimately joined Freddie Poole Martial Arts in 2015.</p>', NULL, NULL, NULL, NULL, NULL, NULL, NULL, NULL, NULL, '0', NULL, NULL, NULL, NULL, '2016-03-25 02:46:04', '2016-07-20 16:24:20', '7b3ca566-113b-46bb-b63c-81cbcbbe413d'),
 ('9', '30', 'en_us', NULL, NULL, NULL, NULL, NULL, NULL, NULL, NULL, NULL, NULL, NULL, NULL, NULL, NULL, NULL, '0', NULL, NULL, '0', NULL, NULL, NULL, NULL, 'Jayda Clayton', 'Instructor, 2nd degree black belt', '<p>Jayda Clayton, a 2nd degree black belt, began her training in January 2007 at the ripe old age of 4. A prodigy of Master Steven Sosa, Jayda received her yellow and brown belts in 2007 and 2009, respectively. At age 7, Jayda became Master Sosa’s first and youngest student in the Tim Kirby lineage&nbsp;to receive her black belt. Jayda has competed in numerous local, state and national karate competitions and won over 60 trophies in sparring and kata competitions with over 40 of them being first place positions.</p>', NULL, NULL, NULL, NULL, NULL, NULL, NULL, NULL, NULL, '0', NULL, NULL, NULL, NULL, '2016-03-25 02:46:04', '2016-07-20 16:24:20', 'a611b8da-107a-4bf5-b572-6da8081217ac'),
 ('10', '31', 'en_us', NULL, NULL, NULL, NULL, NULL, NULL, NULL, NULL, NULL, NULL, NULL, NULL, NULL, NULL, NULL, '0', NULL, NULL, '0', NULL, NULL, NULL, NULL, 'Westin Poole', 'Instructor, 3rd degree black belt', '<p>Westin Poole’s love for karate kicked in as a kid when he&nbsp;began training in martial arts at the age of 6. By 2009, Westin was a certified 1st degree black belt and has no plans of slowing down. He has been teaching for almost eight years and enjoys working with children. The mission behind his teaching is inspiring his students to reach their goals and see the benefits of their hard work.&nbsp;</p>', NULL, NULL, NULL, NULL, NULL, NULL, NULL, NULL, NULL, '0', NULL, NULL, NULL, NULL, '2016-03-25 02:46:04', '2016-07-20 16:24:20', '19a705af-1b19-4dea-9c5f-6a5d91f52f4d'),
 ('11', '35', 'en_us', NULL, NULL, NULL, NULL, NULL, NULL, NULL, NULL, NULL, NULL, NULL, NULL, NULL, NULL, NULL, '0', 'Freddie Poole Martial Arts', '<p>Freddie Poole Martial Arts is conveniently located in Highland Park, just minutes away from Highland Park High School and McCulloch Intermediate School.&nbsp; We offer classes six days a week and have something for everyone in the family, check out our current class schedule below.</p>', '1', '#000000', '5757 W. Lovers Lane #217 Dallas, TX United States 75209', 'Freddie Poole\'s Martial Arts', '<p>Check out&nbsp;our&nbsp;current schedule to keep&nbsp;up to date with our latest offerings!</p>', NULL, NULL, NULL, '<p>5757 West Lovers Lane, Suite 217<br>Dallas,&nbsp;TX United States 75209<br><a href=\"tel:2143525425\">214.352.5425</a></p>', NULL, NULL, NULL, NULL, NULL, NULL, NULL, NULL, '0', NULL, NULL, NULL, NULL, '2016-03-26 22:44:34', '2016-07-28 14:55:02', 'a726a04e-fe3a-4fa5-97c1-df5370879208'),
 ('12', '52', 'en_us', NULL, NULL, NULL, NULL, NULL, NULL, NULL, NULL, NULL, NULL, NULL, NULL, NULL, NULL, NULL, '0', NULL, NULL, '0', NULL, NULL, NULL, NULL, NULL, NULL, NULL, NULL, 'Locations', '<p>We currently have 2 locations to serve you.&nbsp;</p>', NULL, NULL, NULL, NULL, NULL, NULL, '0', NULL, NULL, NULL, NULL, '2016-04-21 04:20:31', '2016-07-12 14:37:32', 'ef05437f-c94a-445b-a453-fd71578d8c42'),
 ('13', '53', 'en_us', NULL, NULL, NULL, NULL, NULL, NULL, '', '<p>Come see for yourself why our martial arts system has been so popular for so many years. Our black belt instructors are here to help you achieve all your marital art and fitness goals.</p>', '', 'col-3-of-5', 'col-2-of-5', '#000000', NULL, NULL, NULL, '0', NULL, NULL, '0', NULL, NULL, NULL, NULL, NULL, NULL, NULL, NULL, NULL, NULL, NULL, NULL, NULL, NULL, NULL, NULL, '1', NULL, NULL, NULL, NULL, '2016-04-21 04:20:31', '2016-07-12 14:37:32', 'a8d4f829-a79c-42c6-9c4c-b2252076f435'),
 ('14', '54', 'en_us', NULL, NULL, NULL, NULL, NULL, NULL, NULL, NULL, NULL, NULL, NULL, NULL, NULL, NULL, NULL, '0', NULL, NULL, '0', NULL, NULL, NULL, NULL, NULL, NULL, NULL, NULL, NULL, NULL, NULL, NULL, NULL, 'FPMA – Class Special Events', '<p>Coming Soon! Please contact us for the most recent class schedule.&nbsp;</p>', 'dallas', '0', NULL, NULL, NULL, NULL, '2016-04-21 04:35:34', '2016-07-28 14:55:02', '8f0483e0-0b93-4bf7-bd57-6449b475cf00'),
 ('15', '55', 'en_us', NULL, NULL, NULL, NULL, NULL, NULL, NULL, NULL, NULL, NULL, NULL, NULL, NULL, NULL, NULL, '0', 'Events', '<p>We pride ourselves in offering superior service and training for parents and kids. Outside of our extensive martial arts programs offered at both of our Dallas locations, FPMA offers various extra personal services that are very educational, affordable and definitely FUN! From private birthday celebrations to women’s self-defense classes, there’s a special FPMA Extra for everyone.</p>', '1', '#000000', '', '', '', NULL, NULL, NULL, '', NULL, NULL, NULL, NULL, NULL, NULL, NULL, NULL, '0', NULL, NULL, NULL, NULL, '2016-04-21 04:39:51', '2016-07-14 02:51:26', '0f3090f4-477e-4e9f-a79a-888e85755edb'),
 ('16', '56', 'en_us', 'Parent’s Nights Out', '<p>Got a date night or hang out with the crew night planned and need somewhere to take the kiddos? Bring ‘em to FPMA for Parents Night Out (PNO). The PNO program is on specified Saturdays from 5-9pm and welcomes both FPMA students and non-members to join in on a night full of pizza, movies, prizes and fun. <strong><em>Oh, did we mention Nerf gun wars, too?</em></strong> <a href=\"{entry:7:url}\">Just give one of our locations a call</a> for more information, pricing and dates for the next PNO.&nbsp;</p>', '#ffffff', NULL, NULL, NULL, NULL, NULL, NULL, NULL, NULL, NULL, NULL, NULL, NULL, '0', NULL, NULL, '0', NULL, NULL, NULL, NULL, NULL, NULL, NULL, NULL, NULL, NULL, NULL, NULL, NULL, NULL, NULL, NULL, '0', NULL, NULL, NULL, NULL, '2016-04-21 04:39:51', '2016-07-14 02:51:26', 'f9271022-e637-4574-a114-76e03a7e9837'),
 ('17', '57', 'en_us', 'Birthday Parties', '<p>Celebrate the birthday for your little martial artists Freddie Poole style! FPMA offers a personal experience with one of our many skilled instructors, ready to teach all of the little partiers some exciting new martial arts moves and put a unique spin on a birthday celebrations. Decorations, music and food are welcome. Interested in having your kid’s next birthday celebration at FPMA? <a href=\"tel:2143525425\">Give one of our locations a call</a> for more information.</p>', '#f5f5f5', NULL, NULL, NULL, NULL, NULL, NULL, NULL, NULL, NULL, NULL, NULL, NULL, '0', NULL, NULL, '0', NULL, NULL, NULL, NULL, NULL, NULL, NULL, NULL, NULL, NULL, NULL, NULL, NULL, NULL, NULL, NULL, '0', NULL, NULL, NULL, NULL, '2016-04-21 04:39:51', '2016-07-14 02:51:26', '387f9b1e-6f67-4af5-aa9c-5ba558b6810a'),
 ('18', '58', 'en_us', 'Special Events', '<p><strong>FPMA is proud to announce our summer 2016 Karate Camp for kids.</strong></p>\r\n\r\n<p>Karate Camp is designed for children ages 4-11 and provides the perfect summer getaway for kids interested in learning more about the many forms of martial art. Give you kids the opportunity to learn more about boosting leadership and teamwork skills, building and improving self confidence, self defense techniques, bully awareness as well as fun martial arts games and drills. Choose from 2 summer camp sessions only a $25 deposit required to reserve a spot. Reach out to a FPMA location for more details.</p>', '#ffffff', NULL, NULL, NULL, NULL, NULL, NULL, NULL, NULL, NULL, NULL, NULL, NULL, '0', NULL, NULL, '0', NULL, NULL, NULL, NULL, NULL, NULL, NULL, NULL, NULL, NULL, NULL, NULL, NULL, NULL, NULL, NULL, '0', NULL, NULL, NULL, NULL, '2016-04-21 04:39:51', '2016-07-14 02:51:26', 'a68191cd-8473-4890-a850-69a3ea0148dc'),
 ('19', '59', 'en_us', NULL, NULL, NULL, NULL, NULL, NULL, NULL, NULL, NULL, NULL, NULL, NULL, NULL, NULL, NULL, '0', 'Contact Us', '<p>Come see for yourself why our martial&nbsp;arts system has been popular for so many years. Our black belt instructors are here to help you achieve all your martial art and fitness goals.&nbsp;</p>', '0', '#000000', '', '', '', NULL, NULL, NULL, '', NULL, NULL, NULL, NULL, NULL, NULL, NULL, NULL, '0', NULL, NULL, NULL, NULL, '2016-04-21 04:41:43', '2016-07-27 04:02:52', 'a838bf2b-23cf-4599-b2de-1cf451e202f6'),
 ('20', '60', 'en_us', NULL, NULL, NULL, NULL, NULL, NULL, NULL, NULL, NULL, NULL, NULL, NULL, NULL, NULL, NULL, '0', NULL, NULL, '0', NULL, NULL, NULL, NULL, NULL, NULL, NULL, NULL, NULL, NULL, 'Contact Us', '', '#f5f5f5', NULL, NULL, NULL, '0', NULL, NULL, NULL, NULL, '2016-04-21 04:42:25', '2016-07-27 04:02:52', '166aa9ec-ae2b-4c92-95f2-41f15e1c0b12'),
 ('21', '65', 'en_us', NULL, NULL, NULL, NULL, NULL, NULL, NULL, NULL, NULL, NULL, NULL, NULL, NULL, NULL, NULL, '0', NULL, NULL, '0', NULL, NULL, NULL, NULL, 'Vanny Boon', 'Instructor, 5th degree black belt, Saekson Muay Thai ', '<p>Master Vanny Boon is a certified 5th degree black belt skilled in various forms of martial arts including Taekwondo Do, Muay Thai, Brazilian Jiu jitsu and Boxing. Master Boon’s passion and experience for martial arts began when he started training at the age of 5 and spans over 25 years.&nbsp;Master Boon trained under Grand Master Hong, Master Freddie Poole and Muay Thai world champion Saekson Janjira.</p>', NULL, NULL, NULL, NULL, NULL, NULL, NULL, NULL, NULL, '0', NULL, NULL, NULL, NULL, '2016-06-06 22:03:30', '2016-07-20 16:24:20', 'aee3c1c5-d0a4-46cc-8269-d6b1524ca76f'),
 ('22', '66', 'en_us', NULL, NULL, NULL, NULL, NULL, NULL, NULL, NULL, NULL, NULL, NULL, NULL, NULL, NULL, NULL, '0', NULL, NULL, '0', NULL, NULL, NULL, NULL, 'Johnny Rodriguez', 'Instructor, Machado black belt', '<p>Professor Johnny Rodriguez is a highly skilled black belt in Brazilian Jiu-Jitsu with over 20 years of training in several martial art forms including Kenpo karate, Aikido, Judo and Muay Thai. Professor Rodriguez teaches workshops, self-defense seminars, and has previously worked in law enforcement. &nbsp;Professor Rodriguez actively coaches students in preparation for Brazilian Jiu-Jitsu tournaments and MMA bouts and still competes in many Brazilian Jiu-Jitsu tournaments.&nbsp;</p>', NULL, NULL, NULL, NULL, NULL, NULL, NULL, NULL, NULL, '0', NULL, NULL, NULL, NULL, '2016-06-06 22:03:30', '2016-07-20 16:24:20', '371f7237-b3b1-4bef-87d1-a60cf1204569'),
 ('23', '67', 'en_us', NULL, NULL, NULL, NULL, NULL, NULL, NULL, NULL, NULL, NULL, NULL, NULL, NULL, NULL, NULL, '0', NULL, NULL, '0', NULL, NULL, NULL, NULL, 'Gerardo Mulas', 'Instructor, Certified Personal Trainer, Yoga', '<p>Gerardo Mulas is a certified personal trainer, yoga and martial arts expert whose mission is educating students the benefits of fitness,&nbsp;health and wellness goals. Gerardo specializes in sports performance, weight loss, injury rehabilitation, stress relief, nutritional counseling and meal planning. Gerardo has over two decades of professional and collegiate athletics under his belt, along with extensive training in kickboxing, boxing and grappling.</p>', NULL, NULL, NULL, NULL, NULL, NULL, NULL, NULL, NULL, '0', NULL, NULL, NULL, NULL, '2016-06-06 22:03:30', '2016-07-20 16:24:20', '4c1cb86b-5817-448e-9715-56e6f9852b0d'),
 ('24', '68', 'en_us', NULL, NULL, NULL, NULL, NULL, NULL, NULL, NULL, NULL, NULL, NULL, NULL, NULL, NULL, NULL, '0', NULL, NULL, '0', NULL, NULL, NULL, NULL, 'Randy Stem', 'Instructor, 5th degree black belt, fitness trainer ', '<p>Randy Stem is a 5th degree black belt trained in Karate, Kickboxing, and Judo and Brazilian Jiu-Jitsu. Randy studied under the teachings of Allen Steen, widely recognized as the \'Father of American Taekwondo\', and has over 45 years of experience mastering martial arts. Randy strongly encourages his students to build a firm foundation in martial arts early on by focusing on the development of basic fundamental motor skills and concepts.</p>', NULL, NULL, NULL, NULL, NULL, NULL, NULL, NULL, NULL, '0', NULL, NULL, NULL, NULL, '2016-06-06 22:03:30', '2016-07-20 16:24:20', 'a5332076-fb63-4c26-8662-59309a194ac1'),
 ('25', '69', 'en_us', NULL, NULL, NULL, NULL, NULL, NULL, NULL, NULL, NULL, NULL, NULL, NULL, NULL, NULL, NULL, '0', NULL, NULL, '0', NULL, NULL, NULL, NULL, 'Sovandy Om', 'Instructor, 5th degree black belt', '<p>Master Sovandy Om is a 5th degree black belt, kickboxing fitness certified trainer and a FPMA student favorite. Master Om has trained extensively in Tae Kwon Do, MMA, Gymnastic, as well as Crossfit. Along with a passion for martial arts, Master Om has an even bigger passion for fitness. Master Om works tirelessly with helping the students execute proper technique to achieve the maximum benefits, as well as helping students reach and exceed their fitness goals.</p>', NULL, NULL, NULL, NULL, NULL, NULL, NULL, NULL, NULL, '0', NULL, NULL, NULL, NULL, '2016-06-06 22:03:30', '2016-07-20 16:24:20', 'ed8d68ad-e98f-4361-a7df-35b514642d2f'),
 ('26', '70', 'en_us', NULL, NULL, NULL, NULL, NULL, NULL, NULL, NULL, NULL, NULL, NULL, NULL, NULL, NULL, NULL, '0', NULL, NULL, '0', NULL, NULL, NULL, NULL, 'Alex Garcia', 'Instructor, 2nd degree black belt', '<p>Alex Garcia is a 2nd degree black belt in Tae Kwon Do who gravitated towards the world of martial arts at the age of 4. Alex soon began training to develop and perfect his skills for martial arts and became a student at Freddie Poole\'s Martial Arts at the age of 10. Within 2 years, Alex’s dedication transformed him into an avid competitor.&nbsp;Alex received several 1st place wins in state martial arts championships.</p>', NULL, NULL, NULL, NULL, NULL, NULL, NULL, NULL, NULL, '0', NULL, NULL, NULL, NULL, '2016-06-06 22:03:30', '2016-07-20 16:24:20', '1ab1e2a5-a599-4b21-9367-e5f417237c8c'),
 ('27', '71', 'en_us', NULL, NULL, NULL, NULL, NULL, NULL, NULL, NULL, NULL, NULL, NULL, NULL, NULL, NULL, NULL, '0', NULL, NULL, '0', NULL, NULL, NULL, NULL, 'Nathan Bagby', 'Instructor, 3rd degree black belt, Muay Thai ', '<p>Nathanael “Nathan” Bagby is a 3rd degree black belt and an accomplished Muay Thai fighter and instructor. Nathan first became interested and started training in martial arts at the age of 8, and in the past 25 years, has trained in Isshinryu Karate, Eskrima, Tae Kwon Do, American Kickboxing, Brazilian Jiu Jitsu, Close Quarter Combat, Boxing, and Muay Thai. &nbsp;Nathan has successfully competed&nbsp;in several amateur and professional kickboxing and Muay Thai bouts.&nbsp;</p>', NULL, NULL, NULL, NULL, NULL, NULL, NULL, NULL, NULL, '0', NULL, NULL, NULL, NULL, '2016-06-06 22:03:30', '2016-07-20 16:24:20', '73dc49b7-91d4-4d1e-befe-8d9b8bc3357f'),
 ('28', '72', 'en_us', NULL, NULL, NULL, NULL, NULL, NULL, NULL, NULL, NULL, NULL, NULL, NULL, NULL, NULL, NULL, '0', NULL, NULL, '0', NULL, NULL, NULL, NULL, 'Mike Rose', 'Instructor, Machado black belt ', '<p>Mike Rose has over 25 years of martial arts training, competition, and teaching experience in both Judo and Brazilian Jiu Jitsu. Mike started training in Judo in 1992 and currently&nbsp;holds a&nbsp;black belt. In 1998, under the teachings of Greg Nelson, Mike began training in Brazilian Jiu Jitsu and received his blue belt in 1999 and his black belt in 2009.</p>', NULL, NULL, NULL, NULL, NULL, NULL, NULL, NULL, NULL, '0', NULL, NULL, NULL, NULL, '2016-06-06 22:03:30', '2016-07-20 16:24:20', '28cd70ca-e779-45c6-9712-506d481676da'),
 ('29', '75', 'en_us', NULL, NULL, NULL, NULL, NULL, NULL, NULL, NULL, NULL, NULL, NULL, NULL, NULL, NULL, NULL, '0', 'About Freddie', '<p>Freddie Poole began martial arts training in 1981, at the age of seven years old. He began studying at Southwest Karate Academy under Demetrius “Golden Greek” Havanas. Southwest Karate Academy produced some of the best martial arts champions and competitors in the world, at that time. The 80’s were the tail end of the “Texas Blood and Guts” era of martial arts. The lineage began with Jhoon Rhee and his first black belt was Allen Steen. Steen went on to train many black belts and students and Texas was known for producing some of the best fighters in the country. Tim Kirby, Billye Jackson, Raymond McCallum, and Santae Wilson Jr.&nbsp; were some of the world-class competitors who had influence over Poole’s training and development.</p>', '1', '#000000', '', '', '', NULL, NULL, NULL, '', NULL, NULL, NULL, NULL, NULL, NULL, NULL, NULL, '0', NULL, NULL, NULL, NULL, '2016-06-15 02:59:06', '2016-07-14 02:38:57', 'd67fadfa-13c1-4d98-afad-25844248a68e'),
 ('30', '76', 'en_us', '', '<h3>Poole received his 1st degree black belt in 1986, under Tim Kirby, Billye Jackson and Raymond McCallum. Poole competed in the AOK and was a top ranked competitor in forms and fighting for many years as a junior competitor.</h3>\r\n\r\n\r\n\r\n<p>Poole began working for and training with long time friend and kickboxing/MMA champion Guy Mezger in 1993. Poole began honing his boxing and kickboxing skills with Mezger, Billye Jackson, Santae Wilson Jr. and Coach Charles Brown and went on to win a national title in 1997, which earned a spot on the US National Kickboxing team.</p>\r\n\r\n\r\n\r\n<p>Poole’s boxing experience comes from training with some of the best coaches in the business. Phil Sawyer and Olympic Boxing Bronze medalist Charles Brown have influenced Poole in his boxing training, as well as Alex Andrade, David Douglas and Michael Montoya.</p>\r\n\r\n<p>Poole has several years of Muay Thai experience, training with Francisco Sanchez of New World Combat, as well as World Muay Thai champion and MMA veteran Pete Spratt and Muay Thai champion Jason House.</p>\r\n\r\n\r\n\r\n\r\n\r\n\r\n\r\n\r\n\r\n\r\n\r\n<p>Poole’s Judo experience comes from training with Master Vince Tamura and Judo Black Belt Rico Castro.</p>\r\n\r\n<p>Poole currently trains under the tutelage of 8th degree Brazilian Jiu Jitsu master, Carlos Machado, where he holds a brown belt and is a proud affiliate of Machado Jiu Jitsu. Poole has also trained with many talented Brazilian Jiu Jitsu black belts including Kenny McClure, Jeff Sawyer, Rico Castro and Taryn Douglas.</p>\r\n\r\n\r\n\r\n<p>Poole has competed all over the United States and internationally in Europe, winning a KICK International title in 2004 along with many team karate titles from 1999-2004. Poole also fought for Team Texas in Chuck Norris’s televised fight league, The World Combat League.</p>\r\n\r\n\r\n\r\n<p> Poole has parlayed his training and knowledge of martial arts into a successful career as a stuntman and fight/stunt coordinator for <a href=\"http://www.imdb.com/name/nm1336664/\">television and film</a>. Poole has performed and worked alongside some of the top names in the action world like Sylvester Stallone, Chuck Norris, Ben Affleck, Jason Statham and many others. Poole can be seen on popular television shows like The Walking Dead, Sons of Anarchy, From Dusk till Dawn and Marvel’s AGENTS of the SHIELD just to name a few and he has served as a stunt double, performing various feats of action for actors Sylvester Stallone, Frank Grillo and Jesse Metcalfe as well as many others. As a fight coordinator and stunt coordinator, Poole oversees and is in charge of action for feature films that can be seen on anywhere from Netflix to the big screen and television shows on network TV!</p>', '#000000', NULL, NULL, NULL, NULL, NULL, NULL, NULL, NULL, NULL, NULL, NULL, NULL, '0', NULL, NULL, '0', NULL, NULL, NULL, NULL, NULL, NULL, NULL, NULL, NULL, NULL, NULL, NULL, NULL, NULL, NULL, NULL, '0', NULL, NULL, NULL, NULL, '2016-06-15 02:59:06', '2016-07-14 02:38:57', '0cf706ae-759a-4cc0-b789-661f2ee970c9'),
 ('31', '77', 'en_us', 'Women’s Self Defense Seminars', '<p>Safety for our members is a major priority for us. FPMA offers self-defense classes for women to learn how to protect themselves and their loved ones from unexpected attacks. Join FPMA for one of our Women’s Self Defense Seminars in partnership with Not Dead Yet Apparel. Come get hands-on training as we demonstrate various self-defense techniques, learn empowering safety awareness and practices. Attendance is always free, but we accept donations of $25 or more to benefit a designated local non-profit organization. Take the first step by contacting one of our locations for more information.</p>', '#f5f5f5', NULL, NULL, NULL, NULL, NULL, NULL, NULL, NULL, NULL, NULL, NULL, NULL, '0', NULL, NULL, '0', NULL, NULL, NULL, NULL, NULL, NULL, NULL, NULL, NULL, NULL, NULL, NULL, NULL, NULL, NULL, NULL, '0', NULL, NULL, NULL, NULL, '2016-06-15 03:07:18', '2016-07-14 02:51:26', 'df398b75-66b1-4dec-84d4-cd11760c52b0'),
 ('32', '78', 'en_us', 'Personal Training ', '<p>For the member who wants to learn the valuable techniques of martial arts outside of a group setting, FPMA offers specialized one-on-one training sessions. Members get individually structured personal instruction from one of our certified martial arts trainers. Training sessions are customized to benefit each student in any skill level, from a novice student wanting a more personal experience or an advanced student preparing for competition. <a href=\"{entry:32:url}\">Contact one of our two Dallas locations</a> for more details.&nbsp;</p>', '#ffffff', NULL, NULL, NULL, NULL, NULL, NULL, NULL, NULL, NULL, NULL, NULL, NULL, '0', NULL, NULL, '0', NULL, NULL, NULL, NULL, NULL, NULL, NULL, NULL, NULL, NULL, NULL, NULL, NULL, NULL, NULL, NULL, '0', NULL, NULL, NULL, NULL, '2016-06-15 03:07:18', '2016-07-14 02:51:26', '670bac2c-9d6d-4d3f-8643-a51b3d5a6461'),
 ('33', '79', 'en_us', NULL, NULL, NULL, NULL, NULL, NULL, NULL, NULL, NULL, NULL, NULL, NULL, NULL, NULL, NULL, '0', 'Juniors', '<p><strong>Juniors: (7 to 12 years old)&nbsp;<br></strong></p>\r\n\r\n<p>Freddie Poole’s Martial Arts®&nbsp;junior martial arts program&nbsp;is a unique training system that combines traditional values and principles with a modern system of combat, self-defense and fitness. Our exclusive system and program is a hybrid style, which incorporates training methods of karate and tae-kwon-do with westernized boxing, judo and Brazilian Jiu Jitsu. FPMA has a variety of instructors teaching our program. This gives students an advantage of learning martial arts from different perspectives, which enhances the quality of training.&nbsp;</p>', '1', '#000000', '', '', '', NULL, NULL, NULL, '', NULL, NULL, NULL, NULL, NULL, NULL, NULL, NULL, '0', NULL, NULL, NULL, NULL, '2016-06-15 03:14:24', '2016-06-27 01:54:15', 'f21fe7a0-789b-4c40-9795-4caa5e401f46'),
 ('34', '80', 'en_us', '', '<p>Our Juniors program focuses on advancement and growth based on each child’s individual pace. The key to our success is each discipline is introduced in stages to the student, rather than front-loading a program. Juniors will begin to grasp the concept of self-discipline as they achieve goals. When he/she tackles more difficult goals, the self-confidence grows and serves as a strong foundation in all aspects of life.</p>', '#ffffff', NULL, NULL, NULL, NULL, NULL, NULL, NULL, NULL, NULL, NULL, NULL, NULL, '0', NULL, NULL, '0', NULL, NULL, NULL, NULL, NULL, NULL, NULL, NULL, NULL, NULL, NULL, NULL, NULL, NULL, NULL, NULL, '0', NULL, NULL, NULL, NULL, '2016-06-15 03:14:24', '2016-06-27 01:54:15', '417a7782-fdf0-4fc0-acbe-6616ae5bff18'),
 ('35', '82', 'en_us', NULL, NULL, NULL, NULL, NULL, NULL, NULL, NULL, NULL, NULL, NULL, NULL, NULL, NULL, NULL, '0', 'Brazilian Jiu-Jitsu', '<p><strong>Brazilian Jiu-Jitsu: (7 to 12-year-old + Adults)&nbsp;</strong></p>\r\n\r\n<p>The sport of Brazilian Jiu Jitsu can be quite complex. Our intro program helps break down all the essential concepts of the sport making it much easier to pick up for anybody. Freddie Poole’s Martial arts is a proud affiliate of the Carlos Machado BJJ association and network. Carlos Machado is nephew to one of the founders of Brazilian Jiu Jitsu, late master Carlos Gracie. Carlos is determined to keep the legacy going through teaching and partnering with others including our very own, Freddie Poole.&nbsp;</p>', '1', '#000000', '', '', '', NULL, NULL, NULL, '', NULL, NULL, NULL, NULL, NULL, NULL, NULL, NULL, '0', NULL, NULL, NULL, NULL, '2016-06-15 03:20:08', '2016-07-14 02:55:56', '67b0a58e-269a-4af5-8147-93435505c906'),
 ('36', '83', 'en_us', '', '<p>Our classes are curriculum oriented, providing a fast paced yet easy approach to learning Brazilian Jiu Jitsu for children (7-12 years of age) and adults. Students achieve great results in a short amount of time learning realistic skills great for both self-defense and increasing fitness and stamina. Students also learn strategies for advancing in rank after completing time and skill requirements, all in a fun and safe environment.</p>', '#ffffff', NULL, NULL, NULL, NULL, NULL, NULL, NULL, NULL, NULL, NULL, NULL, NULL, '0', NULL, NULL, '0', NULL, NULL, NULL, NULL, NULL, NULL, NULL, NULL, NULL, NULL, NULL, NULL, NULL, NULL, NULL, NULL, '0', NULL, NULL, NULL, NULL, '2016-06-15 03:20:08', '2016-07-14 02:55:56', 'b5533ea2-b512-4631-9d88-a84b74ac7e3a'),
 ('37', '84', 'en_us', 'Kids BJJ Program', '<p>The FPMA Brazilian Jiu Jitsu kids program is the perfect tool to change your child’s life forever. Lessons learned both on and off the mat will instill in them a confidence and self-belief that will continue with them throughout their lives. Plus, it’s FUN! FPMA stands firm on our anti-bullying policies, which have been reverse engineered to safely and effectively repel any aggressor, with truly phenomenal results.</p>\r\n\r\n<p>Overall, the Kids BBJ program is designed to develop a sense of discipline, determination, leadership, commitment, responsibility, good sportsmanship and confidence into our future leaders</p>', '#f5f5f5', NULL, NULL, NULL, NULL, NULL, NULL, NULL, NULL, NULL, NULL, NULL, NULL, '0', NULL, NULL, '0', NULL, NULL, NULL, NULL, NULL, NULL, NULL, NULL, NULL, NULL, NULL, NULL, NULL, NULL, NULL, NULL, '0', NULL, NULL, NULL, NULL, '2016-06-15 03:20:08', '2016-07-14 02:55:56', '5941b1fd-eb72-48d8-87e3-b0d55fb19eda'),
 ('38', '85', 'en_us', 'Adults BJJ Fundamentals', '<p>FPMA BJJ Fundamentals Program is designed to teach the overall self-defense strategy of Brazilian Jiu-Jitsu. The class begins with a pre-workout involving many body weight exercises and it will teach you the basics, from learning how to fall, to clinching, taking down and successfully setting up and applying a submission hold as well as various escapes. We provide a detailed instruction in wrestling, judo, and Brazilian Jiu Jitsu, as they are all relevant to mastership. The class ends with positional training that helps students focus on the lesson of the week and get a feel for live training. Through repetition techniques, your training will slowly prepare you to begin drilling at a full resistance.</p>', '#ffffff', NULL, NULL, NULL, NULL, NULL, NULL, NULL, NULL, NULL, NULL, NULL, NULL, '0', NULL, NULL, '0', NULL, NULL, NULL, NULL, NULL, NULL, NULL, NULL, NULL, NULL, NULL, NULL, NULL, NULL, NULL, NULL, '0', NULL, NULL, NULL, NULL, '2016-06-15 03:20:08', '2016-07-14 02:55:56', '0f7621d5-967d-4787-a968-03232f518fb6'),
 ('40', '88', 'en_us', '', '<p>As intimidating as it may sound, kickboxing is perfect for all ladies. From beginners to experts, you’re sure to get the most from the&nbsp;private like atmosphere and pace of the class. With a dedicated staff of skilled professionals, kickboxing is the ideal workout option for mothers looking for an alternative to going to the gym and unique workout options with morning, afternoon and evening classes available.</p>', '#ffffff', NULL, NULL, NULL, NULL, NULL, NULL, NULL, NULL, NULL, NULL, NULL, NULL, '0', NULL, NULL, '0', NULL, NULL, NULL, NULL, NULL, NULL, NULL, NULL, NULL, NULL, NULL, NULL, NULL, NULL, NULL, NULL, '0', NULL, NULL, NULL, NULL, '2016-06-15 03:22:24', '2016-06-27 01:38:17', 'f49de6df-c1ba-45b6-9f42-ad1b496e9ef1'),
 ('41', '90', 'en_us', NULL, NULL, NULL, NULL, NULL, NULL, NULL, NULL, NULL, NULL, NULL, NULL, NULL, NULL, NULL, '0', 'Martial Arts', '<p><strong>Martial Arts (7 to 12 years old + Adults)</strong></p>\r\n\r\n<p>Martial arts training helps to develop an indomitable spirit in practitioners of any age and any skill level. FPMA martial arts program focuses on increased concentration, ability to memorize and awareness. Many of our students say there is no better stress relief than coming onto the mat and pushing their minds, bodies and spirits to the limits.</p>', '1', '#000000', '', '', '', NULL, NULL, NULL, '', NULL, NULL, NULL, NULL, NULL, NULL, NULL, NULL, '0', NULL, NULL, NULL, NULL, '2016-06-15 03:26:32', '2016-06-27 02:02:13', '73d5fee4-7090-492f-a483-b68d71a17f03'),
 ('42', '91', 'en_us', 'Martial Arts: Juniors', '<h3>Freddie Poole Beginner’s Course (White Belts):</h3>\r\n\r\n<p>This class begins with traditional Chung Do Kwon (Tae Kwon Do) and karate. Students learn basic commands, basic stances and blocks, and basic kicks and punches. This program implements boxing to enhance and modernize the system. Students’ progress through short-term goals (stripes) to reach their long-term goal (colored rank). Students learn practical and situational self-defense as well. Classes are thirty minutes (for greater retention of material), in a fun, yet disciplined and true martial arts environment.</p>\r\n\r\n\r\n\r\n\r\n\r\n\r\n\r\n\r\n\r\n\r\n\r\n\r\n\r\n<h3>Freddie Poole Intermediate Course (Orange through Purple belts):</h3>\r\n\r\n\r\n\r\n\r\n\r\n\r\n\r\n\r\n\r\n\r\n\r\n<p>The Freddie Poole Intermediate Karate Course focuses on the student’s concentration and increases physical fitness through agility and coordination drills. Balance and kicking technique are emphasized as well as an introduction to sparring technique and strategy. Each step of the way, children are guided towards a true understanding of their new found skills and associated responsibilities. To balance and complete the intermediate program, students will learn basic judo and take downs (blue belt). Class time will increase to 45 minutes to an hour long.</p>\r\n\r\n\r\n\r\n\r\n\r\n\r\n\r\n\r\n\r\n<h3>Freddie Poole Advanced Course (Red through Black Belt):</h3>\r\n\r\n\r\n\r\n\r\n\r\n\r\n\r\n\r\n\r\n<p>In the Freddie Poole Advanced Karate Program, students are introduced to advanced technique drills and advanced forms. Students’ progress to a more intense and advanced sparring level in preparation for Black Belt. To create a well-balanced program and student, the Freddie Poole Advanced course focuses on self-defense and mental awareness, with a heavy emphasis on grappling and Brazilian Jiu Jitsu fitness goals.</p>', '#ffffff', NULL, NULL, NULL, NULL, NULL, NULL, NULL, NULL, NULL, NULL, NULL, NULL, '0', NULL, NULL, '0', NULL, NULL, NULL, NULL, NULL, NULL, NULL, NULL, NULL, NULL, NULL, NULL, NULL, NULL, NULL, NULL, '0', NULL, NULL, NULL, NULL, '2016-06-15 03:26:32', '2016-06-27 02:02:13', '669b8866-1d90-4755-9832-e5e477eb5179'),
 ('43', '92', 'en_us', 'Martial Arts: Adults', '<p>The adult curriculum is a structured traditional program complimented by modern training techniques that provide students the opportunity to understand theory as well as practical application.</p>\r\n\r\n<p>Students learn techniques and strategies that can truly be life-saving skills as well as give overall fitness. New students will see improvement in their coordination, flexibility and muscle tone in just a few short weeks. Those who become proficient in martial arts will have better stamina, strength and peace of mind that comes from knowing they can efficiently and effectively defend themselves.</p>', '#f5f5f5', NULL, NULL, NULL, NULL, NULL, NULL, NULL, NULL, NULL, NULL, NULL, NULL, '0', NULL, NULL, '0', NULL, NULL, NULL, NULL, NULL, NULL, NULL, NULL, NULL, NULL, NULL, NULL, NULL, NULL, NULL, NULL, '0', NULL, NULL, NULL, NULL, '2016-06-15 03:26:32', '2016-06-27 02:02:13', '431fc126-c2dd-46ee-9286-fedc5f658452'),
 ('44', '94', 'en_us', NULL, NULL, NULL, NULL, NULL, NULL, NULL, NULL, NULL, NULL, NULL, NULL, NULL, NULL, NULL, '0', 'Muay Thai Kickboxing', '<p><strong>Muay Thai: Adults</strong><br></p>\r\n\r\n<p>Muay Thai is a combat sport from Thailand that uses stand-up strikes along with various clinch techniques. This physical and mental discipline is known as \"the art of eight limbs\" because it is characterized by the combined use of fists, elbows, knees and shins during training.&nbsp;</p>', '1', '#000000', '', '', '', NULL, NULL, NULL, '', NULL, NULL, NULL, NULL, NULL, NULL, NULL, NULL, '0', NULL, NULL, NULL, NULL, '2016-06-15 03:30:34', '2016-07-15 02:42:23', 'b96c5949-c985-4418-9157-d7bf2a05347c'),
 ('45', '95', 'en_us', '', '<p>Individuals participating in this program achieve outstanding physical conditioning due to the highly intense yet fun&nbsp;nature of striking through the use of bag&nbsp;drills, mitt drills&nbsp;and pad work. This self paced class is taught by high level instructors with years of training in this discipline, who encourage each participant to reach their full physical potential. &nbsp; &nbsp; &nbsp; &nbsp;&nbsp;</p>', '#ffffff', NULL, NULL, NULL, NULL, NULL, NULL, NULL, NULL, NULL, NULL, NULL, NULL, '0', NULL, NULL, '0', NULL, NULL, NULL, NULL, NULL, NULL, NULL, NULL, NULL, NULL, NULL, NULL, NULL, NULL, NULL, NULL, '0', NULL, NULL, NULL, NULL, '2016-06-15 03:30:34', '2016-07-15 02:42:23', 'f74ab22b-f9db-41f6-818e-870065515ad0'),
 ('46', '97', 'en_us', NULL, NULL, NULL, NULL, NULL, NULL, NULL, NULL, NULL, NULL, NULL, NULL, NULL, NULL, NULL, '0', 'Leadership', '<p>The FPMA Leadership Program is an instructor recommended program. Students must first attain a blue belt through the Intermediate Program. They must also demonstrate leadership qualities to receive nominations.</p>', '1', '#000000', '', '', '', NULL, NULL, NULL, '', NULL, NULL, NULL, NULL, NULL, NULL, NULL, NULL, '0', NULL, NULL, NULL, NULL, '2016-06-15 03:31:34', '2016-06-27 02:01:18', 'cd24b83b-9bbd-429b-ab02-6d8e0555c449'),
 ('47', '98', 'en_us', '', '<p>The FPMA Leadership Program focuses on developing leaders, not only in Martial Arts, but in the community as well. Each month leadership students are required to demonstrate and apply a new leadership skill at home, at school, and in the Martial&nbsp;Arts training.</p>', '#ffffff', NULL, NULL, NULL, NULL, NULL, NULL, NULL, NULL, NULL, NULL, NULL, NULL, '0', NULL, NULL, '0', NULL, NULL, NULL, NULL, NULL, NULL, NULL, NULL, NULL, NULL, NULL, NULL, NULL, NULL, NULL, NULL, '0', NULL, NULL, NULL, NULL, '2016-06-15 03:31:34', '2016-06-27 02:01:18', 'b6e0ffcb-cc1d-42c8-aab6-6585bf19df49'),
 ('48', '103', 'en_us', NULL, NULL, NULL, NULL, NULL, NULL, NULL, NULL, NULL, NULL, NULL, NULL, NULL, NULL, NULL, '0', NULL, NULL, '0', NULL, NULL, NULL, NULL, NULL, NULL, NULL, NULL, NULL, NULL, NULL, NULL, NULL, 'NTMA – Class Schedule', '<p>Coming soon! Please contact us for the most recent class schedule.&nbsp;</p>', 'northDallas', '0', NULL, NULL, NULL, NULL, '2016-06-15 04:00:58', '2016-07-20 16:25:41', '182b8ee5-2343-4d83-9425-d691cd4533c1'),
 ('49', '112', 'en_us', NULL, NULL, NULL, NULL, NULL, NULL, NULL, NULL, NULL, NULL, NULL, NULL, NULL, NULL, NULL, '0', 'Ladies Kickboxing', '<p>The Ladies Kickboxing program is exclusively for ladies looking to combine an intense physical workout with the added perk of self-defense practices. Outside of incorporating various types of kickboxing techniques and strikes, FPMA Ladies kickboxing helps to educate students on many aspects of weight training, physical conditioning and yoga.&nbsp;</p>', '1', '#000000', '', '', '', NULL, NULL, NULL, '', NULL, NULL, NULL, NULL, NULL, NULL, NULL, NULL, '0', NULL, NULL, NULL, NULL, '2016-06-27 01:38:17', '2016-06-27 01:38:17', 'e2990b67-a75d-45e4-8d74-67f7729fefd9'),
 ('50', '129', 'en_us', NULL, NULL, NULL, NULL, NULL, NULL, NULL, NULL, NULL, NULL, NULL, NULL, NULL, NULL, NULL, '0', 'FPMA', '<p>Since opening its doors in 2004, Freddie Poole\'s Martial Arts has been impacting thousands of lives in the community. Our friendly staff looks forward each day to helping our students achieve their goals.<br></p>', '1', '#000000', '', '', '', NULL, NULL, NULL, '', NULL, NULL, NULL, NULL, NULL, NULL, NULL, NULL, '0', NULL, NULL, NULL, NULL, '2016-07-14 02:32:44', '2016-07-14 02:57:37', '14afdfea-cbff-4f77-92cf-b0e0fbe3df2a'),
 ('51', '132', 'en_us', '', '<p>Although standards are set high, each student at FPMA is evaluated on an individual basis to ensure progression on their own timeline. This approach ensures students achieve and earn rank on their own merit. We encourage our students to trust the process and enjoy it. Earning a black belt at FPMA is a once in a lifetime experience! The dedicated team of instructors at FPMA have taken their experience of martial arts and created a well-rounded training system for all ages. Freddie Poole’s Martial Arts is the most balanced martial arts training system, combining traditional training elements with practical real world application. By integrating both of these elements into one system, one can truly train in mixed martial arts.</p>', '#000000', NULL, NULL, NULL, NULL, NULL, NULL, NULL, NULL, NULL, NULL, NULL, NULL, '0', NULL, NULL, '0', NULL, NULL, NULL, NULL, NULL, NULL, NULL, NULL, NULL, NULL, NULL, NULL, NULL, NULL, NULL, NULL, '0', NULL, NULL, NULL, NULL, '2016-07-14 02:57:12', '2016-07-14 02:57:37', '24a227ad-0e8c-45ff-a275-4c45e10a67bf'),
 ('54', '181', 'en_us', NULL, NULL, NULL, NULL, NULL, NULL, NULL, NULL, NULL, NULL, NULL, NULL, NULL, NULL, NULL, '0', NULL, NULL, '0', NULL, NULL, NULL, NULL, NULL, NULL, NULL, NULL, NULL, NULL, NULL, NULL, NULL, NULL, NULL, NULL, '0', 'FPMA – Class Schedule ', '', 'dallas', '[{\"col1\":\"6:30 AM\",\"col2\":\"\",\"col3\":\"Muay Thai\",\"col4\":\"\",\"col5\":\"\",\"col6\":\"\",\"col7\":\"\"},{\"col1\":\"9:15 AM\",\"col2\":\"Ladies Kickboxing\",\"col3\":\"\",\"col4\":\"Ladies Kickboxing\",\"col5\":\"\",\"col6\":\"Ladies Kickboxing\",\"col7\":\"\"}]', '2016-07-26 19:10:06', '2016-07-28 14:55:02', '2d936a4f-9fc5-4a4d-9d1b-4b8a6b1d23a6');



DROP TABLE IF EXISTS `craft_migrations`;


--
-- Schema for table `craft_migrations`
--
CREATE TABLE `craft_migrations` (
  `id` int(11) NOT NULL AUTO_INCREMENT,
  `pluginId` int(11) DEFAULT NULL,
  `version` varchar(255) COLLATE utf8_unicode_ci NOT NULL,
  `applyTime` datetime NOT NULL,
  `dateCreated` datetime NOT NULL,
  `dateUpdated` datetime NOT NULL,
  `uid` char(36) COLLATE utf8_unicode_ci NOT NULL DEFAULT '0',
  PRIMARY KEY (`id`),
  UNIQUE KEY `craft_migrations_version_unq_idx` (`version`),
  KEY `craft_migrations_pluginId_fk` (`pluginId`)
) ENGINE=InnoDB AUTO_INCREMENT=34 DEFAULT CHARSET=utf8 COLLATE=utf8_unicode_ci;

--
-- Data for table `craft_migrations`
--

INSERT INTO `craft_migrations` (`id`, `pluginId`, `version`, `applyTime`, `dateCreated`, `dateUpdated`, `uid`) VALUES
 ('1', NULL, 'm000000_000000_base', '2016-03-12 17:48:24', '2016-03-12 17:48:25', '2016-03-12 17:48:25', '94e319c6-bb7e-49cf-b74e-da4231b58420'),
 ('2', NULL, 'm140730_000001_add_filename_and_format_to_transformindex', '2016-03-12 17:48:25', '2016-03-12 17:48:25', '2016-03-12 17:48:25', '3321a1cd-d1ab-49ea-9d4c-4f450d92c373'),
 ('3', NULL, 'm140815_000001_add_format_to_transforms', '2016-03-12 17:48:25', '2016-03-12 17:48:25', '2016-03-12 17:48:25', 'd236a32f-ac61-45ea-98c0-3555ed83b38e'),
 ('4', NULL, 'm140822_000001_allow_more_than_128_items_per_field', '2016-03-12 17:48:25', '2016-03-12 17:48:25', '2016-03-12 17:48:25', 'b98d1739-bda0-4e6e-bbe2-0f3552138f7a'),
 ('5', NULL, 'm140829_000001_single_title_formats', '2016-03-12 17:48:25', '2016-03-12 17:48:25', '2016-03-12 17:48:25', '70dec314-f930-4d4a-8805-0cbb97d53a23'),
 ('6', NULL, 'm140831_000001_extended_cache_keys', '2016-03-12 17:48:25', '2016-03-12 17:48:25', '2016-03-12 17:48:25', 'a562be3a-0de8-4c85-bbdf-17cccadbbef5'),
 ('7', NULL, 'm140922_000001_delete_orphaned_matrix_blocks', '2016-03-12 17:48:25', '2016-03-12 17:48:25', '2016-03-12 17:48:25', '077096b1-1f4d-4f9e-88c3-1a2a885a9f18'),
 ('8', NULL, 'm141008_000001_elements_index_tune', '2016-03-12 17:48:25', '2016-03-12 17:48:25', '2016-03-12 17:48:25', '432a482c-1cac-4c21-a1ef-89b0ee54f174'),
 ('9', NULL, 'm141009_000001_assets_source_handle', '2016-03-12 17:48:25', '2016-03-12 17:48:25', '2016-03-12 17:48:25', 'd59277e5-2932-44f9-b167-440e24e46421'),
 ('10', NULL, 'm141024_000001_field_layout_tabs', '2016-03-12 17:48:25', '2016-03-12 17:48:25', '2016-03-12 17:48:25', '4c8b2ccf-3220-4f5f-a364-621a168678fb'),
 ('11', NULL, 'm141030_000000_plugin_schema_versions', '2016-03-12 17:48:25', '2016-03-12 17:48:25', '2016-03-12 17:48:25', '3bf83ab6-7618-4292-b2be-aa98d5291e85'),
 ('12', NULL, 'm141030_000001_drop_structure_move_permission', '2016-03-12 17:48:25', '2016-03-12 17:48:25', '2016-03-12 17:48:25', 'e55f78d8-cdea-4f0f-aa9e-ac25bdf0360c'),
 ('13', NULL, 'm141103_000001_tag_titles', '2016-03-12 17:48:25', '2016-03-12 17:48:25', '2016-03-12 17:48:25', '1b771c82-4774-4139-94fa-9045ca2dddf6'),
 ('14', NULL, 'm141109_000001_user_status_shuffle', '2016-03-12 17:48:25', '2016-03-12 17:48:25', '2016-03-12 17:48:25', '2db44e2c-8440-4fce-8001-0d68530766ae'),
 ('15', NULL, 'm141126_000001_user_week_start_day', '2016-03-12 17:48:25', '2016-03-12 17:48:25', '2016-03-12 17:48:25', '91608ab6-c910-48de-b057-902c5bc3652e'),
 ('16', NULL, 'm150210_000001_adjust_user_photo_size', '2016-03-12 17:48:25', '2016-03-12 17:48:25', '2016-03-12 17:48:25', '306163bc-68e2-4a88-91e1-cd3327bfbdbd'),
 ('17', NULL, 'm150724_000001_adjust_quality_settings', '2016-03-12 17:48:25', '2016-03-12 17:48:25', '2016-03-12 17:48:25', '19629daa-c2e4-496a-889e-91c878fcef72'),
 ('18', NULL, 'm150827_000000_element_index_settings', '2016-03-12 17:48:25', '2016-03-12 17:48:25', '2016-03-12 17:48:25', 'f0dc977a-4c22-478f-85d9-8e2eb5981fc2'),
 ('19', NULL, 'm150918_000001_add_colspan_to_widgets', '2016-03-12 17:48:25', '2016-03-12 17:48:25', '2016-03-12 17:48:25', '0fb1aa58-581e-45f4-9f6e-98b79822f940'),
 ('20', NULL, 'm151007_000000_clear_asset_caches', '2016-03-12 17:48:25', '2016-03-12 17:48:25', '2016-03-12 17:48:25', '5d876678-06c4-4fb1-9b50-16a42d36474a'),
 ('21', NULL, 'm151109_000000_text_url_formats', '2016-03-12 17:48:25', '2016-03-12 17:48:25', '2016-03-12 17:48:25', 'c39d7a2e-6569-4836-85b2-0df7cbebd995'),
 ('22', NULL, 'm151110_000000_move_logo', '2016-03-12 17:48:25', '2016-03-12 17:48:25', '2016-03-12 17:48:25', '50bbaeb2-2125-44d9-a0ca-c96818331b1e'),
 ('23', NULL, 'm151117_000000_adjust_image_widthheight', '2016-03-12 17:48:25', '2016-03-12 17:48:25', '2016-03-12 17:48:25', '7f074d41-e80d-48cc-bb3e-06c7c0f0d4ee'),
 ('24', NULL, 'm151127_000000_clear_license_key_status', '2016-03-12 17:48:25', '2016-03-12 17:48:25', '2016-03-12 17:48:25', '92d361d0-ca21-46e6-bbca-7b1f78f68d14'),
 ('25', NULL, 'm151127_000000_plugin_license_keys', '2016-03-12 17:48:25', '2016-03-12 17:48:25', '2016-03-12 17:48:25', '72922935-a80b-4d79-8191-b68a01cdf4b7'),
 ('26', NULL, 'm151130_000000_update_pt_widget_feeds', '2016-03-12 17:48:25', '2016-03-12 17:48:25', '2016-03-12 17:48:25', '7fb82acb-3ffb-4d87-8363-7b4bc14d8230'),
 ('27', NULL, 'm160114_000000_asset_sources_public_url_default_true', '2016-03-12 17:48:25', '2016-03-12 17:48:25', '2016-03-12 17:48:25', '786de677-5895-4c1e-8204-264c7a330d2a'),
 ('28', NULL, 'm160223_000000_sortorder_to_smallint', '2016-03-12 17:48:25', '2016-03-12 17:48:25', '2016-03-12 17:48:25', 'e4194dbe-18a8-4df9-b49f-d22ddd4279f2'),
 ('29', NULL, 'm160229_000000_set_default_entry_statuses', '2016-03-12 17:48:25', '2016-03-12 17:48:25', '2016-03-12 17:48:25', 'a20fa3c2-291d-4f93-96b4-cedc29f44d2b'),
 ('30', NULL, 'm160304_000000_client_permissions', '2016-03-12 17:48:25', '2016-03-12 17:48:25', '2016-03-12 17:48:25', 'd0de8b8d-a58b-4642-a867-955c31e610a5'),
 ('31', '4', 'm151104_040245_venti_ResaveVentiElements', '2016-04-21 03:56:59', '2016-04-21 03:56:59', '2016-04-21 03:56:59', 'f7fb89e7-ea4c-4904-83dc-ca30dfbec722'),
 ('32', '4', 'm160203_055928_venti_VentiEventLocalColumnAddition', '2016-04-21 03:56:59', '2016-04-21 03:56:59', '2016-04-21 03:56:59', 'f6fc6ab7-8c25-4142-980f-05e535df6f0b'),
 ('33', '4', 'm160204_055929_venti_VentiEventFieldColumnAdditions', '2016-04-21 03:56:59', '2016-04-21 03:56:59', '2016-04-21 03:56:59', 'cbde05ce-a053-4ed8-89aa-5ce8aeafe2b3');



DROP TABLE IF EXISTS `craft_plugins`;


--
-- Schema for table `craft_plugins`
--
CREATE TABLE `craft_plugins` (
  `id` int(11) NOT NULL AUTO_INCREMENT,
  `class` varchar(150) COLLATE utf8_unicode_ci NOT NULL,
  `version` varchar(15) COLLATE utf8_unicode_ci NOT NULL,
  `schemaVersion` varchar(15) COLLATE utf8_unicode_ci DEFAULT NULL,
  `licenseKey` char(24) COLLATE utf8_unicode_ci DEFAULT NULL,
  `licenseKeyStatus` enum('valid','invalid','mismatched','unknown') COLLATE utf8_unicode_ci NOT NULL DEFAULT 'unknown',
  `enabled` tinyint(1) unsigned NOT NULL DEFAULT '0',
  `settings` text COLLATE utf8_unicode_ci,
  `installDate` datetime NOT NULL,
  `dateCreated` datetime NOT NULL,
  `dateUpdated` datetime NOT NULL,
  `uid` char(36) COLLATE utf8_unicode_ci NOT NULL DEFAULT '0',
  PRIMARY KEY (`id`)
) ENGINE=InnoDB AUTO_INCREMENT=5 DEFAULT CHARSET=utf8 COLLATE=utf8_unicode_ci;

--
-- Data for table `craft_plugins`
--

INSERT INTO `craft_plugins` (`id`, `class`, `version`, `schemaVersion`, `licenseKey`, `licenseKeyStatus`, `enabled`, `settings`, `installDate`, `dateCreated`, `dateUpdated`, `uid`) VALUES
 ('3', 'FormBuilder2', '0.1.0', NULL, NULL, 'unknown', '1', NULL, '2016-03-24 23:58:43', '2016-03-24 23:58:43', '2016-07-28 14:54:07', 'fc3293a0-2ee2-4b6f-9b06-fad4fcd1dcd8'),
 ('4', 'Venti', '1.2.3', '1.2.3', NULL, 'unknown', '1', NULL, '2016-04-21 03:56:59', '2016-04-21 03:56:59', '2016-07-28 14:54:07', 'c0dceaa9-6892-4505-93d8-32119d3ebc0d');



DROP TABLE IF EXISTS `craft_rackspaceaccess`;


--
-- Schema for table `craft_rackspaceaccess`
--
CREATE TABLE `craft_rackspaceaccess` (
  `id` int(11) NOT NULL AUTO_INCREMENT,
  `connectionKey` varchar(255) COLLATE utf8_unicode_ci NOT NULL,
  `token` varchar(255) COLLATE utf8_unicode_ci NOT NULL,
  `storageUrl` varchar(255) COLLATE utf8_unicode_ci NOT NULL,
  `cdnUrl` varchar(255) COLLATE utf8_unicode_ci NOT NULL,
  `dateCreated` datetime NOT NULL,
  `dateUpdated` datetime NOT NULL,
  `uid` char(36) COLLATE utf8_unicode_ci NOT NULL DEFAULT '0',
  PRIMARY KEY (`id`),
  UNIQUE KEY `craft_rackspaceaccess_connectionKey_unq_idx` (`connectionKey`)
) ENGINE=InnoDB DEFAULT CHARSET=utf8 COLLATE=utf8_unicode_ci;

DROP TABLE IF EXISTS `craft_relations`;


--
-- Schema for table `craft_relations`
--
CREATE TABLE `craft_relations` (
  `id` int(11) NOT NULL AUTO_INCREMENT,
  `fieldId` int(11) NOT NULL,
  `sourceId` int(11) NOT NULL,
  `sourceLocale` char(12) COLLATE utf8_unicode_ci DEFAULT NULL,
  `targetId` int(11) NOT NULL,
  `sortOrder` smallint(6) DEFAULT NULL,
  `dateCreated` datetime NOT NULL,
  `dateUpdated` datetime NOT NULL,
  `uid` char(36) COLLATE utf8_unicode_ci NOT NULL DEFAULT '0',
  PRIMARY KEY (`id`),
  UNIQUE KEY `craft_relations_fieldId_sourceId_sourceLocale_targetId_unq_idx` (`fieldId`,`sourceId`,`sourceLocale`,`targetId`),
  KEY `craft_relations_sourceId_fk` (`sourceId`),
  KEY `craft_relations_sourceLocale_fk` (`sourceLocale`),
  KEY `craft_relations_targetId_fk` (`targetId`)
) ENGINE=InnoDB AUTO_INCREMENT=445 DEFAULT CHARSET=utf8 COLLATE=utf8_unicode_ci;

--
-- Data for table `craft_relations`
--

INSERT INTO `craft_relations` (`id`, `fieldId`, `sourceId`, `sourceLocale`, `targetId`, `sortOrder`, `dateCreated`, `dateUpdated`, `uid`) VALUES
 ('234', '37', '112', NULL, '111', '1', '2016-06-27 01:38:17', '2016-06-27 01:38:17', '519dc138-4c2a-43f9-b99a-7e8c506bedd0'),
 ('235', '9', '88', NULL, '12', '1', '2016-06-27 01:38:17', '2016-06-27 01:38:17', 'bb1767b7-ffb8-4c97-9083-d316aecd2084'),
 ('250', '37', '79', NULL, '113', '1', '2016-06-27 01:54:15', '2016-06-27 01:54:15', 'a409d1ad-9354-4090-9b56-34e992bb39b6'),
 ('251', '9', '80', NULL, '12', '1', '2016-06-27 01:54:16', '2016-06-27 01:54:16', '8489f34d-d15a-425c-951d-222725a19610'),
 ('252', '37', '97', NULL, '116', '1', '2016-06-27 02:01:18', '2016-06-27 02:01:18', '3eeee22b-b353-40c0-8edf-d2c4af21794d'),
 ('253', '9', '98', NULL, '12', '1', '2016-06-27 02:01:18', '2016-06-27 02:01:18', '67705b42-942b-4fb0-9ff7-e1c0202736f4'),
 ('254', '37', '90', NULL, '115', '1', '2016-06-27 02:02:13', '2016-06-27 02:02:13', '52bebcde-9c37-463e-b408-36834502b22f'),
 ('255', '9', '91', NULL, '12', '1', '2016-06-27 02:02:13', '2016-06-27 02:02:13', '9dbd1cf3-c1a1-4926-bafb-3c0fde453be5'),
 ('353', '13', '15', NULL, '10', '1', '2016-07-12 14:37:32', '2016-07-12 14:37:32', 'c3e8bb90-26a1-4015-b820-ecba9bd48983'),
 ('354', '68', '15', NULL, '125', '1', '2016-07-12 14:37:32', '2016-07-12 14:37:32', 'aa7ea430-a2cd-478f-a2e8-1b87fce84375'),
 ('355', '68', '15', NULL, '126', '2', '2016-07-12 14:37:32', '2016-07-12 14:37:32', 'beb2be82-0e5b-4b1f-b576-848944220a64'),
 ('356', '68', '15', NULL, '127', '3', '2016-07-12 14:37:32', '2016-07-12 14:37:32', '4844158d-1b14-479a-b5e0-bdc67711b564'),
 ('357', '28', '18', NULL, '16', '1', '2016-07-12 14:37:32', '2016-07-12 14:37:32', '7cbc3660-2d9d-424e-b96b-c924a4fd17a1'),
 ('358', '28', '18', NULL, '17', '2', '2016-07-12 14:37:32', '2016-07-12 14:37:32', 'd5dd2ebb-1de0-4487-a6c1-40e11d0af9c8'),
 ('359', '28', '18', NULL, '81', '3', '2016-07-12 14:37:32', '2016-07-12 14:37:32', 'd445f34f-84c5-4e1e-b679-df2053f40376'),
 ('360', '28', '18', NULL, '86', '4', '2016-07-12 14:37:32', '2016-07-12 14:37:32', '19c98d79-6850-4861-ac0b-f32f10b316e0'),
 ('361', '28', '18', NULL, '89', '5', '2016-07-12 14:37:32', '2016-07-12 14:37:32', '05ea2654-ae01-4c7b-ac6b-bec7225a4025'),
 ('362', '28', '18', NULL, '93', '6', '2016-07-12 14:37:32', '2016-07-12 14:37:32', '4f600705-45f5-4905-b08d-ac4aa2543220'),
 ('363', '28', '18', NULL, '96', '7', '2016-07-12 14:37:32', '2016-07-12 14:37:32', 'db300ba1-ea12-4f72-8f9c-f6939ff83461'),
 ('364', '30', '18', NULL, '102', '1', '2016-07-12 14:37:32', '2016-07-12 14:37:32', '13c6e52a-b9cc-47a1-8649-5f24175e564b'),
 ('365', '62', '52', NULL, '101', '1', '2016-07-12 14:37:32', '2016-07-12 14:37:32', 'b9993602-28e1-4aaa-9974-b687f03d0f1c'),
 ('366', '20', '53', NULL, '9', '1', '2016-07-12 14:37:32', '2016-07-12 14:37:32', 'f0cc21c6-3176-48f4-86a0-b6622b16d861'),
 ('370', '37', '75', NULL, '119', '1', '2016-07-14 02:38:57', '2016-07-14 02:38:57', 'b5fbcf2b-4038-4f6c-bcaa-cb80721ea1e5'),
 ('371', '9', '76', NULL, '12', '1', '2016-07-14 02:38:57', '2016-07-14 02:38:57', 'eab24b59-e077-41fc-b475-4eb0865a0bf4'),
 ('386', '37', '55', NULL, '131', '1', '2016-07-14 02:51:26', '2016-07-14 02:51:26', '4c660f47-474b-427f-b9e7-c25bf6034e29'),
 ('387', '9', '56', NULL, '12', '1', '2016-07-14 02:51:26', '2016-07-14 02:51:26', '545de0b2-e032-4f27-8dd0-348b35e6579b'),
 ('388', '37', '82', NULL, '40', '1', '2016-07-14 02:55:56', '2016-07-14 02:55:56', 'f45d85b3-b3ff-4c67-925f-09886c189ef2'),
 ('389', '9', '83', NULL, '12', '1', '2016-07-14 02:55:56', '2016-07-14 02:55:56', '9b06118c-b9f9-4366-91ac-39b30fc4d0a1'),
 ('392', '37', '129', NULL, '8', '1', '2016-07-14 02:57:37', '2016-07-14 02:57:37', '3e978563-176e-4515-b498-24f78c1eee16'),
 ('393', '9', '132', NULL, '12', '1', '2016-07-14 02:57:38', '2016-07-14 02:57:38', '763a87b7-4042-4e91-abac-cfe34879c25d'),
 ('402', '67', '126', NULL, '136', '1', '2016-07-14 03:23:10', '2016-07-14 03:23:10', '8f4da570-6f83-4e9e-befb-3ed814a6989a'),
 ('404', '67', '127', NULL, '136', '1', '2016-07-14 03:24:07', '2016-07-14 03:24:07', 'a26a93fd-0dd0-49d3-827c-20fd2f3e84c3'),
 ('408', '37', '94', NULL, '138', '1', '2016-07-15 02:42:23', '2016-07-15 02:42:23', 'df48cf9c-617e-4463-a42d-e54a872935e9'),
 ('409', '9', '95', NULL, '12', '1', '2016-07-15 02:42:23', '2016-07-15 02:42:23', '2025301b-282d-44e0-996b-ee0e60321046'),
 ('417', '67', '125', NULL, '10', '1', '2016-07-15 09:20:24', '2016-07-15 09:20:24', 'c4def1a0-ddc9-4a9d-b67e-27ed3a3a9740'),
 ('419', '31', '20', NULL, '42', '1', '2016-07-17 20:11:18', '2016-07-17 20:11:18', 'baafbc0b-177d-4289-93d4-b06da111cc91'),
 ('422', '37', '28', NULL, '41', '1', '2016-07-20 16:24:20', '2016-07-20 16:24:20', 'a48deca0-08a6-4443-ae6b-90726bce0da6'),
 ('423', '41', '29', NULL, '64', '1', '2016-07-20 16:24:20', '2016-07-20 16:24:20', '50f5a9df-73a9-42a5-a76d-f952329358bd'),
 ('424', '41', '65', NULL, '99', '1', '2016-07-20 16:24:20', '2016-07-20 16:24:20', '3582e97a-1461-4e10-8f62-6855a6bb538d'),
 ('425', '41', '68', NULL, '50', '1', '2016-07-20 16:24:20', '2016-07-20 16:24:20', 'd168ccee-e701-411a-9929-9ffa471d5beb'),
 ('426', '41', '31', NULL, '44', '1', '2016-07-20 16:24:20', '2016-07-20 16:24:20', '6ddd2a56-e121-45a4-9e0d-e25699608c7b'),
 ('427', '41', '70', NULL, '46', '1', '2016-07-20 16:24:20', '2016-07-20 16:24:20', 'f8366959-1010-4347-9e09-2cca5f1bbef4'),
 ('428', '41', '72', NULL, '100', '1', '2016-07-20 16:24:20', '2016-07-20 16:24:20', '90146441-9988-4b5b-b5c3-4e1b52f5e5a5'),
 ('429', '41', '71', NULL, '45', '1', '2016-07-20 16:24:20', '2016-07-20 16:24:20', 'fe1fe2d1-e6c4-4899-9934-d6f2a32928d4'),
 ('430', '41', '30', NULL, '62', '1', '2016-07-20 16:24:20', '2016-07-20 16:24:20', 'bc275878-0833-4dcc-872f-3f1b491fbae7'),
 ('431', '41', '66', NULL, '48', '1', '2016-07-20 16:24:20', '2016-07-20 16:24:20', 'e72328c9-cbad-4f3f-b14d-b7fcf395a868'),
 ('432', '41', '67', NULL, '49', '1', '2016-07-20 16:24:20', '2016-07-20 16:24:20', '9437824b-4861-42a8-931b-543573c06c70'),
 ('433', '41', '69', NULL, '43', '1', '2016-07-20 16:24:20', '2016-07-20 16:24:20', '068ab4a8-3a60-4c50-89a7-fd02188b66ea'),
 ('434', '37', '25', NULL, '114', '1', '2016-07-20 16:25:41', '2016-07-20 16:25:41', '6c1fccc8-9740-4648-aadf-931cf0ec01b5'),
 ('439', '37', '21', NULL, '130', '1', '2016-07-25 05:47:37', '2016-07-25 05:47:37', '8b5a652d-3684-467c-8f8d-e3cfe41d5ab8'),
 ('440', '9', '22', NULL, '12', '1', '2016-07-25 05:47:37', '2016-07-25 05:47:37', '29727390-7527-488d-a91a-baa5f65a6781'),
 ('443', '37', '59', NULL, '37', '1', '2016-07-27 04:02:52', '2016-07-27 04:02:52', 'a38eb8e1-0f01-4d3d-a96a-c2808c1443cd'),
 ('444', '37', '35', NULL, '39', '1', '2016-07-28 14:55:02', '2016-07-28 14:55:02', 'bbbad785-a984-433d-9540-640d6a157f55');



DROP TABLE IF EXISTS `craft_routes`;


--
-- Schema for table `craft_routes`
--
CREATE TABLE `craft_routes` (
  `id` int(11) NOT NULL AUTO_INCREMENT,
  `locale` char(12) COLLATE utf8_unicode_ci DEFAULT NULL,
  `urlParts` varchar(255) COLLATE utf8_unicode_ci NOT NULL,
  `urlPattern` varchar(255) COLLATE utf8_unicode_ci NOT NULL,
  `template` varchar(255) COLLATE utf8_unicode_ci NOT NULL,
  `sortOrder` smallint(6) unsigned DEFAULT NULL,
  `dateCreated` datetime NOT NULL,
  `dateUpdated` datetime NOT NULL,
  `uid` char(36) COLLATE utf8_unicode_ci NOT NULL DEFAULT '0',
  PRIMARY KEY (`id`),
  UNIQUE KEY `craft_routes_urlPattern_unq_idx` (`urlPattern`),
  KEY `craft_routes_locale_idx` (`locale`)
) ENGINE=InnoDB DEFAULT CHARSET=utf8 COLLATE=utf8_unicode_ci;

DROP TABLE IF EXISTS `craft_searchindex`;


--
-- Schema for table `craft_searchindex`
--
CREATE TABLE `craft_searchindex` (
  `elementId` int(11) NOT NULL,
  `attribute` varchar(25) COLLATE utf8_unicode_ci NOT NULL,
  `fieldId` int(11) NOT NULL,
  `locale` char(12) COLLATE utf8_unicode_ci NOT NULL,
  `keywords` text COLLATE utf8_unicode_ci NOT NULL,
  PRIMARY KEY (`elementId`,`attribute`,`fieldId`,`locale`),
  FULLTEXT KEY `craft_searchindex_keywords_idx` (`keywords`)
) ENGINE=MyISAM DEFAULT CHARSET=utf8 COLLATE=utf8_unicode_ci;

--
-- Data for table `craft_searchindex`
--

INSERT INTO `craft_searchindex` (`elementId`, `attribute`, `fieldId`, `locale`, `keywords`) VALUES
 ('8', 'filename', '0', 'en_us', ' bjj_bg 2x jpg '),
 ('8', 'extension', '0', 'en_us', ' jpg '),
 ('8', 'kind', '0', 'en_us', ' image '),
 ('8', 'slug', '0', 'en_us', ' bjj bg 2x '),
 ('8', 'title', '0', 'en_us', ' bjj bg 2x '),
 ('9', 'filename', '0', 'en_us', ' contact_bg 2x jpg '),
 ('9', 'extension', '0', 'en_us', ' jpg '),
 ('9', 'kind', '0', 'en_us', ' image '),
 ('9', 'slug', '0', 'en_us', ' contact bg 2x '),
 ('9', 'title', '0', 'en_us', ' contact bg 2x '),
 ('10', 'filename', '0', 'en_us', ' hero 2x jpg '),
 ('10', 'extension', '0', 'en_us', ' jpg '),
 ('10', 'kind', '0', 'en_us', ' image '),
 ('10', 'slug', '0', 'en_us', ' hero 2x '),
 ('10', 'title', '0', 'en_us', ' hero 2x '),
 ('11', 'filename', '0', 'en_us', ' location_bg 2x png '),
 ('11', 'extension', '0', 'en_us', ' png '),
 ('11', 'kind', '0', 'en_us', ' image '),
 ('11', 'slug', '0', 'en_us', ' location bg 2x '),
 ('11', 'title', '0', 'en_us', ' location bg 2x '),
 ('12', 'filename', '0', 'en_us', ' logo_watermark png '),
 ('12', 'extension', '0', 'en_us', ' png '),
 ('12', 'kind', '0', 'en_us', ' image '),
 ('12', 'slug', '0', 'en_us', ' logo watermark '),
 ('12', 'title', '0', 'en_us', ' logo watermark '),
 ('14', 'filename', '0', 'en_us', ' approach_bg 2x png '),
 ('14', 'extension', '0', 'en_us', ' png '),
 ('14', 'kind', '0', 'en_us', ' image '),
 ('14', 'slug', '0', 'en_us', ' approach bg 2x '),
 ('14', 'title', '0', 'en_us', ' approach bg 2x '),
 ('19', 'filename', '0', 'en_us', ' approach_bg 2x test png '),
 ('19', 'extension', '0', 'en_us', ' png '),
 ('19', 'kind', '0', 'en_us', ' image '),
 ('19', 'slug', '0', 'en_us', ' approach bg 2x test '),
 ('19', 'title', '0', 'en_us', ' approach bg 2x test '),
 ('36', 'filename', '0', 'en_us', ' image_hero_about 2x jpg '),
 ('36', 'extension', '0', 'en_us', ' jpg '),
 ('36', 'kind', '0', 'en_us', ' image '),
 ('36', 'slug', '0', 'en_us', ' image hero about 2x '),
 ('36', 'title', '0', 'en_us', ' image hero about 2x '),
 ('37', 'filename', '0', 'en_us', ' image_hero_contact 2x jpg '),
 ('37', 'extension', '0', 'en_us', ' jpg '),
 ('37', 'kind', '0', 'en_us', ' image '),
 ('37', 'slug', '0', 'en_us', ' image hero contact 2x '),
 ('37', 'title', '0', 'en_us', ' image hero contact 2x '),
 ('38', 'filename', '0', 'en_us', ' image_hero_dragons 2x jpg '),
 ('38', 'extension', '0', 'en_us', ' jpg '),
 ('38', 'kind', '0', 'en_us', ' image '),
 ('38', 'slug', '0', 'en_us', ' image hero location2 2x '),
 ('38', 'title', '0', 'en_us', ' image hero location2 2x '),
 ('39', 'filename', '0', 'en_us', ' image_hero_location 2x jpg '),
 ('39', 'extension', '0', 'en_us', ' jpg '),
 ('39', 'kind', '0', 'en_us', ' image '),
 ('39', 'slug', '0', 'en_us', ' image hero location 2x '),
 ('39', 'title', '0', 'en_us', ' image hero location 2x '),
 ('40', 'filename', '0', 'en_us', ' image_hero_bjj 2x jpg '),
 ('40', 'extension', '0', 'en_us', ' jpg '),
 ('40', 'kind', '0', 'en_us', ' image '),
 ('40', 'slug', '0', 'en_us', ' image hero muy 2x '),
 ('40', 'title', '0', 'en_us', ' image hero bjj 2x '),
 ('41', 'filename', '0', 'en_us', ' image_hero_staff 2x jpg '),
 ('41', 'extension', '0', 'en_us', ' jpg '),
 ('41', 'kind', '0', 'en_us', ' image '),
 ('41', 'slug', '0', 'en_us', ' image hero staff 2x '),
 ('41', 'title', '0', 'en_us', ' image hero staff 2x '),
 ('42', 'filename', '0', 'en_us', ' logo_fpma svg '),
 ('42', 'extension', '0', 'en_us', ' svg '),
 ('42', 'kind', '0', 'en_us', ' image '),
 ('42', 'slug', '0', 'en_us', ' logo fpma '),
 ('42', 'title', '0', 'en_us', ' logo fpma '),
 ('43', 'filename', '0', 'en_us', ' staff_1 2x jpg '),
 ('43', 'extension', '0', 'en_us', ' jpg '),
 ('43', 'kind', '0', 'en_us', ' image '),
 ('43', 'slug', '0', 'en_us', ' staff 1 2x '),
 ('43', 'title', '0', 'en_us', ' staff 1 2x '),
 ('44', 'filename', '0', 'en_us', ' staff_4 2x jpg '),
 ('44', 'extension', '0', 'en_us', ' jpg '),
 ('44', 'kind', '0', 'en_us', ' image '),
 ('44', 'slug', '0', 'en_us', ' staff 4 2x '),
 ('44', 'title', '0', 'en_us', ' staff 4 2x '),
 ('45', 'filename', '0', 'en_us', ' staff_2 2x jpg '),
 ('45', 'extension', '0', 'en_us', ' jpg '),
 ('45', 'kind', '0', 'en_us', ' image '),
 ('45', 'slug', '0', 'en_us', ' staff 2 2x '),
 ('45', 'title', '0', 'en_us', ' staff 2 2x '),
 ('46', 'filename', '0', 'en_us', ' staff_3 2x jpg '),
 ('46', 'extension', '0', 'en_us', ' jpg '),
 ('46', 'kind', '0', 'en_us', ' image '),
 ('46', 'slug', '0', 'en_us', ' staff 3 2x '),
 ('46', 'title', '0', 'en_us', ' staff 3 2x '),
 ('47', 'filename', '0', 'en_us', ' staff_5 2x jpg '),
 ('47', 'extension', '0', 'en_us', ' jpg '),
 ('47', 'kind', '0', 'en_us', ' image '),
 ('47', 'slug', '0', 'en_us', ' staff 5 2x '),
 ('47', 'title', '0', 'en_us', ' staff 5 2x '),
 ('48', 'filename', '0', 'en_us', ' staff_6 2x jpg '),
 ('48', 'extension', '0', 'en_us', ' jpg '),
 ('48', 'kind', '0', 'en_us', ' image '),
 ('48', 'slug', '0', 'en_us', ' staff 6 2x '),
 ('48', 'title', '0', 'en_us', ' staff 6 2x ');
INSERT INTO `craft_searchindex` (`elementId`, `attribute`, `fieldId`, `locale`, `keywords`) VALUES
 ('49', 'filename', '0', 'en_us', ' staff_7 2x jpg '),
 ('49', 'extension', '0', 'en_us', ' jpg '),
 ('49', 'kind', '0', 'en_us', ' image '),
 ('49', 'slug', '0', 'en_us', ' staff 7 2x '),
 ('49', 'title', '0', 'en_us', ' staff 7 2x '),
 ('50', 'filename', '0', 'en_us', ' staff_8 2x jpg '),
 ('50', 'extension', '0', 'en_us', ' jpg '),
 ('50', 'kind', '0', 'en_us', ' image '),
 ('50', 'slug', '0', 'en_us', ' staff 8 2x '),
 ('50', 'title', '0', 'en_us', ' staff 8 2x '),
 ('61', 'filename', '0', 'en_us', ' approach_bg 2x jpg '),
 ('61', 'extension', '0', 'en_us', ' jpg '),
 ('61', 'kind', '0', 'en_us', ' image '),
 ('61', 'slug', '0', 'en_us', ' approach bg 2x '),
 ('61', 'title', '0', 'en_us', ' approach bg 2x '),
 ('62', 'filename', '0', 'en_us', ' staff_jayda jpg '),
 ('62', 'extension', '0', 'en_us', ' jpg '),
 ('62', 'kind', '0', 'en_us', ' image '),
 ('62', 'slug', '0', 'en_us', ' staff jayda '),
 ('62', 'title', '0', 'en_us', ' staff jayda '),
 ('63', 'filename', '0', 'en_us', ' staff_magers jpg '),
 ('63', 'extension', '0', 'en_us', ' jpg '),
 ('63', 'kind', '0', 'en_us', ' image '),
 ('63', 'slug', '0', 'en_us', ' staff magers '),
 ('63', 'title', '0', 'en_us', ' staff magers '),
 ('64', 'filename', '0', 'en_us', ' staff_steve jpg '),
 ('64', 'extension', '0', 'en_us', ' jpg '),
 ('64', 'kind', '0', 'en_us', ' image '),
 ('64', 'slug', '0', 'en_us', ' staff steve '),
 ('64', 'title', '0', 'en_us', ' staff steve '),
 ('99', 'filename', '0', 'en_us', ' staff_vanny jpg '),
 ('99', 'extension', '0', 'en_us', ' jpg '),
 ('99', 'kind', '0', 'en_us', ' image '),
 ('99', 'slug', '0', 'en_us', ' staff vanny '),
 ('99', 'title', '0', 'en_us', ' staff vanny '),
 ('100', 'filename', '0', 'en_us', ' staff_mike jpg '),
 ('100', 'extension', '0', 'en_us', ' jpg '),
 ('100', 'kind', '0', 'en_us', ' image '),
 ('100', 'slug', '0', 'en_us', ' staff mike '),
 ('100', 'title', '0', 'en_us', ' staff mike '),
 ('101', 'filename', '0', 'en_us', ' locations_bkg 2x jpg '),
 ('101', 'extension', '0', 'en_us', ' jpg '),
 ('101', 'kind', '0', 'en_us', ' image '),
 ('101', 'slug', '0', 'en_us', ' locations bkg 2x '),
 ('101', 'title', '0', 'en_us', ' locations bkg 2x '),
 ('102', 'filename', '0', 'en_us', ' approach_bkg 2x jpg '),
 ('102', 'extension', '0', 'en_us', ' jpg '),
 ('102', 'kind', '0', 'en_us', ' image '),
 ('102', 'slug', '0', 'en_us', ' approach bkg 2x '),
 ('102', 'title', '0', 'en_us', ' approach bkg 2x '),
 ('111', 'filename', '0', 'en_us', ' image_hero_lk 2x jpg '),
 ('111', 'extension', '0', 'en_us', ' jpg '),
 ('111', 'kind', '0', 'en_us', ' image '),
 ('111', 'slug', '0', 'en_us', ' image hero lk 2x '),
 ('111', 'title', '0', 'en_us', ' image hero lk 2x '),
 ('113', 'filename', '0', 'en_us', ' image_hero_juniors 2x jpg '),
 ('113', 'extension', '0', 'en_us', ' jpg '),
 ('113', 'kind', '0', 'en_us', ' image '),
 ('113', 'slug', '0', 'en_us', ' image hero juniors 2x '),
 ('113', 'title', '0', 'en_us', ' image hero juniors 2x '),
 ('114', 'filename', '0', 'en_us', ' image_hero_ntma 2x jpg '),
 ('114', 'extension', '0', 'en_us', ' jpg '),
 ('114', 'kind', '0', 'en_us', ' image '),
 ('114', 'slug', '0', 'en_us', ' image hero ntma 2x '),
 ('114', 'title', '0', 'en_us', ' image hero ntma 2x '),
 ('115', 'filename', '0', 'en_us', ' image_hero_ma 2x jpg '),
 ('115', 'extension', '0', 'en_us', ' jpg '),
 ('115', 'kind', '0', 'en_us', ' image '),
 ('115', 'slug', '0', 'en_us', ' image hero karate 2x '),
 ('115', 'title', '0', 'en_us', ' image hero karate 2x '),
 ('116', 'filename', '0', 'en_us', ' image_hero_leadership 2x jpg '),
 ('116', 'extension', '0', 'en_us', ' jpg '),
 ('116', 'kind', '0', 'en_us', ' image '),
 ('116', 'slug', '0', 'en_us', ' image hero leadership 2x '),
 ('116', 'title', '0', 'en_us', ' image hero leadership 2x '),
 ('119', 'filename', '0', 'en_us', ' image_hero_about1 2x jpg '),
 ('119', 'extension', '0', 'en_us', ' jpg '),
 ('119', 'kind', '0', 'en_us', ' image '),
 ('119', 'slug', '0', 'en_us', ' image hero about1 2x '),
 ('119', 'title', '0', 'en_us', ' image hero about1 2x '),
 ('121', 'filename', '0', 'en_us', ' image_hero_about 1x jpg '),
 ('121', 'extension', '0', 'en_us', ' jpg '),
 ('121', 'kind', '0', 'en_us', ' image '),
 ('121', 'slug', '0', 'en_us', ' image hero about 1x '),
 ('121', 'title', '0', 'en_us', ' image hero about 1x '),
 ('122', 'filename', '0', 'en_us', ' logo_circle png '),
 ('122', 'extension', '0', 'en_us', ' png '),
 ('122', 'kind', '0', 'en_us', ' image '),
 ('122', 'slug', '0', 'en_us', ' circle logo '),
 ('122', 'title', '0', 'en_us', ' circle logo '),
 ('130', 'filename', '0', 'en_us', ' image_hero_dragons 2x_160714_025007 jpg '),
 ('130', 'extension', '0', 'en_us', ' jpg '),
 ('130', 'kind', '0', 'en_us', ' image '),
 ('130', 'slug', '0', 'en_us', ' image hero dragons 2x '),
 ('130', 'title', '0', 'en_us', ' image hero dragons 2x '),
 ('131', 'filename', '0', 'en_us', ' image_hero_events 2x jpg '),
 ('131', 'extension', '0', 'en_us', ' jpg '),
 ('131', 'kind', '0', 'en_us', ' image '),
 ('131', 'slug', '0', 'en_us', ' image hero events 2x '),
 ('131', 'title', '0', 'en_us', ' image hero events 2x ');
INSERT INTO `craft_searchindex` (`elementId`, `attribute`, `fieldId`, `locale`, `keywords`) VALUES
 ('136', 'filename', '0', 'en_us', ' image_hero_general1 2x jpg '),
 ('136', 'extension', '0', 'en_us', ' jpg '),
 ('136', 'kind', '0', 'en_us', ' image '),
 ('136', 'slug', '0', 'en_us', ' image hero general1 2x '),
 ('136', 'title', '0', 'en_us', ' image hero general1 2x '),
 ('138', 'filename', '0', 'en_us', ' image_hero_muaykick 2x jpg '),
 ('138', 'extension', '0', 'en_us', ' jpg '),
 ('138', 'kind', '0', 'en_us', ' image '),
 ('138', 'slug', '0', 'en_us', ' image hero muaykick 2x '),
 ('138', 'title', '0', 'en_us', ' image hero muaykick 2x '),
 ('2', 'slug', '0', 'en_us', ' homepage '),
 ('2', 'title', '0', 'en_us', ' home '),
 ('2', 'field', '5', 'en_us', ' 000000 hero 2x freddie poole s martial arts offers an exclusive hybrid training system that incorporates the traditional training values and principles of karate and tae kwon do with a contemporary system of combat self defense and fitness 1 kick punch learn kick punch learn black belt testing cotton belt classic 000000 approach bkg 2x the key to our success is each discipline being introduced in stages to our student rather than a front loading program this methodical approach ensures students are learning and mastering techniques at the highest level as opposed to just going through motions additionally we have a variety of skilled instructors teaching our programs this gives students an advantage of learning martial arts from varied perspectives which enhances the quality of the training each instructor at fpma is trained to recognize a student s personality learning style and individual needs approach dragons juniors brazilian jiu jitsu ladies kickboxing martial arts muay thai kickboxing leadership locations bkg 2x we currently have 2 locations to serve you locations 000000 contact bg 2x come see for yourself why our martial arts system has been so popular for so many years our black belt instructors are here to help you achieve all your marital art and fitness goals col 3 of 5 col 2 of 5 1 '),
 ('6', 'slug', '0', 'en_us', ' programs '),
 ('6', 'title', '0', 'en_us', ' programs '),
 ('6', 'field', '5', 'en_us', ''),
 ('6', 'field', '4', 'en_us', ''),
 ('6', 'field', '3', 'en_us', ''),
 ('5', 'slug', '0', 'en_us', ' about us '),
 ('5', 'title', '0', 'en_us', ' about us '),
 ('5', 'field', '5', 'en_us', ''),
 ('5', 'field', '4', 'en_us', ''),
 ('5', 'field', '3', 'en_us', ''),
 ('7', 'slug', '0', 'en_us', ' locations '),
 ('7', 'title', '0', 'en_us', ' locations '),
 ('7', 'field', '5', 'en_us', ''),
 ('7', 'field', '4', 'en_us', ''),
 ('7', 'field', '3', 'en_us', ''),
 ('16', 'slug', '0', 'en_us', ' dragons '),
 ('16', 'title', '0', 'en_us', ' dragons '),
 ('16', 'field', '22', 'en_us', ' dragons 4 6 yo '),
 ('16', 'field', '5', 'en_us', ' 000000 image hero dragons 2x specifically designed for children four to six years of age where they will begin to learn the fundamental life skills such as self discipline focus self control respect patience and confidence dragons will also learn fine motor skills such as strength balance flexibility and coordination 1 dragons 4 6 yo 000000 logo watermark our dragons program has a fun and energetic class format helps the young students develop skills that set them up for success in life the structure of the freddie poole dragons program is a key principle of success of the student as it s a preparatory training program for the junior martial arts program '),
 ('16', 'field', '4', 'en_us', ''),
 ('16', 'field', '3', 'en_us', ''),
 ('17', 'slug', '0', 'en_us', ' juniors '),
 ('17', 'title', '0', 'en_us', ' juniors '),
 ('17', 'field', '22', 'en_us', ' juniors 7 12 yo '),
 ('17', 'field', '5', 'en_us', ' 000000 image hero juniors 2x juniors 7 to 12 years old freddie poole s martial arts junior martial arts program is a unique training system that combines traditional values and principles with a modern system of combat self defense and fitness our exclusive system and program is a hybrid style which incorporates training methods of karate and tae kwon do with westernized boxing judo and brazilian jiu jitsu fpma has a variety of instructors teaching our program this gives students an advantage of learning martial arts from different perspectives which enhances the quality of training 1 juniors ffffff logo watermark our juniors program focuses on advancement and growth based on each child s individual pace the key to our success is each discipline is introduced in stages to the student rather than front loading a program juniors will begin to grasp the concept of self discipline as they achieve goals when he she tackles more difficult goals the self confidence grows and serves as a strong foundation in all aspects of life '),
 ('17', 'field', '4', 'en_us', ''),
 ('17', 'field', '3', 'en_us', ''),
 ('24', 'slug', '0', 'en_us', ' north dallas '),
 ('24', 'title', '0', 'en_us', ' north texas martial arts '),
 ('24', 'field', '5', 'en_us', ' 000000 image hero ntma 2x north texas martial arts is certified partner school of freddie poole martial arts we leverage the same martial arts curriculum as fpma north texas martial art is led by master steve sosa a true martial artist with over 30 years of experience and multiple accolades who has dedicated his passion for martial arts into teaching and coaching students 1 north texas martial arts 17194 preston rd 215 dallas tx united states 75248 17194 preston road suite 215dallas texas 75248972 323 0027 north texas martial arts coming soon please contact us for the most recent class schedule ntma class schedule northdallas '),
 ('24', 'field', '4', 'en_us', ''),
 ('24', 'field', '3', 'en_us', ''),
 ('27', 'slug', '0', 'en_us', ' instructors '),
 ('27', 'title', '0', 'en_us', ' instructors '),
 ('27', 'field', '5', 'en_us', ' 000000 image hero staff 2x our instructors have spent many years perfecting the martial arts craft and continue to go through extensive testing training and certifications to ensure that we are able to provide our students with the best care and instruction here we re family and we enjoy what we do and enjoy sharing that passion with others collectively we invest in each student as we feel that their success is our success 1 instructors master steve sosa has been an unstoppable highly skilled martial artist for over 30 years master sosa a 7th degree black belt in karate was trained by legendary martial artists such as tim kirby allen steen ray mccallum billye jackson and demetrius the greek havanas the original members of texas blood n guts karate in the dallas area master sosa is a passionate trainer who has amassed several prestigious accolades in martial arts tournaments including the golden greek which is the highest award given by the amateur organization of karate master sosa was also honored with the positive coaching alliance s double goal coaching award awarded to coaches who implement positive life skills work ethic and drive into their students training in 2010 master sosa started north texas martial arts ntma which ultimately joined freddie poole martial arts in 2015 staff steve steve sosa instructor 7th degree black belt master vanny boon is a certified 5th degree black belt skilled in various forms of martial arts including taekwondo do muay thai brazilian jiu jitsu and boxing master boon s passion and experience for martial arts began when he started training at the age of 5 and spans over 25 years master boon trained under grand master hong master freddie poole and muay thai world champion saekson janjira staff vanny vanny boon instructor 5th degree black belt saekson muay thai randy stem is a 5th degree black belt trained in karate kickboxing and judo and brazilian jiu jitsu randy studied under the teachings of allen steen widely recognized as the father of american taekwondo and has over 45 years of experience mastering martial arts randy strongly encourages his students to build a firm foundation in martial arts early on by focusing on the development of basic fundamental motor skills and concepts staff 8 2x randy stem instructor 5th degree black belt fitness trainer westin poole s love for karate kicked in as a kid when he began training in martial arts at the age of 6 by 2009 westin was a certified 1st degree black belt and has no plans of slowing down he has been teaching for almost eight years and enjoys working with children the mission behind his teaching is inspiring his students to reach their goals and see the benefits of their hard work staff 4 2x westin poole instructor 3rd degree black belt alex garcia is a 2nd degree black belt in tae kwon do who gravitated towards the world of martial arts at the age of 4 alex soon began training to develop and perfect his skills for martial arts and became a student at freddie poole s martial arts at the age of 10 within 2 years alex s dedication transformed him into an avid competitor alex received several 1st place wins in state martial arts championships staff 3 2x alex garcia instructor 2nd degree black belt mike rose has over 25 years of martial arts training competition and teaching experience in both judo and brazilian jiu jitsu mike started training in judo in 1992 and currently holds a black belt in 1998 under the teachings of greg nelson mike began training in brazilian jiu jitsu and received his blue belt in 1999 and his black belt in 2009 staff mike mike rose instructor machado black belt nathanael nathan bagby is a 3rd degree black belt and an accomplished muay thai fighter and instructor nathan first became interested and started training in martial arts at the age of 8 and in the past 25 years has trained in isshinryu karate eskrima tae kwon do american kickboxing brazilian jiu jitsu close quarter combat boxing and muay thai nathan has successfully competed in several amateur and professional kickboxing and muay thai bouts staff 2 2x nathan bagby instructor 3rd degree black belt muay thai jayda clayton a 2nd degree black belt began her training in january 2007 at the ripe old age of 4 a prodigy of master steven sosa jayda received her yellow and brown belts in 2007 and 2009 respectively at age 7 jayda became master sosa s first and youngest student in the tim kirby lineage to receive her black belt jayda has competed in numerous local state and national karate competitions and won over 60 trophies in sparring and kata competitions with over 40 of them being first place positions staff jayda jayda clayton instructor 2nd degree black belt professor johnny rodriguez is a highly skilled black belt in brazilian jiu jitsu with over 20 years of training in several martial art forms including kenpo karate aikido judo and muay thai professor rodriguez teaches workshops self defense seminars and has previously worked in law enforcement professor rodriguez actively coaches students in preparation for brazilian jiu jitsu tournaments and mma bouts and still competes in many brazilian jiu jitsu tournaments staff 6 2x johnny rodriguez instructor machado black belt gerardo mulas is a certified personal trainer yoga and martial arts expert whose mission is educating students the benefits of fitness health and wellness goals gerardo specializes in sports performance weight loss injury rehabilitation stress relief nutritional counseling and meal planning gerardo has over two decades of professional and collegiate athletics under his belt along with extensive training in kickboxing boxing and grappling staff 7 2x gerardo mulas instructor certified personal trainer yoga master sovandy om is a 5th degree black belt kickboxing fitness certified trainer and a fpma student favorite master om has trained extensively in tae kwon do mma gymnastic as well as crossfit along with a passion for martial arts master om has an even bigger passion for fitness master om works tirelessly with helping the students execute proper technique to achieve the maximum benefits as well as helping students reach and exceed their fitness goals staff 1 2x sovandy om instructor 5th degree black belt '),
 ('27', 'field', '4', 'en_us', ''),
 ('27', 'field', '3', 'en_us', ''),
 ('32', 'slug', '0', 'en_us', ' contact us '),
 ('32', 'title', '0', 'en_us', ' contact us '),
 ('32', 'field', '22', 'en_us', ''),
 ('32', 'field', '5', 'en_us', ' 000000 image hero contact 2x come see for yourself why our martial arts system has been popular for so many years our black belt instructors are here to help you achieve all your martial art and fitness goals 0 contact us f5f5f5 contact us '),
 ('32', 'field', '4', 'en_us', ''),
 ('32', 'field', '3', 'en_us', ''),
 ('33', 'slug', '0', 'en_us', ' events '),
 ('33', 'title', '0', 'en_us', ' events '),
 ('33', 'field', '5', 'en_us', ' 000000 image hero events 2x we pride ourselves in offering superior service and training for parents and kids outside of our extensive martial arts programs offered at both of our dallas locations fpma offers various extra personal services that are very educational affordable and definitely fun from private birthday celebrations to women s self defense classes there s a special fpma extra for everyone 1 events ffffff logo watermark got a date night or hang out with the crew night planned and need somewhere to take the kiddos bring em to fpma for parents night out pno the pno program is on specified saturdays from 5 9pm and welcomes both fpma students and non members to join in on a night full of pizza movies prizes and fun oh did we mention nerf gun wars too just give one of our locations a call for more information pricing and dates for the next pno parent s nights out f5f5f5 celebrate the birthday for your little martial artists freddie poole style fpma offers a personal experience with one of our many skilled instructors ready to teach all of the little partiers some exciting new martial arts moves and put a unique spin on a birthday celebrations decorations music and food are welcome interested in having your kid s next birthday celebration at fpma give one of our locations a call for more information birthday parties ffffff fpma is proud to announce our summer 2016 karate camp for kids karate camp is designed for children ages 4 11 and provides the perfect summer getaway for kids interested in learning more about the many forms of martial art give you kids the opportunity to learn more about boosting leadership and teamwork skills building and improving self confidence self defense techniques bully awareness as well as fun martial arts games and drills choose from 2 summer camp sessions only a $25 deposit required to reserve a spot reach out to a fpma location for more details special events f5f5f5 safety for our members is a major priority for us fpma offers self defense classes for women to learn how to protect themselves and their loved ones from unexpected attacks join fpma for one of our women s self defense seminars in partnership with not dead yet apparel come get hands on training as we demonstrate various self defense techniques learn empowering safety awareness and practices attendance is always free but we accept donations of $25 or more to benefit a designated local non profit organization take the first step by contacting one of our locations for more information women s self defense seminars ffffff for the member who wants to learn the valuable techniques of martial arts outside of a group setting fpma offers specialized one on one training sessions members get individually structured personal instruction from one of our certified martial arts trainers training sessions are customized to benefit each student in any skill level from a novice student wanting a more personal experience or an advanced student preparing for competition contact one of our two dallas locations for more details personal training '),
 ('33', 'field', '4', 'en_us', ''),
 ('33', 'field', '3', 'en_us', ''),
 ('73', 'slug', '0', 'en_us', ' about freddie '),
 ('73', 'title', '0', 'en_us', ' freddie poole '),
 ('73', 'field', '5', 'en_us', ' 000000 image hero about1 2x freddie poole began martial arts training in 1981 at the age of seven years old he began studying at southwest karate academy under demetrius golden greek havanas southwest karate academy produced some of the best martial arts champions and competitors in the world at that time the 80 s were the tail end of the texas blood and guts era of martial arts the lineage began with jhoon rhee and his first black belt was allen steen steen went on to train many black belts and students and texas was known for producing some of the best fighters in the country tim kirby billye jackson raymond mccallum and santae wilson jr were some of the world class competitors who had influence over poole s training and development 1 about freddie 000000 logo watermark poole received his 1st degree black belt in 1986 under tim kirby billye jackson and raymond mccallum poole competed in the aok and was a top ranked competitor in forms and fighting for many years as a junior competitor poole began working for and training with long time friend and kickboxing mma champion guy mezger in 1993 poole began honing his boxing and kickboxing skills with mezger billye jackson santae wilson jr and coach charles brown and went on to win a national title in 1997 which earned a spot on the us national kickboxing team poole s boxing experience comes from training with some of the best coaches in the business phil sawyer and olympic boxing bronze medalist charles brown have influenced poole in his boxing training as well as alex andrade david douglas and michael montoya poole has several years of muay thai experience training with francisco sanchez of new world combat as well as world muay thai champion and mma veteran pete spratt and muay thai champion jason house poole s judo experience comes from training with master vince tamura and judo black belt rico castro poole currently trains under the tutelage of 8th degree brazilian jiu jitsu master carlos machado where he holds a brown belt and is a proud affiliate of machado jiu jitsu poole has also trained with many talented brazilian jiu jitsu black belts including kenny mcclure jeff sawyer rico castro and taryn douglas poole has competed all over the united states and internationally in europe winning a kick international title in 2004 along with many team karate titles from 1999 2004 poole also fought for team texas in chuck norris s televised fight league the world combat league poole has parlayed his training and knowledge of martial arts into a successful career as a stuntman and fight stunt coordinator for television and film poole has performed and worked alongside some of the top names in the action world like sylvester stallone chuck norris ben affleck jason statham and many others poole can be seen on popular television shows like the walking dead sons of anarchy from dusk till dawn and marvel s agents of the shield just to name a few and he has served as a stunt double performing various feats of action for actors sylvester stallone frank grillo and jesse metcalfe as well as many others as a fight coordinator and stunt coordinator poole oversees and is in charge of action for feature films that can be seen on anywhere from netflix to the big screen and television shows on network tv '),
 ('73', 'field', '4', 'en_us', ''),
 ('73', 'field', '3', 'en_us', ''),
 ('34', 'slug', '0', 'en_us', ' dallas '),
 ('34', 'title', '0', 'en_us', ' freddie poole martial arts '),
 ('34', 'field', '5', 'en_us', ' 000000 image hero location 2x freddie poole martial arts is conveniently located in highland park just minutes away from highland park high school and mcculloch intermediate school we offer classes six days a week and have something for everyone in the family check out our current class schedule below 1 check out our current schedule to keep up to date with our latest offerings freddie poole martial arts 5757 w lovers lane 217 dallas tx united states 75209 5757 west lovers lane suite 217dallas tx united states 75209214 352 5425 freddie poole s martial arts coming soon please contact us for the most recent class schedule fpma class special events dallas fpma class schedule dallas 6 30 am muay thai 6 30 am muay thai 9 15 am ladies kickboxing ladies kickboxing ladies kickboxing 9 15 am ladies kickboxing ladies kickboxing ladies kickboxing '),
 ('34', 'field', '4', 'en_us', ''),
 ('34', 'field', '3', 'en_us', ''),
 ('81', 'slug', '0', 'en_us', ' brazilian jiu jitsu '),
 ('81', 'title', '0', 'en_us', ' brazilian jiu jitsu '),
 ('81', 'field', '22', 'en_us', ' brazilian jiu jitsu '),
 ('81', 'field', '5', 'en_us', ' 000000 image hero bjj 2x brazilian jiu jitsu 7 to 12 year old adults the sport of brazilian jiu jitsu can be quite complex our intro program helps break down all the essential concepts of the sport making it much easier to pick up for anybody freddie poole s martial arts is a proud affiliate of the carlos machado bjj association and network carlos machado is nephew to one of the founders of brazilian jiu jitsu late master carlos gracie carlos is determined to keep the legacy going through teaching and partnering with others including our very own freddie poole 1 brazilian jiu jitsu ffffff logo watermark our classes are curriculum oriented providing a fast paced yet easy approach to learning brazilian jiu jitsu for children 7 12 years of age and adults students achieve great results in a short amount of time learning realistic skills great for both self defense and increasing fitness and stamina students also learn strategies for advancing in rank after completing time and skill requirements all in a fun and safe environment f5f5f5 the fpma brazilian jiu jitsu kids program is the perfect tool to change your child s life forever lessons learned both on and off the mat will instill in them a confidence and self belief that will continue with them throughout their lives plus it s fun fpma stands firm on our anti bullying policies which have been reverse engineered to safely and effectively repel any aggressor with truly phenomenal results overall the kids bbj program is designed to develop a sense of discipline determination leadership commitment responsibility good sportsmanship and confidence into our future leaders kids bjj program ffffff fpma bjj fundamentals program is designed to teach the overall self defense strategy of brazilian jiu jitsu the class begins with a pre workout involving many body weight exercises and it will teach you the basics from learning how to fall to clinching taking down and successfully setting up and applying a submission hold as well as various escapes we provide a detailed instruction in wrestling judo and brazilian jiu jitsu as they are all relevant to mastership the class ends with positional training that helps students focus on the lesson of the week and get a feel for live training through repetition techniques your training will slowly prepare you to begin drilling at a full resistance adults bjj fundamentals '),
 ('81', 'field', '4', 'en_us', ''),
 ('81', 'field', '3', 'en_us', ''),
 ('86', 'slug', '0', 'en_us', ' ladies kickboxing '),
 ('86', 'title', '0', 'en_us', ' ladies kickboxing '),
 ('86', 'field', '22', 'en_us', ' ladies kickboxing '),
 ('86', 'field', '5', 'en_us', ' 000000 image hero lk 2x the ladies kickboxing program is exclusively for ladies looking to combine an intense physical workout with the added perk of self defense practices outside of incorporating various types of kickboxing techniques and strikes fpma ladies kickboxing helps to educate students on many aspects of weight training physical conditioning and yoga 1 ladies kickboxing ffffff logo watermark as intimidating as it may sound kickboxing is perfect for all ladies from beginners to experts you re sure to get the most from the private like atmosphere and pace of the class with a dedicated staff of skilled professionals kickboxing is the ideal workout option for mothers looking for an alternative to going to the gym and unique workout options with morning afternoon and evening classes available '),
 ('86', 'field', '4', 'en_us', ''),
 ('86', 'field', '3', 'en_us', ''),
 ('89', 'slug', '0', 'en_us', ' martial arts '),
 ('89', 'title', '0', 'en_us', ' martial arts '),
 ('89', 'field', '22', 'en_us', ' martial arts '),
 ('89', 'field', '5', 'en_us', ' 000000 image hero karate 2x martial arts 7 to 12 years old adults martial arts training helps to develop an indomitable spirit in practitioners of any age and any skill level fpma martial arts program focuses on increased concentration ability to memorize and awareness many of our students say there is no better stress relief than coming onto the mat and pushing their minds bodies and spirits to the limits 1 martial arts ffffff logo watermark freddie poole beginner s course white belts this class begins with traditional chung do kwon tae kwon do and karate students learn basic commands basic stances and blocks and basic kicks and punches this program implements boxing to enhance and modernize the system students progress through short term goals stripes to reach their long term goal colored rank students learn practical and situational self defense as well classes are thirty minutes for greater retention of material in a fun yet disciplined and true martial arts environment freddie poole intermediate course orange through purple belts the freddie poole intermediate karate course focuses on the student s concentration and increases physical fitness through agility and coordination drills balance and kicking technique are emphasized as well as an introduction to sparring technique and strategy each step of the way children are guided towards a true understanding of their new found skills and associated responsibilities to balance and complete the intermediate program students will learn basic judo and take downs blue belt class time will increase to 45 minutes to an hour long freddie poole advanced course red through black belt in the freddie poole advanced karate program students are introduced to advanced technique drills and advanced forms students progress to a more intense and advanced sparring level in preparation for black belt to create a well balanced program and student the freddie poole advanced course focuses on self defense and mental awareness with a heavy emphasis on grappling and brazilian jiu jitsu fitness goals martial arts juniors f5f5f5 the adult curriculum is a structured traditional program complimented by modern training techniques that provide students the opportunity to understand theory as well as practical application students learn techniques and strategies that can truly be life saving skills as well as give overall fitness new students will see improvement in their coordination flexibility and muscle tone in just a few short weeks those who become proficient in martial arts will have better stamina strength and peace of mind that comes from knowing they can efficiently and effectively defend themselves martial arts adults '),
 ('89', 'field', '4', 'en_us', ''),
 ('89', 'field', '3', 'en_us', ''),
 ('93', 'slug', '0', 'en_us', ' muay thai kickboxing '),
 ('93', 'title', '0', 'en_us', ' muay thai kickboxing '),
 ('93', 'field', '22', 'en_us', ' muay thai adults '),
 ('93', 'field', '5', 'en_us', ' 000000 image hero muaykick 2x muay thai adults muay thai is a combat sport from thailand that uses stand up strikes along with various clinch techniques this physical and mental discipline is known as the art of eight limbs because it is characterized by the combined use of fists elbows knees and shins during training 1 muay thai kickboxing ffffff logo watermark individuals participating in this program achieve outstanding physical conditioning due to the highly intense yet fun nature of striking through the use of bag drills mitt drills and pad work this self paced class is taught by high level instructors with years of training in this discipline who encourage each participant to reach their full physical potential '),
 ('93', 'field', '4', 'en_us', ''),
 ('93', 'field', '3', 'en_us', ''),
 ('125', 'slug', '0', 'en_us', ' slide1 '),
 ('125', 'title', '0', 'en_us', ' kick punch learn '),
 ('125', 'field', '67', 'en_us', ' hero 2x '),
 ('125', 'field', '1', 'en_us', ' freddie poole s martial arts offers an exclusive hybrid training system that incorporates the traditional training values and principles of karate and tae kwon do with a contemporary system of combat self defense and fitness '),
 ('96', 'slug', '0', 'en_us', ' leadership ');
INSERT INTO `craft_searchindex` (`elementId`, `attribute`, `fieldId`, `locale`, `keywords`) VALUES
 ('96', 'title', '0', 'en_us', ' leadership '),
 ('96', 'field', '22', 'en_us', ''),
 ('96', 'field', '5', 'en_us', ' 000000 image hero leadership 2x the fpma leadership program is an instructor recommended program students must first attain a blue belt through the intermediate program they must also demonstrate leadership qualities to receive nominations 1 leadership ffffff logo watermark the fpma leadership program focuses on developing leaders not only in martial arts but in the community as well each month leadership students are required to demonstrate and apply a new leadership skill at home at school and in the martial arts training '),
 ('96', 'field', '4', 'en_us', ''),
 ('96', 'field', '3', 'en_us', ''),
 ('126', 'slug', '0', 'en_us', ' slide2 '),
 ('126', 'title', '0', 'en_us', ' black belt testing '),
 ('126', 'field', '67', 'en_us', ' image hero general1 2x '),
 ('126', 'field', '1', 'en_us', ' please join us at north texas martial arts for the black best test and ceremony for master steve sosa testing for 8th degree black belt miss jayda clayton testing for 3rd degree black belt august 27 2016 2 00 pm at the ntma 17194 preston road suite 215 dallas texas 75248event is free and open to the public '),
 ('127', 'slug', '0', 'en_us', ' slide3 '),
 ('127', 'title', '0', 'en_us', ' cotton belt classic '),
 ('127', 'field', '67', 'en_us', ' image hero general1 2x '),
 ('127', 'field', '1', 'en_us', ' saturday august 6 2016 james williams joe mcspadden presents2016 cotton belt classicplano sports authority murphy330 n murphy roadmurphy tx 75094pre registation only event tournament flyer '),
 ('128', 'slug', '0', 'en_us', ' about us 1 '),
 ('128', 'title', '0', 'en_us', ' fpma '),
 ('128', 'field', '5', 'en_us', ' 000000 bjj bg 2x since opening its doors in 2004 freddie poole s martial arts has been impacting thousands of lives in the community our friendly staff looks forward each day to helping our students achieve their goals 1 fpma 000000 logo watermark although standards are set high each student at fpma is evaluated on an individual basis to ensure progression on their own timeline this approach ensures students achieve and earn rank on their own merit we encourage our students to trust the process and enjoy it earning a black belt at fpma is a once in a lifetime experience the dedicated team of instructors at fpma have taken their experience of martial arts and created a well rounded training system for all ages freddie poole s martial arts is the most balanced martial arts training system combining traditional training elements with practical real world application by integrating both of these elements into one system one can truly train in mixed martial arts '),
 ('128', 'field', '4', 'en_us', ''),
 ('128', 'field', '3', 'en_us', ''),
 ('118', 'slug', '0', 'en_us', ' contact '),
 ('152', 'slug', '0', 'en_us', ' contact '),
 ('153', 'slug', '0', 'en_us', ' contact '),
 ('155', 'slug', '0', 'en_us', ' contact '),
 ('156', 'slug', '0', 'en_us', ' contact '),
 ('157', 'slug', '0', 'en_us', ' contact '),
 ('158', 'slug', '0', 'en_us', ' contact '),
 ('159', 'slug', '0', 'en_us', ' contact '),
 ('160', 'slug', '0', 'en_us', ' contact '),
 ('164', 'slug', '0', 'en_us', ' contact '),
 ('165', 'slug', '0', 'en_us', ' contact '),
 ('166', 'slug', '0', 'en_us', ' contact '),
 ('167', 'slug', '0', 'en_us', ' contact '),
 ('168', 'slug', '0', 'en_us', ' contact '),
 ('169', 'slug', '0', 'en_us', ' contact '),
 ('170', 'slug', '0', 'en_us', ' contact '),
 ('171', 'slug', '0', 'en_us', ' contact '),
 ('174', 'slug', '0', 'en_us', ' contact '),
 ('175', 'slug', '0', 'en_us', ' contact '),
 ('176', 'slug', '0', 'en_us', ' contact '),
 ('4', 'slug', '0', 'en_us', ''),
 ('4', 'field', '3', 'en_us', ''),
 ('4', 'field', '4', 'en_us', ''),
 ('20', 'slug', '0', 'en_us', ''),
 ('20', 'field', '31', 'en_us', ' logo fpma '),
 ('20', 'field', '48', 'en_us', ' https www facebook com freddiepoolesmartialarts '),
 ('20', 'field', '49', 'en_us', ' https www instagram com fpma_mma '),
 ('20', 'field', '50', 'en_us', ' https www youtube com user freddiepma '),
 ('20', 'field', '69', 'en_us', ' function w d s l i w l =w l w l push gtm start new date gettime event gtm js var f=d getelementsbytagname s 0 j=d createelement s dl=l = datalayer l= l j async=true j src= www googletagmanager com gtm js id= i dl f parentnode insertbefore j f window document script datalayer gtm 5lg9pv '),
 ('20', 'field', '70', 'en_us', ' function i s o g r a m i googleanalyticsobject =r i r =i r function i r q=i r q push arguments i r l=1 new date a=s createelement o m=s getelementsbytagname o 0 a async=1 a src=g m parentnode insertbefore a m window document script https www google analytics com analytics js ga ga create ua 72853200 1 auto ga send pageview '),
 ('15', 'slug', '0', 'en_us', ''),
 ('15', 'field', '10', 'en_us', ' kick punch learn '),
 ('15', 'field', '11', 'en_us', ' freddie poole s martial arts offers an exclusive hybrid training system that incorporates the traditional training values and principles of karate and tae kwon do with a contemporary system of combat self defense and fitness '),
 ('15', 'field', '12', 'en_us', ' 000000 '),
 ('15', 'field', '13', 'en_us', ' hero 2x '),
 ('15', 'field', '32', 'en_us', ' 1 '),
 ('15', 'field', '68', 'en_us', ' kick punch learn black belt testing cotton belt classic '),
 ('21', 'slug', '0', 'en_us', ''),
 ('21', 'field', '33', 'en_us', ' dragons 4 6 yo '),
 ('21', 'field', '34', 'en_us', ' specifically designed for children four to six years of age where they will begin to learn the fundamental life skills such as self discipline focus self control respect patience and confidence dragons will also learn fine motor skills such as strength balance flexibility and coordination '),
 ('21', 'field', '35', 'en_us', ' 1 '),
 ('21', 'field', '36', 'en_us', ' 000000 '),
 ('21', 'field', '37', 'en_us', ' image hero dragons 2x '),
 ('21', 'field', '39', 'en_us', ''),
 ('21', 'field', '45', 'en_us', ''),
 ('21', 'field', '38', 'en_us', ''),
 ('21', 'field', '40', 'en_us', ''),
 ('18', 'slug', '0', 'en_us', ''),
 ('18', 'field', '26', 'en_us', ' approach '),
 ('18', 'field', '27', 'en_us', ' the key to our success is each discipline being introduced in stages to our student rather than a front loading program this methodical approach ensures students are learning and mastering techniques at the highest level as opposed to just going through motions additionally we have a variety of skilled instructors teaching our programs this gives students an advantage of learning martial arts from varied perspectives which enhances the quality of the training each instructor at fpma is trained to recognize a student s personality learning style and individual needs '),
 ('18', 'field', '28', 'en_us', ' dragons juniors brazilian jiu jitsu ladies kickboxing martial arts muay thai kickboxing leadership '),
 ('18', 'field', '29', 'en_us', ' 000000 '),
 ('18', 'field', '30', 'en_us', ' approach bkg 2x '),
 ('22', 'slug', '0', 'en_us', ''),
 ('22', 'field', '6', 'en_us', ''),
 ('22', 'field', '7', 'en_us', ' our dragons program has a fun and energetic class format helps the young students develop skills that set them up for success in life the structure of the freddie poole dragons program is a key principle of success of the student as it s a preparatory training program for the junior martial arts program '),
 ('22', 'field', '8', 'en_us', ' 000000 '),
 ('22', 'field', '9', 'en_us', ' logo watermark '),
 ('25', 'slug', '0', 'en_us', ''),
 ('25', 'field', '33', 'en_us', ' north texas martial arts '),
 ('25', 'field', '34', 'en_us', ' north texas martial arts is certified partner school of freddie poole martial arts we leverage the same martial arts curriculum as fpma north texas martial art is led by master steve sosa a true martial artist with over 30 years of experience and multiple accolades who has dedicated his passion for martial arts into teaching and coaching students '),
 ('25', 'field', '35', 'en_us', ' 1 '),
 ('25', 'field', '36', 'en_us', ' 000000 '),
 ('25', 'field', '37', 'en_us', ' image hero ntma 2x '),
 ('25', 'field', '39', 'en_us', ' north texas martial arts '),
 ('25', 'field', '45', 'en_us', ' 17194 preston road suite 215dallas texas 75248972 323 0027 '),
 ('25', 'field', '38', 'en_us', ' 17194 preston rd 215 dallas tx united states 75248 '),
 ('25', 'field', '40', 'en_us', ''),
 ('28', 'slug', '0', 'en_us', ''),
 ('28', 'field', '33', 'en_us', ' instructors '),
 ('28', 'field', '34', 'en_us', ' our instructors have spent many years perfecting the martial arts craft and continue to go through extensive testing training and certifications to ensure that we are able to provide our students with the best care and instruction here we re family and we enjoy what we do and enjoy sharing that passion with others collectively we invest in each student as we feel that their success is our success '),
 ('28', 'field', '35', 'en_us', ' 1 '),
 ('28', 'field', '36', 'en_us', ' 000000 '),
 ('28', 'field', '37', 'en_us', ' image hero staff 2x '),
 ('28', 'field', '39', 'en_us', ''),
 ('28', 'field', '45', 'en_us', ''),
 ('28', 'field', '38', 'en_us', ''),
 ('28', 'field', '40', 'en_us', ''),
 ('29', 'slug', '0', 'en_us', ''),
 ('29', 'field', '41', 'en_us', ' staff steve '),
 ('29', 'field', '42', 'en_us', ' steve sosa '),
 ('29', 'field', '43', 'en_us', ' instructor 7th degree black belt ');
INSERT INTO `craft_searchindex` (`elementId`, `attribute`, `fieldId`, `locale`, `keywords`) VALUES
 ('29', 'field', '44', 'en_us', ' master steve sosa has been an unstoppable highly skilled martial artist for over 30 years master sosa a 7th degree black belt in karate was trained by legendary martial artists such as tim kirby allen steen ray mccallum billye jackson and demetrius the greek havanas the original members of texas blood n guts karate in the dallas area master sosa is a passionate trainer who has amassed several prestigious accolades in martial arts tournaments including the golden greek which is the highest award given by the amateur organization of karate master sosa was also honored with the positive coaching alliance s double goal coaching award awarded to coaches who implement positive life skills work ethic and drive into their students training in 2010 master sosa started north texas martial arts ntma which ultimately joined freddie poole martial arts in 2015 '),
 ('30', 'slug', '0', 'en_us', ''),
 ('30', 'field', '41', 'en_us', ' staff jayda '),
 ('30', 'field', '42', 'en_us', ' jayda clayton '),
 ('30', 'field', '43', 'en_us', ' instructor 2nd degree black belt '),
 ('30', 'field', '44', 'en_us', ' jayda clayton a 2nd degree black belt began her training in january 2007 at the ripe old age of 4 a prodigy of master steven sosa jayda received her yellow and brown belts in 2007 and 2009 respectively at age 7 jayda became master sosa s first and youngest student in the tim kirby lineage to receive her black belt jayda has competed in numerous local state and national karate competitions and won over 60 trophies in sparring and kata competitions with over 40 of them being first place positions '),
 ('31', 'slug', '0', 'en_us', ''),
 ('31', 'field', '41', 'en_us', ' staff 4 2x '),
 ('31', 'field', '42', 'en_us', ' westin poole '),
 ('31', 'field', '43', 'en_us', ' instructor 3rd degree black belt '),
 ('31', 'field', '44', 'en_us', ' westin poole s love for karate kicked in as a kid when he began training in martial arts at the age of 6 by 2009 westin was a certified 1st degree black belt and has no plans of slowing down he has been teaching for almost eight years and enjoys working with children the mission behind his teaching is inspiring his students to reach their goals and see the benefits of their hard work '),
 ('35', 'slug', '0', 'en_us', ''),
 ('35', 'field', '33', 'en_us', ' freddie poole martial arts '),
 ('35', 'field', '34', 'en_us', ' freddie poole martial arts is conveniently located in highland park just minutes away from highland park high school and mcculloch intermediate school we offer classes six days a week and have something for everyone in the family check out our current class schedule below '),
 ('35', 'field', '35', 'en_us', ' 1 '),
 ('35', 'field', '36', 'en_us', ' 000000 '),
 ('35', 'field', '37', 'en_us', ' image hero location 2x '),
 ('35', 'field', '39', 'en_us', ' freddie poole s martial arts '),
 ('35', 'field', '45', 'en_us', ' 5757 west lovers lane suite 217dallas tx united states 75209214 352 5425 '),
 ('35', 'field', '38', 'en_us', ' 5757 w lovers lane 217 dallas tx united states 75209 '),
 ('35', 'field', '40', 'en_us', ' check out our current schedule to keep up to date with our latest offerings '),
 ('52', 'slug', '0', 'en_us', ''),
 ('52', 'field', '51', 'en_us', ' locations '),
 ('52', 'field', '52', 'en_us', ' we currently have 2 locations to serve you '),
 ('52', 'field', '62', 'en_us', ' locations bkg 2x '),
 ('53', 'slug', '0', 'en_us', ''),
 ('53', 'field', '14', 'en_us', ''),
 ('53', 'field', '15', 'en_us', ' come see for yourself why our martial arts system has been so popular for so many years our black belt instructors are here to help you achieve all your marital art and fitness goals '),
 ('53', 'field', '16', 'en_us', ''),
 ('53', 'field', '17', 'en_us', ' col 3 of 5 '),
 ('53', 'field', '18', 'en_us', ' col 2 of 5 '),
 ('53', 'field', '19', 'en_us', ' 000000 '),
 ('53', 'field', '20', 'en_us', ' contact bg 2x '),
 ('53', 'field', '61', 'en_us', ' 1 '),
 ('54', 'slug', '0', 'en_us', ''),
 ('54', 'field', '56', 'en_us', ' fpma class special events '),
 ('54', 'field', '57', 'en_us', ' coming soon please contact us for the most recent class schedule '),
 ('54', 'field', '58', 'en_us', ' dallas '),
 ('55', 'slug', '0', 'en_us', ''),
 ('55', 'field', '33', 'en_us', ' events '),
 ('55', 'field', '34', 'en_us', ' we pride ourselves in offering superior service and training for parents and kids outside of our extensive martial arts programs offered at both of our dallas locations fpma offers various extra personal services that are very educational affordable and definitely fun from private birthday celebrations to women s self defense classes there s a special fpma extra for everyone '),
 ('55', 'field', '35', 'en_us', ' 1 '),
 ('55', 'field', '36', 'en_us', ' 000000 '),
 ('55', 'field', '37', 'en_us', ' image hero events 2x '),
 ('55', 'field', '39', 'en_us', ''),
 ('55', 'field', '45', 'en_us', ''),
 ('55', 'field', '38', 'en_us', ''),
 ('55', 'field', '40', 'en_us', ''),
 ('56', 'slug', '0', 'en_us', ''),
 ('56', 'field', '6', 'en_us', ' parent s nights out '),
 ('56', 'field', '7', 'en_us', ' got a date night or hang out with the crew night planned and need somewhere to take the kiddos bring em to fpma for parents night out pno the pno program is on specified saturdays from 5 9pm and welcomes both fpma students and non members to join in on a night full of pizza movies prizes and fun oh did we mention nerf gun wars too just give one of our locations a call for more information pricing and dates for the next pno '),
 ('56', 'field', '8', 'en_us', ' ffffff '),
 ('56', 'field', '9', 'en_us', ' logo watermark '),
 ('58', 'slug', '0', 'en_us', ''),
 ('58', 'field', '6', 'en_us', ' special events '),
 ('58', 'field', '7', 'en_us', ' fpma is proud to announce our summer 2016 karate camp for kids karate camp is designed for children ages 4 11 and provides the perfect summer getaway for kids interested in learning more about the many forms of martial art give you kids the opportunity to learn more about boosting leadership and teamwork skills building and improving self confidence self defense techniques bully awareness as well as fun martial arts games and drills choose from 2 summer camp sessions only a $25 deposit required to reserve a spot reach out to a fpma location for more details '),
 ('58', 'field', '8', 'en_us', ' ffffff '),
 ('58', 'field', '9', 'en_us', ''),
 ('57', 'slug', '0', 'en_us', ''),
 ('57', 'field', '6', 'en_us', ' birthday parties '),
 ('57', 'field', '7', 'en_us', ' celebrate the birthday for your little martial artists freddie poole style fpma offers a personal experience with one of our many skilled instructors ready to teach all of the little partiers some exciting new martial arts moves and put a unique spin on a birthday celebrations decorations music and food are welcome interested in having your kid s next birthday celebration at fpma give one of our locations a call for more information '),
 ('57', 'field', '8', 'en_us', ' f5f5f5 '),
 ('57', 'field', '9', 'en_us', ''),
 ('59', 'slug', '0', 'en_us', ''),
 ('59', 'field', '33', 'en_us', ' contact us '),
 ('59', 'field', '34', 'en_us', ' come see for yourself why our martial arts system has been popular for so many years our black belt instructors are here to help you achieve all your martial art and fitness goals '),
 ('59', 'field', '35', 'en_us', ' 0 '),
 ('59', 'field', '36', 'en_us', ' 000000 '),
 ('59', 'field', '37', 'en_us', ' image hero contact 2x '),
 ('59', 'field', '39', 'en_us', ''),
 ('59', 'field', '45', 'en_us', ''),
 ('59', 'field', '38', 'en_us', ''),
 ('59', 'field', '40', 'en_us', ''),
 ('60', 'slug', '0', 'en_us', ''),
 ('60', 'field', '53', 'en_us', ' contact us '),
 ('60', 'field', '54', 'en_us', ''),
 ('60', 'field', '55', 'en_us', ' f5f5f5 '),
 ('66', 'slug', '0', 'en_us', ''),
 ('66', 'field', '41', 'en_us', ' staff 6 2x '),
 ('66', 'field', '42', 'en_us', ' johnny rodriguez '),
 ('66', 'field', '43', 'en_us', ' instructor machado black belt '),
 ('66', 'field', '44', 'en_us', ' professor johnny rodriguez is a highly skilled black belt in brazilian jiu jitsu with over 20 years of training in several martial art forms including kenpo karate aikido judo and muay thai professor rodriguez teaches workshops self defense seminars and has previously worked in law enforcement professor rodriguez actively coaches students in preparation for brazilian jiu jitsu tournaments and mma bouts and still competes in many brazilian jiu jitsu tournaments '),
 ('65', 'slug', '0', 'en_us', ''),
 ('65', 'field', '41', 'en_us', ' staff vanny '),
 ('65', 'field', '42', 'en_us', ' vanny boon '),
 ('65', 'field', '43', 'en_us', ' instructor 5th degree black belt saekson muay thai '),
 ('65', 'field', '44', 'en_us', ' master vanny boon is a certified 5th degree black belt skilled in various forms of martial arts including taekwondo do muay thai brazilian jiu jitsu and boxing master boon s passion and experience for martial arts began when he started training at the age of 5 and spans over 25 years master boon trained under grand master hong master freddie poole and muay thai world champion saekson janjira '),
 ('67', 'slug', '0', 'en_us', ''),
 ('67', 'field', '41', 'en_us', ' staff 7 2x '),
 ('67', 'field', '42', 'en_us', ' gerardo mulas '),
 ('67', 'field', '43', 'en_us', ' instructor certified personal trainer yoga '),
 ('67', 'field', '44', 'en_us', ' gerardo mulas is a certified personal trainer yoga and martial arts expert whose mission is educating students the benefits of fitness health and wellness goals gerardo specializes in sports performance weight loss injury rehabilitation stress relief nutritional counseling and meal planning gerardo has over two decades of professional and collegiate athletics under his belt along with extensive training in kickboxing boxing and grappling '),
 ('69', 'slug', '0', 'en_us', ''),
 ('69', 'field', '41', 'en_us', ' staff 1 2x '),
 ('69', 'field', '42', 'en_us', ' sovandy om '),
 ('69', 'field', '43', 'en_us', ' instructor 5th degree black belt '),
 ('69', 'field', '44', 'en_us', ' master sovandy om is a 5th degree black belt kickboxing fitness certified trainer and a fpma student favorite master om has trained extensively in tae kwon do mma gymnastic as well as crossfit along with a passion for martial arts master om has an even bigger passion for fitness master om works tirelessly with helping the students execute proper technique to achieve the maximum benefits as well as helping students reach and exceed their fitness goals '),
 ('68', 'slug', '0', 'en_us', ''),
 ('68', 'field', '41', 'en_us', ' staff 8 2x '),
 ('68', 'field', '42', 'en_us', ' randy stem ');
INSERT INTO `craft_searchindex` (`elementId`, `attribute`, `fieldId`, `locale`, `keywords`) VALUES
 ('68', 'field', '43', 'en_us', ' instructor 5th degree black belt fitness trainer '),
 ('68', 'field', '44', 'en_us', ' randy stem is a 5th degree black belt trained in karate kickboxing and judo and brazilian jiu jitsu randy studied under the teachings of allen steen widely recognized as the father of american taekwondo and has over 45 years of experience mastering martial arts randy strongly encourages his students to build a firm foundation in martial arts early on by focusing on the development of basic fundamental motor skills and concepts '),
 ('70', 'slug', '0', 'en_us', ''),
 ('70', 'field', '41', 'en_us', ' staff 3 2x '),
 ('70', 'field', '42', 'en_us', ' alex garcia '),
 ('70', 'field', '43', 'en_us', ' instructor 2nd degree black belt '),
 ('70', 'field', '44', 'en_us', ' alex garcia is a 2nd degree black belt in tae kwon do who gravitated towards the world of martial arts at the age of 4 alex soon began training to develop and perfect his skills for martial arts and became a student at freddie poole s martial arts at the age of 10 within 2 years alex s dedication transformed him into an avid competitor alex received several 1st place wins in state martial arts championships '),
 ('72', 'slug', '0', 'en_us', ''),
 ('72', 'field', '41', 'en_us', ' staff mike '),
 ('72', 'field', '42', 'en_us', ' mike rose '),
 ('72', 'field', '43', 'en_us', ' instructor machado black belt '),
 ('72', 'field', '44', 'en_us', ' mike rose has over 25 years of martial arts training competition and teaching experience in both judo and brazilian jiu jitsu mike started training in judo in 1992 and currently holds a black belt in 1998 under the teachings of greg nelson mike began training in brazilian jiu jitsu and received his blue belt in 1999 and his black belt in 2009 '),
 ('71', 'slug', '0', 'en_us', ''),
 ('71', 'field', '41', 'en_us', ' staff 2 2x '),
 ('71', 'field', '42', 'en_us', ' nathan bagby '),
 ('71', 'field', '43', 'en_us', ' instructor 3rd degree black belt muay thai '),
 ('71', 'field', '44', 'en_us', ' nathanael nathan bagby is a 3rd degree black belt and an accomplished muay thai fighter and instructor nathan first became interested and started training in martial arts at the age of 8 and in the past 25 years has trained in isshinryu karate eskrima tae kwon do american kickboxing brazilian jiu jitsu close quarter combat boxing and muay thai nathan has successfully competed in several amateur and professional kickboxing and muay thai bouts '),
 ('76', 'slug', '0', 'en_us', ''),
 ('76', 'field', '6', 'en_us', ''),
 ('76', 'field', '7', 'en_us', ' poole received his 1st degree black belt in 1986 under tim kirby billye jackson and raymond mccallum poole competed in the aok and was a top ranked competitor in forms and fighting for many years as a junior competitor poole began working for and training with long time friend and kickboxing mma champion guy mezger in 1993 poole began honing his boxing and kickboxing skills with mezger billye jackson santae wilson jr and coach charles brown and went on to win a national title in 1997 which earned a spot on the us national kickboxing team poole s boxing experience comes from training with some of the best coaches in the business phil sawyer and olympic boxing bronze medalist charles brown have influenced poole in his boxing training as well as alex andrade david douglas and michael montoya poole has several years of muay thai experience training with francisco sanchez of new world combat as well as world muay thai champion and mma veteran pete spratt and muay thai champion jason house poole s judo experience comes from training with master vince tamura and judo black belt rico castro poole currently trains under the tutelage of 8th degree brazilian jiu jitsu master carlos machado where he holds a brown belt and is a proud affiliate of machado jiu jitsu poole has also trained with many talented brazilian jiu jitsu black belts including kenny mcclure jeff sawyer rico castro and taryn douglas poole has competed all over the united states and internationally in europe winning a kick international title in 2004 along with many team karate titles from 1999 2004 poole also fought for team texas in chuck norris s televised fight league the world combat league poole has parlayed his training and knowledge of martial arts into a successful career as a stuntman and fight stunt coordinator for television and film poole has performed and worked alongside some of the top names in the action world like sylvester stallone chuck norris ben affleck jason statham and many others poole can be seen on popular television shows like the walking dead sons of anarchy from dusk till dawn and marvel s agents of the shield just to name a few and he has served as a stunt double performing various feats of action for actors sylvester stallone frank grillo and jesse metcalfe as well as many others as a fight coordinator and stunt coordinator poole oversees and is in charge of action for feature films that can be seen on anywhere from netflix to the big screen and television shows on network tv '),
 ('76', 'field', '8', 'en_us', ' 000000 '),
 ('76', 'field', '9', 'en_us', ' logo watermark '),
 ('75', 'slug', '0', 'en_us', ''),
 ('75', 'field', '33', 'en_us', ' about freddie '),
 ('75', 'field', '34', 'en_us', ' freddie poole began martial arts training in 1981 at the age of seven years old he began studying at southwest karate academy under demetrius golden greek havanas southwest karate academy produced some of the best martial arts champions and competitors in the world at that time the 80 s were the tail end of the texas blood and guts era of martial arts the lineage began with jhoon rhee and his first black belt was allen steen steen went on to train many black belts and students and texas was known for producing some of the best fighters in the country tim kirby billye jackson raymond mccallum and santae wilson jr were some of the world class competitors who had influence over poole s training and development '),
 ('75', 'field', '35', 'en_us', ' 1 '),
 ('75', 'field', '36', 'en_us', ' 000000 '),
 ('75', 'field', '37', 'en_us', ' image hero about1 2x '),
 ('75', 'field', '39', 'en_us', ''),
 ('75', 'field', '45', 'en_us', ''),
 ('75', 'field', '38', 'en_us', ''),
 ('75', 'field', '40', 'en_us', ''),
 ('77', 'slug', '0', 'en_us', ''),
 ('77', 'field', '6', 'en_us', ' women s self defense seminars '),
 ('77', 'field', '7', 'en_us', ' safety for our members is a major priority for us fpma offers self defense classes for women to learn how to protect themselves and their loved ones from unexpected attacks join fpma for one of our women s self defense seminars in partnership with not dead yet apparel come get hands on training as we demonstrate various self defense techniques learn empowering safety awareness and practices attendance is always free but we accept donations of $25 or more to benefit a designated local non profit organization take the first step by contacting one of our locations for more information '),
 ('77', 'field', '8', 'en_us', ' f5f5f5 '),
 ('77', 'field', '9', 'en_us', ''),
 ('78', 'slug', '0', 'en_us', ''),
 ('78', 'field', '6', 'en_us', ' personal training '),
 ('78', 'field', '7', 'en_us', ' for the member who wants to learn the valuable techniques of martial arts outside of a group setting fpma offers specialized one on one training sessions members get individually structured personal instruction from one of our certified martial arts trainers training sessions are customized to benefit each student in any skill level from a novice student wanting a more personal experience or an advanced student preparing for competition contact one of our two dallas locations for more details '),
 ('78', 'field', '8', 'en_us', ' ffffff '),
 ('78', 'field', '9', 'en_us', ''),
 ('79', 'slug', '0', 'en_us', ''),
 ('79', 'field', '33', 'en_us', ' juniors '),
 ('79', 'field', '34', 'en_us', ' juniors 7 to 12 years old freddie poole s martial arts junior martial arts program is a unique training system that combines traditional values and principles with a modern system of combat self defense and fitness our exclusive system and program is a hybrid style which incorporates training methods of karate and tae kwon do with westernized boxing judo and brazilian jiu jitsu fpma has a variety of instructors teaching our program this gives students an advantage of learning martial arts from different perspectives which enhances the quality of training '),
 ('79', 'field', '35', 'en_us', ' 1 '),
 ('79', 'field', '36', 'en_us', ' 000000 '),
 ('79', 'field', '37', 'en_us', ' image hero juniors 2x '),
 ('79', 'field', '39', 'en_us', ''),
 ('79', 'field', '45', 'en_us', ''),
 ('79', 'field', '38', 'en_us', ''),
 ('79', 'field', '40', 'en_us', ''),
 ('80', 'slug', '0', 'en_us', ''),
 ('80', 'field', '6', 'en_us', ''),
 ('80', 'field', '7', 'en_us', ' our juniors program focuses on advancement and growth based on each child s individual pace the key to our success is each discipline is introduced in stages to the student rather than front loading a program juniors will begin to grasp the concept of self discipline as they achieve goals when he she tackles more difficult goals the self confidence grows and serves as a strong foundation in all aspects of life '),
 ('80', 'field', '8', 'en_us', ' ffffff '),
 ('80', 'field', '9', 'en_us', ' logo watermark '),
 ('82', 'slug', '0', 'en_us', ''),
 ('82', 'field', '33', 'en_us', ' brazilian jiu jitsu '),
 ('82', 'field', '34', 'en_us', ' brazilian jiu jitsu 7 to 12 year old adults the sport of brazilian jiu jitsu can be quite complex our intro program helps break down all the essential concepts of the sport making it much easier to pick up for anybody freddie poole s martial arts is a proud affiliate of the carlos machado bjj association and network carlos machado is nephew to one of the founders of brazilian jiu jitsu late master carlos gracie carlos is determined to keep the legacy going through teaching and partnering with others including our very own freddie poole '),
 ('82', 'field', '35', 'en_us', ' 1 '),
 ('82', 'field', '36', 'en_us', ' 000000 '),
 ('82', 'field', '37', 'en_us', ' image hero bjj 2x '),
 ('82', 'field', '39', 'en_us', ''),
 ('82', 'field', '45', 'en_us', ''),
 ('82', 'field', '38', 'en_us', ''),
 ('82', 'field', '40', 'en_us', ''),
 ('83', 'slug', '0', 'en_us', ''),
 ('83', 'field', '6', 'en_us', ''),
 ('83', 'field', '7', 'en_us', ' our classes are curriculum oriented providing a fast paced yet easy approach to learning brazilian jiu jitsu for children 7 12 years of age and adults students achieve great results in a short amount of time learning realistic skills great for both self defense and increasing fitness and stamina students also learn strategies for advancing in rank after completing time and skill requirements all in a fun and safe environment '),
 ('83', 'field', '8', 'en_us', ' ffffff '),
 ('83', 'field', '9', 'en_us', ' logo watermark '),
 ('84', 'slug', '0', 'en_us', ''),
 ('84', 'field', '6', 'en_us', ' kids bjj program '),
 ('84', 'field', '7', 'en_us', ' the fpma brazilian jiu jitsu kids program is the perfect tool to change your child s life forever lessons learned both on and off the mat will instill in them a confidence and self belief that will continue with them throughout their lives plus it s fun fpma stands firm on our anti bullying policies which have been reverse engineered to safely and effectively repel any aggressor with truly phenomenal results overall the kids bbj program is designed to develop a sense of discipline determination leadership commitment responsibility good sportsmanship and confidence into our future leaders '),
 ('84', 'field', '8', 'en_us', ' f5f5f5 '),
 ('84', 'field', '9', 'en_us', ''),
 ('85', 'slug', '0', 'en_us', ''),
 ('85', 'field', '6', 'en_us', ' adults bjj fundamentals '),
 ('85', 'field', '7', 'en_us', ' fpma bjj fundamentals program is designed to teach the overall self defense strategy of brazilian jiu jitsu the class begins with a pre workout involving many body weight exercises and it will teach you the basics from learning how to fall to clinching taking down and successfully setting up and applying a submission hold as well as various escapes we provide a detailed instruction in wrestling judo and brazilian jiu jitsu as they are all relevant to mastership the class ends with positional training that helps students focus on the lesson of the week and get a feel for live training through repetition techniques your training will slowly prepare you to begin drilling at a full resistance '),
 ('85', 'field', '8', 'en_us', ' ffffff '),
 ('85', 'field', '9', 'en_us', ''),
 ('88', 'slug', '0', 'en_us', ''),
 ('88', 'field', '6', 'en_us', ''),
 ('88', 'field', '7', 'en_us', ' as intimidating as it may sound kickboxing is perfect for all ladies from beginners to experts you re sure to get the most from the private like atmosphere and pace of the class with a dedicated staff of skilled professionals kickboxing is the ideal workout option for mothers looking for an alternative to going to the gym and unique workout options with morning afternoon and evening classes available '),
 ('88', 'field', '8', 'en_us', ' ffffff '),
 ('88', 'field', '9', 'en_us', ' logo watermark '),
 ('90', 'slug', '0', 'en_us', ''),
 ('90', 'field', '33', 'en_us', ' martial arts '),
 ('90', 'field', '34', 'en_us', ' martial arts 7 to 12 years old adults martial arts training helps to develop an indomitable spirit in practitioners of any age and any skill level fpma martial arts program focuses on increased concentration ability to memorize and awareness many of our students say there is no better stress relief than coming onto the mat and pushing their minds bodies and spirits to the limits '),
 ('90', 'field', '35', 'en_us', ' 1 '),
 ('90', 'field', '36', 'en_us', ' 000000 '),
 ('90', 'field', '37', 'en_us', ' image hero karate 2x '),
 ('90', 'field', '39', 'en_us', ''),
 ('90', 'field', '45', 'en_us', ''),
 ('90', 'field', '38', 'en_us', ''),
 ('90', 'field', '40', 'en_us', ''),
 ('91', 'slug', '0', 'en_us', ''),
 ('91', 'field', '6', 'en_us', ' martial arts juniors '),
 ('91', 'field', '7', 'en_us', ' freddie poole beginner s course white belts this class begins with traditional chung do kwon tae kwon do and karate students learn basic commands basic stances and blocks and basic kicks and punches this program implements boxing to enhance and modernize the system students progress through short term goals stripes to reach their long term goal colored rank students learn practical and situational self defense as well classes are thirty minutes for greater retention of material in a fun yet disciplined and true martial arts environment freddie poole intermediate course orange through purple belts the freddie poole intermediate karate course focuses on the student s concentration and increases physical fitness through agility and coordination drills balance and kicking technique are emphasized as well as an introduction to sparring technique and strategy each step of the way children are guided towards a true understanding of their new found skills and associated responsibilities to balance and complete the intermediate program students will learn basic judo and take downs blue belt class time will increase to 45 minutes to an hour long freddie poole advanced course red through black belt in the freddie poole advanced karate program students are introduced to advanced technique drills and advanced forms students progress to a more intense and advanced sparring level in preparation for black belt to create a well balanced program and student the freddie poole advanced course focuses on self defense and mental awareness with a heavy emphasis on grappling and brazilian jiu jitsu fitness goals ');
INSERT INTO `craft_searchindex` (`elementId`, `attribute`, `fieldId`, `locale`, `keywords`) VALUES
 ('91', 'field', '8', 'en_us', ' ffffff '),
 ('91', 'field', '9', 'en_us', ' logo watermark '),
 ('94', 'slug', '0', 'en_us', ''),
 ('94', 'field', '33', 'en_us', ' muay thai kickboxing '),
 ('94', 'field', '34', 'en_us', ' muay thai adults muay thai is a combat sport from thailand that uses stand up strikes along with various clinch techniques this physical and mental discipline is known as the art of eight limbs because it is characterized by the combined use of fists elbows knees and shins during training '),
 ('94', 'field', '35', 'en_us', ' 1 '),
 ('94', 'field', '36', 'en_us', ' 000000 '),
 ('94', 'field', '37', 'en_us', ' image hero muaykick 2x '),
 ('94', 'field', '39', 'en_us', ''),
 ('94', 'field', '45', 'en_us', ''),
 ('94', 'field', '38', 'en_us', ''),
 ('94', 'field', '40', 'en_us', ''),
 ('92', 'slug', '0', 'en_us', ''),
 ('92', 'field', '6', 'en_us', ' martial arts adults '),
 ('92', 'field', '7', 'en_us', ' the adult curriculum is a structured traditional program complimented by modern training techniques that provide students the opportunity to understand theory as well as practical application students learn techniques and strategies that can truly be life saving skills as well as give overall fitness new students will see improvement in their coordination flexibility and muscle tone in just a few short weeks those who become proficient in martial arts will have better stamina strength and peace of mind that comes from knowing they can efficiently and effectively defend themselves '),
 ('92', 'field', '8', 'en_us', ' f5f5f5 '),
 ('92', 'field', '9', 'en_us', ''),
 ('97', 'slug', '0', 'en_us', ''),
 ('97', 'field', '33', 'en_us', ' leadership '),
 ('97', 'field', '34', 'en_us', ' the fpma leadership program is an instructor recommended program students must first attain a blue belt through the intermediate program they must also demonstrate leadership qualities to receive nominations '),
 ('97', 'field', '35', 'en_us', ' 1 '),
 ('97', 'field', '36', 'en_us', ' 000000 '),
 ('97', 'field', '37', 'en_us', ' image hero leadership 2x '),
 ('97', 'field', '39', 'en_us', ''),
 ('97', 'field', '45', 'en_us', ''),
 ('97', 'field', '38', 'en_us', ''),
 ('97', 'field', '40', 'en_us', ''),
 ('95', 'slug', '0', 'en_us', ''),
 ('95', 'field', '6', 'en_us', ''),
 ('95', 'field', '7', 'en_us', ' individuals participating in this program achieve outstanding physical conditioning due to the highly intense yet fun nature of striking through the use of bag drills mitt drills and pad work this self paced class is taught by high level instructors with years of training in this discipline who encourage each participant to reach their full physical potential '),
 ('95', 'field', '8', 'en_us', ' ffffff '),
 ('95', 'field', '9', 'en_us', ' logo watermark '),
 ('98', 'slug', '0', 'en_us', ''),
 ('98', 'field', '6', 'en_us', ''),
 ('98', 'field', '7', 'en_us', ' the fpma leadership program focuses on developing leaders not only in martial arts but in the community as well each month leadership students are required to demonstrate and apply a new leadership skill at home at school and in the martial arts training '),
 ('98', 'field', '8', 'en_us', ' ffffff '),
 ('98', 'field', '9', 'en_us', ' logo watermark '),
 ('103', 'slug', '0', 'en_us', ''),
 ('103', 'field', '56', 'en_us', ' ntma class schedule '),
 ('103', 'field', '57', 'en_us', ' coming soon please contact us for the most recent class schedule '),
 ('103', 'field', '58', 'en_us', ' northdallas '),
 ('112', 'slug', '0', 'en_us', ''),
 ('112', 'field', '33', 'en_us', ' ladies kickboxing '),
 ('112', 'field', '34', 'en_us', ' the ladies kickboxing program is exclusively for ladies looking to combine an intense physical workout with the added perk of self defense practices outside of incorporating various types of kickboxing techniques and strikes fpma ladies kickboxing helps to educate students on many aspects of weight training physical conditioning and yoga '),
 ('112', 'field', '35', 'en_us', ' 1 '),
 ('112', 'field', '36', 'en_us', ' 000000 '),
 ('112', 'field', '37', 'en_us', ' image hero lk 2x '),
 ('112', 'field', '39', 'en_us', ''),
 ('112', 'field', '45', 'en_us', ''),
 ('112', 'field', '38', 'en_us', ''),
 ('112', 'field', '40', 'en_us', ''),
 ('129', 'slug', '0', 'en_us', ''),
 ('129', 'field', '33', 'en_us', ' fpma '),
 ('129', 'field', '34', 'en_us', ' since opening its doors in 2004 freddie poole s martial arts has been impacting thousands of lives in the community our friendly staff looks forward each day to helping our students achieve their goals '),
 ('129', 'field', '35', 'en_us', ' 1 '),
 ('129', 'field', '36', 'en_us', ' 000000 '),
 ('129', 'field', '37', 'en_us', ' bjj bg 2x '),
 ('129', 'field', '39', 'en_us', ''),
 ('129', 'field', '45', 'en_us', ''),
 ('129', 'field', '38', 'en_us', ''),
 ('129', 'field', '40', 'en_us', ''),
 ('132', 'slug', '0', 'en_us', ''),
 ('132', 'field', '6', 'en_us', ''),
 ('132', 'field', '7', 'en_us', ' although standards are set high each student at fpma is evaluated on an individual basis to ensure progression on their own timeline this approach ensures students achieve and earn rank on their own merit we encourage our students to trust the process and enjoy it earning a black belt at fpma is a once in a lifetime experience the dedicated team of instructors at fpma have taken their experience of martial arts and created a well rounded training system for all ages freddie poole s martial arts is the most balanced martial arts training system combining traditional training elements with practical real world application by integrating both of these elements into one system one can truly train in mixed martial arts '),
 ('132', 'field', '8', 'en_us', ' 000000 '),
 ('132', 'field', '9', 'en_us', ' logo watermark '),
 ('1', 'username', '0', 'en_us', ' admin '),
 ('1', 'firstname', '0', 'en_us', ''),
 ('1', 'lastname', '0', 'en_us', ''),
 ('1', 'fullname', '0', 'en_us', ''),
 ('1', 'email', '0', 'en_us', ' daituzhang gmail com '),
 ('1', 'slug', '0', 'en_us', ''),
 ('172', 'username', '0', 'en_us', ' admin2 '),
 ('172', 'firstname', '0', 'en_us', ''),
 ('172', 'lastname', '0', 'en_us', ''),
 ('172', 'fullname', '0', 'en_us', ''),
 ('172', 'email', '0', 'en_us', ' forevergreenmylove gmail com '),
 ('172', 'slug', '0', 'en_us', ''),
 ('177', 'username', '0', 'en_us', ' morgan '),
 ('177', 'firstname', '0', 'en_us', ' morgan '),
 ('177', 'lastname', '0', 'en_us', ''),
 ('177', 'fullname', '0', 'en_us', ' morgan '),
 ('177', 'email', '0', 'en_us', ' morgan mdrnmethods com '),
 ('177', 'slug', '0', 'en_us', ''),
 ('178', 'slug', '0', 'en_us', ''),
 ('179', 'slug', '0', 'en_us', ''),
 ('180', 'slug', '0', 'en_us', ''),
 ('181', 'field', '71', 'en_us', ' fpma class schedule '),
 ('181', 'field', '72', 'en_us', ''),
 ('181', 'field', '73', 'en_us', ' dallas '),
 ('181', 'field', '74', 'en_us', ' 6 30 am muay thai 6 30 am muay thai 9 15 am ladies kickboxing ladies kickboxing ladies kickboxing 9 15 am ladies kickboxing ladies kickboxing ladies kickboxing '),
 ('181', 'slug', '0', 'en_us', ''),
 ('182', 'slug', '0', 'en_us', ''),
 ('183', 'slug', '0', 'en_us', ''),
 ('184', 'slug', '0', 'en_us', '');



DROP TABLE IF EXISTS `craft_sections`;


--
-- Schema for table `craft_sections`
--
CREATE TABLE `craft_sections` (
  `id` int(11) NOT NULL AUTO_INCREMENT,
  `structureId` int(11) DEFAULT NULL,
  `name` varchar(255) COLLATE utf8_unicode_ci NOT NULL,
  `handle` varchar(255) COLLATE utf8_unicode_ci NOT NULL,
  `type` enum('single','channel','structure') COLLATE utf8_unicode_ci NOT NULL DEFAULT 'channel',
  `hasUrls` tinyint(1) unsigned NOT NULL DEFAULT '1',
  `template` varchar(500) COLLATE utf8_unicode_ci DEFAULT NULL,
  `enableVersioning` tinyint(1) unsigned NOT NULL DEFAULT '0',
  `dateCreated` datetime NOT NULL,
  `dateUpdated` datetime NOT NULL,
  `uid` char(36) COLLATE utf8_unicode_ci NOT NULL DEFAULT '0',
  PRIMARY KEY (`id`),
  UNIQUE KEY `craft_sections_name_unq_idx` (`name`),
  UNIQUE KEY `craft_sections_handle_unq_idx` (`handle`),
  KEY `craft_sections_structureId_fk` (`structureId`)
) ENGINE=InnoDB AUTO_INCREMENT=6 DEFAULT CHARSET=utf8 COLLATE=utf8_unicode_ci;

--
-- Data for table `craft_sections`
--

INSERT INTO `craft_sections` (`id`, `structureId`, `name`, `handle`, `type`, `hasUrls`, `template`, `enableVersioning`, `dateCreated`, `dateUpdated`, `uid`) VALUES
 ('1', NULL, 'Homepage', 'homepage', 'single', '1', 'index', '1', '2016-03-12 17:48:26', '2016-03-12 17:48:26', '546d644e-2cba-4610-96fc-4c2c21190646'),
 ('2', NULL, 'News', 'news', 'channel', '1', 'news/_entry', '1', '2016-03-12 17:48:26', '2016-03-12 17:48:26', '3e899f10-ad3a-41a8-aab9-49da011fe2af'),
 ('3', '1', 'Pages', 'pages', 'structure', '1', 'index', '1', '2016-03-12 18:44:34', '2016-03-12 18:53:44', 'a78799dd-bc5a-419d-8e3a-c6e7452d3d2c'),
 ('4', NULL, 'Events', 'events', 'channel', '1', 'events/_entry', '1', '2016-04-21 04:12:15', '2016-04-21 04:12:15', 'dbda9dcb-d7ce-43db-ab3f-373185074cff'),
 ('5', NULL, 'Slides', 'slides', 'channel', '1', 'sliders/_entry', '1', '2016-07-11 20:28:11', '2016-07-12 01:33:05', 'c088bab0-d8b9-4fed-8e07-b42e2e6a45ff');



DROP TABLE IF EXISTS `craft_sections_i18n`;


--
-- Schema for table `craft_sections_i18n`
--
CREATE TABLE `craft_sections_i18n` (
  `id` int(11) NOT NULL AUTO_INCREMENT,
  `sectionId` int(11) NOT NULL,
  `locale` char(12) COLLATE utf8_unicode_ci NOT NULL,
  `enabledByDefault` tinyint(1) unsigned NOT NULL DEFAULT '1',
  `urlFormat` text COLLATE utf8_unicode_ci,
  `nestedUrlFormat` text COLLATE utf8_unicode_ci,
  `dateCreated` datetime NOT NULL,
  `dateUpdated` datetime NOT NULL,
  `uid` char(36) COLLATE utf8_unicode_ci NOT NULL DEFAULT '0',
  PRIMARY KEY (`id`),
  UNIQUE KEY `craft_sections_i18n_sectionId_locale_unq_idx` (`sectionId`,`locale`),
  KEY `craft_sections_i18n_locale_fk` (`locale`)
) ENGINE=InnoDB AUTO_INCREMENT=6 DEFAULT CHARSET=utf8 COLLATE=utf8_unicode_ci;

--
-- Data for table `craft_sections_i18n`
--

INSERT INTO `craft_sections_i18n` (`id`, `sectionId`, `locale`, `enabledByDefault`, `urlFormat`, `nestedUrlFormat`, `dateCreated`, `dateUpdated`, `uid`) VALUES
 ('1', '1', 'en_us', '1', '__home__', NULL, '2016-03-12 17:48:26', '2016-03-12 17:48:26', 'b5e67858-31aa-4981-bccd-832e48f83cba'),
 ('2', '2', 'en_us', '1', 'news/{postDate.year}/{slug}', NULL, '2016-03-12 17:48:26', '2016-03-12 17:48:26', 'e06fdd0c-4a0a-4616-8330-dc275bfb2401'),
 ('3', '3', 'en_us', '1', '{slug}', '{parent.uri}/{slug}', '2016-03-12 18:44:34', '2016-03-12 18:44:34', 'aa6bfd2e-c271-416b-b008-208e4eebe5b4'),
 ('4', '4', 'en_us', '1', 'events/{slug}', NULL, '2016-04-21 04:12:15', '2016-04-21 04:12:15', '92409745-f05c-48fa-8f8a-444667137127'),
 ('5', '5', 'en_us', '1', 'sliders/{slug}', NULL, '2016-07-11 20:28:11', '2016-07-11 20:28:11', '9609b9e1-4cae-4274-a88d-5add2a9cd0ab');



DROP TABLE IF EXISTS `craft_sessions`;


--
-- Schema for table `craft_sessions`
--
CREATE TABLE `craft_sessions` (
  `id` int(11) NOT NULL AUTO_INCREMENT,
  `userId` int(11) NOT NULL,
  `token` char(100) COLLATE utf8_unicode_ci NOT NULL,
  `dateCreated` datetime NOT NULL,
  `dateUpdated` datetime NOT NULL,
  `uid` char(36) COLLATE utf8_unicode_ci NOT NULL DEFAULT '0',
  PRIMARY KEY (`id`),
  KEY `craft_sessions_uid_idx` (`uid`),
  KEY `craft_sessions_token_idx` (`token`),
  KEY `craft_sessions_dateUpdated_idx` (`dateUpdated`),
  KEY `craft_sessions_userId_fk` (`userId`)
) ENGINE=InnoDB AUTO_INCREMENT=36 DEFAULT CHARSET=utf8 COLLATE=utf8_unicode_ci;

DROP TABLE IF EXISTS `craft_shunnedmessages`;


--
-- Schema for table `craft_shunnedmessages`
--
CREATE TABLE `craft_shunnedmessages` (
  `id` int(11) NOT NULL AUTO_INCREMENT,
  `userId` int(11) NOT NULL,
  `message` varchar(255) COLLATE utf8_unicode_ci NOT NULL,
  `expiryDate` datetime DEFAULT NULL,
  `dateCreated` datetime NOT NULL,
  `dateUpdated` datetime NOT NULL,
  `uid` char(36) COLLATE utf8_unicode_ci NOT NULL DEFAULT '0',
  PRIMARY KEY (`id`),
  UNIQUE KEY `craft_shunnedmessages_userId_message_unq_idx` (`userId`,`message`)
) ENGINE=InnoDB DEFAULT CHARSET=utf8 COLLATE=utf8_unicode_ci;

DROP TABLE IF EXISTS `craft_structureelements`;


--
-- Schema for table `craft_structureelements`
--
CREATE TABLE `craft_structureelements` (
  `id` int(11) NOT NULL AUTO_INCREMENT,
  `structureId` int(11) NOT NULL,
  `elementId` int(11) DEFAULT NULL,
  `root` int(11) unsigned DEFAULT NULL,
  `lft` int(11) unsigned NOT NULL,
  `rgt` int(11) unsigned NOT NULL,
  `level` smallint(6) unsigned NOT NULL,
  `dateCreated` datetime NOT NULL,
  `dateUpdated` datetime NOT NULL,
  `uid` char(36) COLLATE utf8_unicode_ci NOT NULL DEFAULT '0',
  PRIMARY KEY (`id`),
  UNIQUE KEY `craft_structureelements_structureId_elementId_unq_idx` (`structureId`,`elementId`),
  KEY `craft_structureelements_root_idx` (`root`),
  KEY `craft_structureelements_lft_idx` (`lft`),
  KEY `craft_structureelements_rgt_idx` (`rgt`),
  KEY `craft_structureelements_level_idx` (`level`),
  KEY `craft_structureelements_elementId_fk` (`elementId`)
) ENGINE=InnoDB AUTO_INCREMENT=22 DEFAULT CHARSET=utf8 COLLATE=utf8_unicode_ci;

--
-- Data for table `craft_structureelements`
--

INSERT INTO `craft_structureelements` (`id`, `structureId`, `elementId`, `root`, `lft`, `rgt`, `level`, `dateCreated`, `dateUpdated`, `uid`) VALUES
 ('1', '1', NULL, '1', '1', '36', '0', '2016-03-15 03:20:29', '2016-03-15 03:20:29', 'ba9daec0-de48-4398-902b-1dfc6370ac9a'),
 ('2', '1', '5', '1', '2', '9', '1', '2016-03-15 03:20:29', '2016-03-15 03:20:29', '8e376130-a8e0-405a-988c-3f163ee0a0a3'),
 ('3', '1', '6', '1', '10', '25', '1', '2016-03-15 03:20:39', '2016-03-15 03:20:39', 'a8076ba3-1c26-4edd-9013-a01135cb9a37'),
 ('4', '1', '7', '1', '26', '31', '1', '2016-03-15 03:20:46', '2016-03-15 03:20:46', 'e068c99b-cbe5-411d-92d1-ea47c43fe98b'),
 ('5', '1', '16', '1', '11', '12', '2', '2016-03-16 03:46:42', '2016-03-16 03:46:42', 'b056bad6-3dd6-4154-8385-3e4524a2dd13'),
 ('6', '1', '17', '1', '13', '14', '2', '2016-03-16 03:48:00', '2016-03-16 03:48:00', 'd7ad13e4-ced5-4e62-af0e-f57bf5089251'),
 ('7', '1', '24', '1', '29', '30', '2', '2016-03-24 04:22:43', '2016-03-24 04:22:43', '99c097f3-d578-44b8-b434-d313aacb004d'),
 ('9', '1', '27', '1', '7', '8', '2', '2016-03-25 02:46:04', '2016-03-25 02:46:04', '78bc3f8d-8f65-4bfa-bbcd-9345b5554d2d'),
 ('10', '1', '32', '1', '34', '35', '1', '2016-03-25 04:21:55', '2016-03-25 04:21:55', '5038305a-c615-4a53-a21a-b02b73f80c16'),
 ('11', '1', '33', '1', '32', '33', '1', '2016-03-25 04:22:10', '2016-03-25 04:22:10', '54ed4d9b-fa31-4d9e-a563-818ca911ac4d'),
 ('12', '1', '34', '1', '27', '28', '2', '2016-03-26 22:44:34', '2016-03-26 22:44:34', '6cd3117b-5c8a-4232-b31b-f2ff901144bb'),
 ('13', '1', '73', '1', '5', '6', '2', '2016-06-15 02:56:16', '2016-06-15 02:56:16', 'd2df38e8-d16d-4aac-a971-482bacea249a'),
 ('14', '1', '81', '1', '15', '16', '2', '2016-06-15 03:20:08', '2016-06-15 03:20:08', '1e5f4380-2c16-428b-b1d5-5be5ea97e383'),
 ('15', '1', '86', '1', '17', '18', '2', '2016-06-15 03:22:24', '2016-06-15 03:22:24', 'ca923b77-82c3-43c7-b15f-0784d552a237'),
 ('16', '1', '89', '1', '19', '20', '2', '2016-06-15 03:26:32', '2016-06-15 03:26:32', '44eb79bd-298f-4bd2-909e-e510dbda1a83'),
 ('17', '1', '93', '1', '21', '22', '2', '2016-06-15 03:30:34', '2016-06-15 03:30:34', '6270bdbd-0b64-4441-b629-f007e7c58a9e'),
 ('18', '1', '96', '1', '23', '24', '2', '2016-06-15 03:31:34', '2016-06-15 03:31:34', 'e22f6976-8d3a-43c7-aa46-7d74bb73dc5a'),
 ('19', '1', '128', '1', '3', '4', '2', '2016-07-14 02:32:44', '2016-07-14 02:32:44', 'e951c08b-68cf-4595-8995-188d19d858ea');



DROP TABLE IF EXISTS `craft_structures`;


--
-- Schema for table `craft_structures`
--
CREATE TABLE `craft_structures` (
  `id` int(11) NOT NULL AUTO_INCREMENT,
  `maxLevels` smallint(6) unsigned DEFAULT NULL,
  `dateCreated` datetime NOT NULL,
  `dateUpdated` datetime NOT NULL,
  `uid` char(36) COLLATE utf8_unicode_ci NOT NULL DEFAULT '0',
  PRIMARY KEY (`id`)
) ENGINE=InnoDB AUTO_INCREMENT=2 DEFAULT CHARSET=utf8 COLLATE=utf8_unicode_ci;

--
-- Data for table `craft_structures`
--

INSERT INTO `craft_structures` (`id`, `maxLevels`, `dateCreated`, `dateUpdated`, `uid`) VALUES
 ('1', NULL, '2016-03-12 18:44:34', '2016-03-12 18:53:44', '15e3b10e-60bf-4cc4-b031-2a9ddd5cb3cb');



DROP TABLE IF EXISTS `craft_systemsettings`;


--
-- Schema for table `craft_systemsettings`
--
CREATE TABLE `craft_systemsettings` (
  `id` int(11) NOT NULL AUTO_INCREMENT,
  `category` varchar(15) COLLATE utf8_unicode_ci NOT NULL,
  `settings` text COLLATE utf8_unicode_ci,
  `dateCreated` datetime NOT NULL,
  `dateUpdated` datetime NOT NULL,
  `uid` char(36) COLLATE utf8_unicode_ci NOT NULL DEFAULT '0',
  PRIMARY KEY (`id`),
  UNIQUE KEY `craft_systemsettings_category_unq_idx` (`category`)
) ENGINE=InnoDB AUTO_INCREMENT=2 DEFAULT CHARSET=utf8 COLLATE=utf8_unicode_ci;

--
-- Data for table `craft_systemsettings`
--

INSERT INTO `craft_systemsettings` (`id`, `category`, `settings`, `dateCreated`, `dateUpdated`, `uid`) VALUES
 ('1', 'email', '{\"template\":\"\",\"protocol\":\"sendmail\",\"emailAddress\":\"daituzhang@gmail.com\",\"senderName\":\"fpma\"}', '2016-03-12 17:48:26', '2016-03-18 02:57:38', '332a057a-91e3-4792-b8a6-71d5ca58a545');



DROP TABLE IF EXISTS `craft_taggroups`;


--
-- Schema for table `craft_taggroups`
--
CREATE TABLE `craft_taggroups` (
  `id` int(11) NOT NULL AUTO_INCREMENT,
  `name` varchar(255) COLLATE utf8_unicode_ci NOT NULL,
  `handle` varchar(255) COLLATE utf8_unicode_ci NOT NULL,
  `fieldLayoutId` int(10) DEFAULT NULL,
  `dateCreated` datetime NOT NULL,
  `dateUpdated` datetime NOT NULL,
  `uid` char(36) COLLATE utf8_unicode_ci NOT NULL DEFAULT '0',
  PRIMARY KEY (`id`),
  UNIQUE KEY `craft_taggroups_name_unq_idx` (`name`),
  UNIQUE KEY `craft_taggroups_handle_unq_idx` (`handle`),
  KEY `craft_taggroups_fieldLayoutId_fk` (`fieldLayoutId`)
) ENGINE=InnoDB AUTO_INCREMENT=2 DEFAULT CHARSET=utf8 COLLATE=utf8_unicode_ci;

--
-- Data for table `craft_taggroups`
--

INSERT INTO `craft_taggroups` (`id`, `name`, `handle`, `fieldLayoutId`, `dateCreated`, `dateUpdated`, `uid`) VALUES
 ('1', 'Default', 'default', '1', '2016-03-12 17:48:26', '2016-03-12 17:48:26', 'ea1de8f6-5025-4113-8314-338e5f26c264');



DROP TABLE IF EXISTS `craft_tags`;


--
-- Schema for table `craft_tags`
--
CREATE TABLE `craft_tags` (
  `id` int(11) NOT NULL,
  `groupId` int(11) NOT NULL,
  `dateCreated` datetime NOT NULL,
  `dateUpdated` datetime NOT NULL,
  `uid` char(36) COLLATE utf8_unicode_ci NOT NULL DEFAULT '0',
  PRIMARY KEY (`id`),
  KEY `craft_tags_groupId_fk` (`groupId`)
) ENGINE=InnoDB DEFAULT CHARSET=utf8 COLLATE=utf8_unicode_ci;

DROP TABLE IF EXISTS `craft_tasks`;


--
-- Schema for table `craft_tasks`
--
CREATE TABLE `craft_tasks` (
  `id` int(11) NOT NULL AUTO_INCREMENT,
  `root` int(11) unsigned DEFAULT NULL,
  `lft` int(11) unsigned NOT NULL,
  `rgt` int(11) unsigned NOT NULL,
  `level` smallint(6) unsigned NOT NULL,
  `currentStep` int(11) unsigned DEFAULT NULL,
  `totalSteps` int(11) unsigned DEFAULT NULL,
  `status` enum('pending','error','running') COLLATE utf8_unicode_ci DEFAULT NULL,
  `type` varchar(150) COLLATE utf8_unicode_ci NOT NULL,
  `description` varchar(255) COLLATE utf8_unicode_ci DEFAULT NULL,
  `settings` text COLLATE utf8_unicode_ci,
  `dateCreated` datetime NOT NULL,
  `dateUpdated` datetime NOT NULL,
  `uid` char(36) COLLATE utf8_unicode_ci NOT NULL DEFAULT '0',
  PRIMARY KEY (`id`),
  KEY `craft_tasks_root_idx` (`root`),
  KEY `craft_tasks_lft_idx` (`lft`),
  KEY `craft_tasks_rgt_idx` (`rgt`),
  KEY `craft_tasks_level_idx` (`level`)
) ENGINE=InnoDB AUTO_INCREMENT=264 DEFAULT CHARSET=utf8 COLLATE=utf8_unicode_ci;

DROP TABLE IF EXISTS `craft_templatecachecriteria`;


--
-- Schema for table `craft_templatecachecriteria`
--
CREATE TABLE `craft_templatecachecriteria` (
  `id` int(11) NOT NULL AUTO_INCREMENT,
  `cacheId` int(11) NOT NULL,
  `type` varchar(150) COLLATE utf8_unicode_ci NOT NULL,
  `criteria` text COLLATE utf8_unicode_ci NOT NULL,
  PRIMARY KEY (`id`),
  KEY `craft_templatecachecriteria_cacheId_fk` (`cacheId`),
  KEY `craft_templatecachecriteria_type_idx` (`type`)
) ENGINE=InnoDB DEFAULT CHARSET=utf8 COLLATE=utf8_unicode_ci;

DROP TABLE IF EXISTS `craft_templatecacheelements`;


--
-- Schema for table `craft_templatecacheelements`
--
CREATE TABLE `craft_templatecacheelements` (
  `cacheId` int(11) NOT NULL,
  `elementId` int(11) NOT NULL,
  KEY `craft_templatecacheelements_cacheId_fk` (`cacheId`),
  KEY `craft_templatecacheelements_elementId_fk` (`elementId`)
) ENGINE=InnoDB DEFAULT CHARSET=utf8 COLLATE=utf8_unicode_ci;

DROP TABLE IF EXISTS `craft_templatecaches`;


--
-- Schema for table `craft_templatecaches`
--
CREATE TABLE `craft_templatecaches` (
  `id` int(11) NOT NULL AUTO_INCREMENT,
  `cacheKey` varchar(255) COLLATE utf8_unicode_ci NOT NULL,
  `locale` char(12) COLLATE utf8_unicode_ci NOT NULL,
  `path` varchar(255) COLLATE utf8_unicode_ci DEFAULT NULL,
  `expiryDate` datetime NOT NULL,
  `body` mediumtext COLLATE utf8_unicode_ci NOT NULL,
  PRIMARY KEY (`id`),
  KEY `craft_templatecaches_expiryDate_cacheKey_locale_path_idx` (`expiryDate`,`cacheKey`,`locale`,`path`),
  KEY `craft_templatecaches_locale_fk` (`locale`)
) ENGINE=InnoDB DEFAULT CHARSET=utf8 COLLATE=utf8_unicode_ci;

DROP TABLE IF EXISTS `craft_tokens`;


--
-- Schema for table `craft_tokens`
--
CREATE TABLE `craft_tokens` (
  `id` int(11) NOT NULL AUTO_INCREMENT,
  `token` char(32) COLLATE utf8_unicode_ci NOT NULL,
  `route` text COLLATE utf8_unicode_ci,
  `usageLimit` tinyint(3) unsigned DEFAULT NULL,
  `usageCount` tinyint(3) unsigned DEFAULT NULL,
  `expiryDate` datetime NOT NULL,
  `dateCreated` datetime NOT NULL,
  `dateUpdated` datetime NOT NULL,
  `uid` char(36) COLLATE utf8_unicode_ci NOT NULL DEFAULT '0',
  PRIMARY KEY (`id`),
  UNIQUE KEY `craft_tokens_token_unq_idx` (`token`),
  KEY `craft_tokens_expiryDate_idx` (`expiryDate`)
) ENGINE=InnoDB DEFAULT CHARSET=utf8 COLLATE=utf8_unicode_ci;

DROP TABLE IF EXISTS `craft_usergroups`;


--
-- Schema for table `craft_usergroups`
--
CREATE TABLE `craft_usergroups` (
  `id` int(11) NOT NULL AUTO_INCREMENT,
  `name` varchar(255) COLLATE utf8_unicode_ci NOT NULL,
  `handle` varchar(255) COLLATE utf8_unicode_ci NOT NULL,
  `dateCreated` datetime NOT NULL,
  `dateUpdated` datetime NOT NULL,
  `uid` char(36) COLLATE utf8_unicode_ci NOT NULL DEFAULT '0',
  PRIMARY KEY (`id`)
) ENGINE=InnoDB DEFAULT CHARSET=utf8 COLLATE=utf8_unicode_ci;

DROP TABLE IF EXISTS `craft_usergroups_users`;


--
-- Schema for table `craft_usergroups_users`
--
CREATE TABLE `craft_usergroups_users` (
  `id` int(11) NOT NULL AUTO_INCREMENT,
  `groupId` int(11) NOT NULL,
  `userId` int(11) NOT NULL,
  `dateCreated` datetime NOT NULL,
  `dateUpdated` datetime NOT NULL,
  `uid` char(36) COLLATE utf8_unicode_ci NOT NULL DEFAULT '0',
  PRIMARY KEY (`id`),
  UNIQUE KEY `craft_usergroups_users_groupId_userId_unq_idx` (`groupId`,`userId`),
  KEY `craft_usergroups_users_userId_fk` (`userId`)
) ENGINE=InnoDB DEFAULT CHARSET=utf8 COLLATE=utf8_unicode_ci;

DROP TABLE IF EXISTS `craft_userpermissions`;


--
-- Schema for table `craft_userpermissions`
--
CREATE TABLE `craft_userpermissions` (
  `id` int(11) NOT NULL AUTO_INCREMENT,
  `name` varchar(255) COLLATE utf8_unicode_ci NOT NULL,
  `dateCreated` datetime NOT NULL,
  `dateUpdated` datetime NOT NULL,
  `uid` char(36) COLLATE utf8_unicode_ci NOT NULL DEFAULT '0',
  PRIMARY KEY (`id`),
  UNIQUE KEY `craft_userpermissions_name_unq_idx` (`name`)
) ENGINE=InnoDB DEFAULT CHARSET=utf8 COLLATE=utf8_unicode_ci;

DROP TABLE IF EXISTS `craft_userpermissions_usergroups`;


--
-- Schema for table `craft_userpermissions_usergroups`
--
CREATE TABLE `craft_userpermissions_usergroups` (
  `id` int(11) NOT NULL AUTO_INCREMENT,
  `permissionId` int(11) NOT NULL,
  `groupId` int(11) NOT NULL,
  `dateCreated` datetime NOT NULL,
  `dateUpdated` datetime NOT NULL,
  `uid` char(36) COLLATE utf8_unicode_ci NOT NULL DEFAULT '0',
  PRIMARY KEY (`id`),
  UNIQUE KEY `craft_userpermissions_usergroups_permissionId_groupId_unq_idx` (`permissionId`,`groupId`),
  KEY `craft_userpermissions_usergroups_groupId_fk` (`groupId`)
) ENGINE=InnoDB DEFAULT CHARSET=utf8 COLLATE=utf8_unicode_ci;

DROP TABLE IF EXISTS `craft_userpermissions_users`;


--
-- Schema for table `craft_userpermissions_users`
--
CREATE TABLE `craft_userpermissions_users` (
  `id` int(11) NOT NULL AUTO_INCREMENT,
  `permissionId` int(11) NOT NULL,
  `userId` int(11) NOT NULL,
  `dateCreated` datetime NOT NULL,
  `dateUpdated` datetime NOT NULL,
  `uid` char(36) COLLATE utf8_unicode_ci NOT NULL DEFAULT '0',
  PRIMARY KEY (`id`),
  UNIQUE KEY `craft_userpermissions_users_permissionId_userId_unq_idx` (`permissionId`,`userId`),
  KEY `craft_userpermissions_users_userId_fk` (`userId`)
) ENGINE=InnoDB DEFAULT CHARSET=utf8 COLLATE=utf8_unicode_ci;

DROP TABLE IF EXISTS `craft_users`;


--
-- Schema for table `craft_users`
--
CREATE TABLE `craft_users` (
  `id` int(11) NOT NULL,
  `username` varchar(100) COLLATE utf8_unicode_ci NOT NULL,
  `photo` varchar(100) COLLATE utf8_unicode_ci DEFAULT NULL,
  `firstName` varchar(100) COLLATE utf8_unicode_ci DEFAULT NULL,
  `lastName` varchar(100) COLLATE utf8_unicode_ci DEFAULT NULL,
  `email` varchar(255) COLLATE utf8_unicode_ci NOT NULL,
  `password` char(255) COLLATE utf8_unicode_ci DEFAULT NULL,
  `preferredLocale` char(12) COLLATE utf8_unicode_ci DEFAULT NULL,
  `weekStartDay` tinyint(1) unsigned NOT NULL DEFAULT '0',
  `admin` tinyint(1) unsigned NOT NULL DEFAULT '0',
  `client` tinyint(1) unsigned NOT NULL DEFAULT '0',
  `locked` tinyint(1) unsigned NOT NULL DEFAULT '0',
  `suspended` tinyint(1) unsigned NOT NULL DEFAULT '0',
  `pending` tinyint(1) unsigned NOT NULL DEFAULT '0',
  `archived` tinyint(1) unsigned NOT NULL DEFAULT '0',
  `lastLoginDate` datetime DEFAULT NULL,
  `lastLoginAttemptIPAddress` varchar(45) COLLATE utf8_unicode_ci DEFAULT NULL,
  `invalidLoginWindowStart` datetime DEFAULT NULL,
  `invalidLoginCount` tinyint(4) unsigned DEFAULT NULL,
  `lastInvalidLoginDate` datetime DEFAULT NULL,
  `lockoutDate` datetime DEFAULT NULL,
  `verificationCode` char(100) COLLATE utf8_unicode_ci DEFAULT NULL,
  `verificationCodeIssuedDate` datetime DEFAULT NULL,
  `unverifiedEmail` varchar(255) COLLATE utf8_unicode_ci DEFAULT NULL,
  `passwordResetRequired` tinyint(1) unsigned NOT NULL DEFAULT '0',
  `lastPasswordChangeDate` datetime DEFAULT NULL,
  `dateCreated` datetime NOT NULL,
  `dateUpdated` datetime NOT NULL,
  `uid` char(36) COLLATE utf8_unicode_ci NOT NULL DEFAULT '0',
  PRIMARY KEY (`id`),
  UNIQUE KEY `craft_users_username_unq_idx` (`username`),
  UNIQUE KEY `craft_users_email_unq_idx` (`email`),
  KEY `craft_users_verificationCode_idx` (`verificationCode`),
  KEY `craft_users_uid_idx` (`uid`),
  KEY `craft_users_preferredLocale_fk` (`preferredLocale`)
) ENGINE=InnoDB DEFAULT CHARSET=utf8 COLLATE=utf8_unicode_ci;

--
-- Data for table `craft_users`
--

INSERT INTO `craft_users` (`id`, `username`, `photo`, `firstName`, `lastName`, `email`, `password`, `preferredLocale`, `weekStartDay`, `admin`, `client`, `locked`, `suspended`, `pending`, `archived`, `lastLoginDate`, `lastLoginAttemptIPAddress`, `invalidLoginWindowStart`, `invalidLoginCount`, `lastInvalidLoginDate`, `lockoutDate`, `verificationCode`, `verificationCodeIssuedDate`, `unverifiedEmail`, `passwordResetRequired`, `lastPasswordChangeDate`, `dateCreated`, `dateUpdated`, `uid`) VALUES
 ('1', 'admin', NULL, '', '', 'daituzhang@gmail.com', '$2y$13$cZa7JVhtqzz0DbMvWjMKauE3mSGLOj1QWbojUsUoXoAdrMUvSIPqq', NULL, '0', '1', '0', '0', '0', '0', '0', '2016-07-25 14:39:57', '76.184.94.202', '2016-07-26 05:47:07', '2', '2016-07-26 04:47:19', NULL, NULL, NULL, NULL, '0', '2016-07-25 14:42:46', '2016-03-12 17:48:25', '2016-07-26 04:47:19', '282186b8-7311-413f-a0f2-47706c956b2c'),
 ('172', 'admin2', NULL, '', '', 'forevergreenmylove@gmail.com', '$2y$13$BJlMkWbKTb3IEw4pvVXcTO6iaEdN9ofCcq0BFYmIb6rSEM2EqYTAG', NULL, '0', '1', '0', '0', '0', '0', '0', '2016-07-20 21:57:53', '129.110.241.80', NULL, NULL, NULL, NULL, NULL, NULL, NULL, '0', '2016-07-20 21:57:43', '2016-07-20 21:57:15', '2016-07-20 21:57:53', '12b0d501-4a28-4e22-a920-8f3c96ddb8e0'),
 ('177', 'morgan', NULL, 'morgan', '', 'Morgan@mdrnmethods.com', '$2y$13$Pa8YUqvWwumRfMfJT2ICUuVjAM/X83xIKUbk7oO6EE8E5SjqD9F8y', NULL, '0', '1', '0', '0', '0', '0', '0', '2016-07-27 04:01:05', '76.184.94.202', NULL, NULL, '2016-07-26 15:47:34', NULL, NULL, NULL, NULL, '0', '2016-07-26 15:51:05', '2016-07-25 14:40:44', '2016-07-27 04:01:05', '809e1795-aff3-4725-a1fa-e2d5fccce125');



DROP TABLE IF EXISTS `craft_venti_events`;


--
-- Schema for table `craft_venti_events`
--
CREATE TABLE `craft_venti_events` (
  `eid` int(11) NOT NULL AUTO_INCREMENT,
  `eventid` int(10) DEFAULT NULL,
  `startDate` datetime DEFAULT NULL,
  `endDate` datetime DEFAULT NULL,
  `allDay` int(10) DEFAULT NULL,
  `repeat` int(10) DEFAULT NULL,
  `rRule` varchar(255) COLLATE utf8_unicode_ci DEFAULT NULL,
  `summary` varchar(255) COLLATE utf8_unicode_ci DEFAULT NULL,
  `isrepeat` int(10) DEFAULT NULL,
  `locale` varchar(255) COLLATE utf8_unicode_ci DEFAULT NULL,
  `dateCreated` datetime NOT NULL,
  `dateUpdated` datetime NOT NULL,
  `uid` char(36) COLLATE utf8_unicode_ci NOT NULL DEFAULT '0',
  PRIMARY KEY (`eid`),
  UNIQUE KEY `craft_venti_events_eid_unq_idx` (`eid`),
  KEY `craft_venti_events_eventid_fk` (`eventid`)
) ENGINE=InnoDB AUTO_INCREMENT=21942 DEFAULT CHARSET=utf8 COLLATE=utf8_unicode_ci;

DROP TABLE IF EXISTS `craft_widgets`;


--
-- Schema for table `craft_widgets`
--
CREATE TABLE `craft_widgets` (
  `id` int(11) NOT NULL AUTO_INCREMENT,
  `userId` int(11) NOT NULL,
  `type` varchar(150) COLLATE utf8_unicode_ci NOT NULL,
  `sortOrder` smallint(6) unsigned DEFAULT NULL,
  `colspan` tinyint(4) unsigned DEFAULT NULL,
  `settings` text COLLATE utf8_unicode_ci,
  `enabled` tinyint(1) unsigned NOT NULL DEFAULT '1',
  `dateCreated` datetime NOT NULL,
  `dateUpdated` datetime NOT NULL,
  `uid` char(36) COLLATE utf8_unicode_ci NOT NULL DEFAULT '0',
  PRIMARY KEY (`id`),
  KEY `craft_widgets_userId_fk` (`userId`)
) ENGINE=InnoDB AUTO_INCREMENT=13 DEFAULT CHARSET=utf8 COLLATE=utf8_unicode_ci;

--
-- Data for table `craft_widgets`
--

INSERT INTO `craft_widgets` (`id`, `userId`, `type`, `sortOrder`, `colspan`, `settings`, `enabled`, `dateCreated`, `dateUpdated`, `uid`) VALUES
 ('1', '1', 'RecentEntries', '1', NULL, NULL, '1', '2016-03-12 17:48:29', '2016-03-12 17:48:29', 'a8b82364-63cf-4a9f-964d-2edc7c920aa6'),
 ('2', '1', 'GetHelp', '2', NULL, NULL, '1', '2016-03-12 17:48:29', '2016-03-12 17:48:29', '42c63061-d712-4075-8ee3-4a06946cdefa'),
 ('3', '1', 'Updates', '3', NULL, NULL, '1', '2016-03-12 17:48:29', '2016-03-12 17:48:29', '485757fe-59ca-4df3-a248-160b48219713'),
 ('4', '1', 'Feed', '4', NULL, '{\"url\":\"https:\\/\\/craftcms.com\\/news.rss\",\"title\":\"Craft News\"}', '1', '2016-03-12 17:48:29', '2016-03-12 17:48:29', '5c968459-31a5-4800-b807-2033c12c65fc'),
 ('5', '172', 'RecentEntries', '1', NULL, NULL, '1', '2016-07-20 21:57:53', '2016-07-20 21:57:53', '223b3279-4a3b-4d88-964f-cd19cc8e8f07'),
 ('6', '172', 'GetHelp', '2', NULL, NULL, '1', '2016-07-20 21:57:53', '2016-07-20 21:57:53', '86f171e4-1d0b-4f53-82b1-c75adb5bf806'),
 ('7', '172', 'Updates', '3', NULL, NULL, '1', '2016-07-20 21:57:53', '2016-07-20 21:57:53', '3ee3fa72-bdf7-4d56-9cbe-f7ec3aefa3bb'),
 ('8', '172', 'Feed', '4', NULL, '{\"url\":\"https:\\/\\/craftcms.com\\/news.rss\",\"title\":\"Craft News\"}', '1', '2016-07-20 21:57:53', '2016-07-20 21:57:53', 'f0741b6a-8172-4265-a7a9-0c6363f4ebb8'),
 ('9', '177', 'RecentEntries', '1', NULL, NULL, '1', '2016-07-26 15:51:11', '2016-07-26 15:51:11', 'ace20ed6-084f-483d-852a-7757d40a50f8'),
 ('10', '177', 'GetHelp', '2', NULL, NULL, '1', '2016-07-26 15:51:11', '2016-07-26 15:51:11', '53d35f12-f9df-4429-849d-ceefbd40ed60'),
 ('11', '177', 'Updates', '3', NULL, NULL, '1', '2016-07-26 15:51:11', '2016-07-26 15:51:11', 'fd68ef35-1099-4768-8d43-44cf53045914'),
 ('12', '177', 'Feed', '4', NULL, '{\"url\":\"https:\\/\\/craftcms.com\\/news.rss\",\"title\":\"Craft News\"}', '1', '2016-07-26 15:51:11', '2016-07-26 15:51:11', '08f7e21d-9824-4db6-a9f3-ff4f86cd3313');


--
-- Constraints for tables
--


--
-- Constraints for table `craft_assetfiles`
--
ALTER TABLE `craft_assetfiles`
	ADD CONSTRAINT `craft_assetfiles_folderId_fk` FOREIGN KEY (`folderId`) REFERENCES `craft_assetfolders` (`id`) ON DELETE CASCADE,
	ADD CONSTRAINT `craft_assetfiles_id_fk` FOREIGN KEY (`id`) REFERENCES `craft_elements` (`id`) ON DELETE CASCADE,
	ADD CONSTRAINT `craft_assetfiles_sourceId_fk` FOREIGN KEY (`sourceId`) REFERENCES `craft_assetsources` (`id`) ON DELETE CASCADE;

--
-- Constraints for table `craft_assetfolders`
--
ALTER TABLE `craft_assetfolders`
	ADD CONSTRAINT `craft_assetfolders_parentId_fk` FOREIGN KEY (`parentId`) REFERENCES `craft_assetfolders` (`id`) ON DELETE CASCADE,
	ADD CONSTRAINT `craft_assetfolders_sourceId_fk` FOREIGN KEY (`sourceId`) REFERENCES `craft_assetsources` (`id`) ON DELETE CASCADE;

--
-- Constraints for table `craft_assetindexdata`
--
ALTER TABLE `craft_assetindexdata`
	ADD CONSTRAINT `craft_assetindexdata_sourceId_fk` FOREIGN KEY (`sourceId`) REFERENCES `craft_assetsources` (`id`) ON DELETE CASCADE;

--
-- Constraints for table `craft_assetsources`
--
ALTER TABLE `craft_assetsources`
	ADD CONSTRAINT `craft_assetsources_fieldLayoutId_fk` FOREIGN KEY (`fieldLayoutId`) REFERENCES `craft_fieldlayouts` (`id`) ON DELETE SET NULL;

--
-- Constraints for table `craft_categories`
--
ALTER TABLE `craft_categories`
	ADD CONSTRAINT `craft_categories_groupId_fk` FOREIGN KEY (`groupId`) REFERENCES `craft_categorygroups` (`id`) ON DELETE CASCADE,
	ADD CONSTRAINT `craft_categories_id_fk` FOREIGN KEY (`id`) REFERENCES `craft_elements` (`id`) ON DELETE CASCADE;

--
-- Constraints for table `craft_categorygroups`
--
ALTER TABLE `craft_categorygroups`
	ADD CONSTRAINT `craft_categorygroups_fieldLayoutId_fk` FOREIGN KEY (`fieldLayoutId`) REFERENCES `craft_fieldlayouts` (`id`) ON DELETE SET NULL,
	ADD CONSTRAINT `craft_categorygroups_structureId_fk` FOREIGN KEY (`structureId`) REFERENCES `craft_structures` (`id`) ON DELETE CASCADE;

--
-- Constraints for table `craft_categorygroups_i18n`
--
ALTER TABLE `craft_categorygroups_i18n`
	ADD CONSTRAINT `craft_categorygroups_i18n_groupId_fk` FOREIGN KEY (`groupId`) REFERENCES `craft_categorygroups` (`id`) ON DELETE CASCADE,
	ADD CONSTRAINT `craft_categorygroups_i18n_locale_fk` FOREIGN KEY (`locale`) REFERENCES `craft_locales` (`locale`) ON DELETE CASCADE ON UPDATE CASCADE;

--
-- Constraints for table `craft_content`
--
ALTER TABLE `craft_content`
	ADD CONSTRAINT `craft_content_elementId_fk` FOREIGN KEY (`elementId`) REFERENCES `craft_elements` (`id`) ON DELETE CASCADE,
	ADD CONSTRAINT `craft_content_locale_fk` FOREIGN KEY (`locale`) REFERENCES `craft_locales` (`locale`) ON DELETE CASCADE ON UPDATE CASCADE;

--
-- Constraints for table `craft_elements_i18n`
--
ALTER TABLE `craft_elements_i18n`
	ADD CONSTRAINT `craft_elements_i18n_elementId_fk` FOREIGN KEY (`elementId`) REFERENCES `craft_elements` (`id`) ON DELETE CASCADE,
	ADD CONSTRAINT `craft_elements_i18n_locale_fk` FOREIGN KEY (`locale`) REFERENCES `craft_locales` (`locale`) ON DELETE CASCADE ON UPDATE CASCADE;

--
-- Constraints for table `craft_emailmessages`
--
ALTER TABLE `craft_emailmessages`
	ADD CONSTRAINT `craft_emailmessages_locale_fk` FOREIGN KEY (`locale`) REFERENCES `craft_locales` (`locale`) ON DELETE CASCADE ON UPDATE CASCADE;

--
-- Constraints for table `craft_entries`
--
ALTER TABLE `craft_entries`
	ADD CONSTRAINT `craft_entries_authorId_fk` FOREIGN KEY (`authorId`) REFERENCES `craft_users` (`id`) ON DELETE CASCADE,
	ADD CONSTRAINT `craft_entries_id_fk` FOREIGN KEY (`id`) REFERENCES `craft_elements` (`id`) ON DELETE CASCADE,
	ADD CONSTRAINT `craft_entries_sectionId_fk` FOREIGN KEY (`sectionId`) REFERENCES `craft_sections` (`id`) ON DELETE CASCADE,
	ADD CONSTRAINT `craft_entries_typeId_fk` FOREIGN KEY (`typeId`) REFERENCES `craft_entrytypes` (`id`) ON DELETE CASCADE;

--
-- Constraints for table `craft_entrydrafts`
--
ALTER TABLE `craft_entrydrafts`
	ADD CONSTRAINT `craft_entrydrafts_creatorId_fk` FOREIGN KEY (`creatorId`) REFERENCES `craft_users` (`id`) ON DELETE CASCADE,
	ADD CONSTRAINT `craft_entrydrafts_entryId_fk` FOREIGN KEY (`entryId`) REFERENCES `craft_entries` (`id`) ON DELETE CASCADE,
	ADD CONSTRAINT `craft_entrydrafts_locale_fk` FOREIGN KEY (`locale`) REFERENCES `craft_locales` (`locale`) ON DELETE CASCADE ON UPDATE CASCADE,
	ADD CONSTRAINT `craft_entrydrafts_sectionId_fk` FOREIGN KEY (`sectionId`) REFERENCES `craft_sections` (`id`) ON DELETE CASCADE;

--
-- Constraints for table `craft_entrytypes`
--
ALTER TABLE `craft_entrytypes`
	ADD CONSTRAINT `craft_entrytypes_fieldLayoutId_fk` FOREIGN KEY (`fieldLayoutId`) REFERENCES `craft_fieldlayouts` (`id`) ON DELETE SET NULL,
	ADD CONSTRAINT `craft_entrytypes_sectionId_fk` FOREIGN KEY (`sectionId`) REFERENCES `craft_sections` (`id`) ON DELETE CASCADE;

--
-- Constraints for table `craft_entryversions`
--
ALTER TABLE `craft_entryversions`
	ADD CONSTRAINT `craft_entryversions_creatorId_fk` FOREIGN KEY (`creatorId`) REFERENCES `craft_users` (`id`) ON DELETE SET NULL,
	ADD CONSTRAINT `craft_entryversions_entryId_fk` FOREIGN KEY (`entryId`) REFERENCES `craft_entries` (`id`) ON DELETE CASCADE,
	ADD CONSTRAINT `craft_entryversions_locale_fk` FOREIGN KEY (`locale`) REFERENCES `craft_locales` (`locale`) ON DELETE CASCADE ON UPDATE CASCADE,
	ADD CONSTRAINT `craft_entryversions_sectionId_fk` FOREIGN KEY (`sectionId`) REFERENCES `craft_sections` (`id`) ON DELETE CASCADE;

--
-- Constraints for table `craft_fieldlayoutfields`
--
ALTER TABLE `craft_fieldlayoutfields`
	ADD CONSTRAINT `craft_fieldlayoutfields_fieldId_fk` FOREIGN KEY (`fieldId`) REFERENCES `craft_fields` (`id`) ON DELETE CASCADE,
	ADD CONSTRAINT `craft_fieldlayoutfields_layoutId_fk` FOREIGN KEY (`layoutId`) REFERENCES `craft_fieldlayouts` (`id`) ON DELETE CASCADE,
	ADD CONSTRAINT `craft_fieldlayoutfields_tabId_fk` FOREIGN KEY (`tabId`) REFERENCES `craft_fieldlayouttabs` (`id`) ON DELETE CASCADE;

--
-- Constraints for table `craft_fieldlayouttabs`
--
ALTER TABLE `craft_fieldlayouttabs`
	ADD CONSTRAINT `craft_fieldlayouttabs_layoutId_fk` FOREIGN KEY (`layoutId`) REFERENCES `craft_fieldlayouts` (`id`) ON DELETE CASCADE;

--
-- Constraints for table `craft_fields`
--
ALTER TABLE `craft_fields`
	ADD CONSTRAINT `craft_fields_groupId_fk` FOREIGN KEY (`groupId`) REFERENCES `craft_fieldgroups` (`id`) ON DELETE CASCADE;

--
-- Constraints for table `craft_formbuilder2_entries`
--
ALTER TABLE `craft_formbuilder2_entries`
	ADD CONSTRAINT `craft_formbuilder2_entries_formId_fk` FOREIGN KEY (`formId`) REFERENCES `craft_formbuilder2_forms` (`id`) ON DELETE CASCADE,
	ADD CONSTRAINT `craft_formbuilder2_entries_id_fk` FOREIGN KEY (`id`) REFERENCES `craft_elements` (`id`) ON DELETE CASCADE;

--
-- Constraints for table `craft_formbuilder2_forms`
--
ALTER TABLE `craft_formbuilder2_forms`
	ADD CONSTRAINT `craft_formbuilder2_forms_fieldLayoutId_fk` FOREIGN KEY (`fieldLayoutId`) REFERENCES `craft_fieldlayouts` (`id`) ON DELETE SET NULL;

--
-- Constraints for table `craft_globalsets`
--
ALTER TABLE `craft_globalsets`
	ADD CONSTRAINT `craft_globalsets_fieldLayoutId_fk` FOREIGN KEY (`fieldLayoutId`) REFERENCES `craft_fieldlayouts` (`id`) ON DELETE SET NULL,
	ADD CONSTRAINT `craft_globalsets_id_fk` FOREIGN KEY (`id`) REFERENCES `craft_elements` (`id`) ON DELETE CASCADE;

--
-- Constraints for table `craft_matrixblocks`
--
ALTER TABLE `craft_matrixblocks`
	ADD CONSTRAINT `craft_matrixblocks_fieldId_fk` FOREIGN KEY (`fieldId`) REFERENCES `craft_fields` (`id`) ON DELETE CASCADE,
	ADD CONSTRAINT `craft_matrixblocks_id_fk` FOREIGN KEY (`id`) REFERENCES `craft_elements` (`id`) ON DELETE CASCADE,
	ADD CONSTRAINT `craft_matrixblocks_ownerId_fk` FOREIGN KEY (`ownerId`) REFERENCES `craft_elements` (`id`) ON DELETE CASCADE,
	ADD CONSTRAINT `craft_matrixblocks_ownerLocale_fk` FOREIGN KEY (`ownerLocale`) REFERENCES `craft_locales` (`locale`) ON DELETE CASCADE ON UPDATE CASCADE,
	ADD CONSTRAINT `craft_matrixblocks_typeId_fk` FOREIGN KEY (`typeId`) REFERENCES `craft_matrixblocktypes` (`id`) ON DELETE CASCADE;

--
-- Constraints for table `craft_matrixblocktypes`
--
ALTER TABLE `craft_matrixblocktypes`
	ADD CONSTRAINT `craft_matrixblocktypes_fieldId_fk` FOREIGN KEY (`fieldId`) REFERENCES `craft_fields` (`id`) ON DELETE CASCADE,
	ADD CONSTRAINT `craft_matrixblocktypes_fieldLayoutId_fk` FOREIGN KEY (`fieldLayoutId`) REFERENCES `craft_fieldlayouts` (`id`) ON DELETE SET NULL;

--
-- Constraints for table `craft_matrixcontent_blocks`
--
ALTER TABLE `craft_matrixcontent_blocks`
	ADD CONSTRAINT `craft_matrixcontent_blocks_elementId_fk` FOREIGN KEY (`elementId`) REFERENCES `craft_elements` (`id`) ON DELETE CASCADE,
	ADD CONSTRAINT `craft_matrixcontent_blocks_locale_fk` FOREIGN KEY (`locale`) REFERENCES `craft_locales` (`locale`) ON DELETE CASCADE ON UPDATE CASCADE;

--
-- Constraints for table `craft_migrations`
--
ALTER TABLE `craft_migrations`
	ADD CONSTRAINT `craft_migrations_pluginId_fk` FOREIGN KEY (`pluginId`) REFERENCES `craft_plugins` (`id`) ON DELETE CASCADE;

--
-- Constraints for table `craft_relations`
--
ALTER TABLE `craft_relations`
	ADD CONSTRAINT `craft_relations_fieldId_fk` FOREIGN KEY (`fieldId`) REFERENCES `craft_fields` (`id`) ON DELETE CASCADE,
	ADD CONSTRAINT `craft_relations_sourceId_fk` FOREIGN KEY (`sourceId`) REFERENCES `craft_elements` (`id`) ON DELETE CASCADE,
	ADD CONSTRAINT `craft_relations_sourceLocale_fk` FOREIGN KEY (`sourceLocale`) REFERENCES `craft_locales` (`locale`) ON DELETE CASCADE ON UPDATE CASCADE,
	ADD CONSTRAINT `craft_relations_targetId_fk` FOREIGN KEY (`targetId`) REFERENCES `craft_elements` (`id`) ON DELETE CASCADE;

--
-- Constraints for table `craft_routes`
--
ALTER TABLE `craft_routes`
	ADD CONSTRAINT `craft_routes_locale_fk` FOREIGN KEY (`locale`) REFERENCES `craft_locales` (`locale`) ON DELETE CASCADE ON UPDATE CASCADE;

--
-- Constraints for table `craft_sections`
--
ALTER TABLE `craft_sections`
	ADD CONSTRAINT `craft_sections_structureId_fk` FOREIGN KEY (`structureId`) REFERENCES `craft_structures` (`id`) ON DELETE SET NULL;

--
-- Constraints for table `craft_sections_i18n`
--
ALTER TABLE `craft_sections_i18n`
	ADD CONSTRAINT `craft_sections_i18n_locale_fk` FOREIGN KEY (`locale`) REFERENCES `craft_locales` (`locale`) ON DELETE CASCADE ON UPDATE CASCADE,
	ADD CONSTRAINT `craft_sections_i18n_sectionId_fk` FOREIGN KEY (`sectionId`) REFERENCES `craft_sections` (`id`) ON DELETE CASCADE;

--
-- Constraints for table `craft_sessions`
--
ALTER TABLE `craft_sessions`
	ADD CONSTRAINT `craft_sessions_userId_fk` FOREIGN KEY (`userId`) REFERENCES `craft_users` (`id`) ON DELETE CASCADE;

--
-- Constraints for table `craft_shunnedmessages`
--
ALTER TABLE `craft_shunnedmessages`
	ADD CONSTRAINT `craft_shunnedmessages_userId_fk` FOREIGN KEY (`userId`) REFERENCES `craft_users` (`id`) ON DELETE CASCADE;

--
-- Constraints for table `craft_structureelements`
--
ALTER TABLE `craft_structureelements`
	ADD CONSTRAINT `craft_structureelements_elementId_fk` FOREIGN KEY (`elementId`) REFERENCES `craft_elements` (`id`) ON DELETE CASCADE,
	ADD CONSTRAINT `craft_structureelements_structureId_fk` FOREIGN KEY (`structureId`) REFERENCES `craft_structures` (`id`) ON DELETE CASCADE;

--
-- Constraints for table `craft_taggroups`
--
ALTER TABLE `craft_taggroups`
	ADD CONSTRAINT `craft_taggroups_fieldLayoutId_fk` FOREIGN KEY (`fieldLayoutId`) REFERENCES `craft_fieldlayouts` (`id`) ON DELETE SET NULL;

--
-- Constraints for table `craft_tags`
--
ALTER TABLE `craft_tags`
	ADD CONSTRAINT `craft_tags_groupId_fk` FOREIGN KEY (`groupId`) REFERENCES `craft_taggroups` (`id`) ON DELETE CASCADE,
	ADD CONSTRAINT `craft_tags_id_fk` FOREIGN KEY (`id`) REFERENCES `craft_elements` (`id`) ON DELETE CASCADE;

--
-- Constraints for table `craft_templatecachecriteria`
--
ALTER TABLE `craft_templatecachecriteria`
	ADD CONSTRAINT `craft_templatecachecriteria_cacheId_fk` FOREIGN KEY (`cacheId`) REFERENCES `craft_templatecaches` (`id`) ON DELETE CASCADE;

--
-- Constraints for table `craft_templatecacheelements`
--
ALTER TABLE `craft_templatecacheelements`
	ADD CONSTRAINT `craft_templatecacheelements_cacheId_fk` FOREIGN KEY (`cacheId`) REFERENCES `craft_templatecaches` (`id`) ON DELETE CASCADE,
	ADD CONSTRAINT `craft_templatecacheelements_elementId_fk` FOREIGN KEY (`elementId`) REFERENCES `craft_elements` (`id`) ON DELETE CASCADE;

--
-- Constraints for table `craft_templatecaches`
--
ALTER TABLE `craft_templatecaches`
	ADD CONSTRAINT `craft_templatecaches_locale_fk` FOREIGN KEY (`locale`) REFERENCES `craft_locales` (`locale`) ON DELETE CASCADE ON UPDATE CASCADE;

--
-- Constraints for table `craft_usergroups_users`
--
ALTER TABLE `craft_usergroups_users`
	ADD CONSTRAINT `craft_usergroups_users_groupId_fk` FOREIGN KEY (`groupId`) REFERENCES `craft_usergroups` (`id`) ON DELETE CASCADE,
	ADD CONSTRAINT `craft_usergroups_users_userId_fk` FOREIGN KEY (`userId`) REFERENCES `craft_users` (`id`) ON DELETE CASCADE;

--
-- Constraints for table `craft_userpermissions_usergroups`
--
ALTER TABLE `craft_userpermissions_usergroups`
	ADD CONSTRAINT `craft_userpermissions_usergroups_groupId_fk` FOREIGN KEY (`groupId`) REFERENCES `craft_usergroups` (`id`) ON DELETE CASCADE,
	ADD CONSTRAINT `craft_userpermissions_usergroups_permissionId_fk` FOREIGN KEY (`permissionId`) REFERENCES `craft_userpermissions` (`id`) ON DELETE CASCADE;

--
-- Constraints for table `craft_userpermissions_users`
--
ALTER TABLE `craft_userpermissions_users`
	ADD CONSTRAINT `craft_userpermissions_users_permissionId_fk` FOREIGN KEY (`permissionId`) REFERENCES `craft_userpermissions` (`id`) ON DELETE CASCADE,
	ADD CONSTRAINT `craft_userpermissions_users_userId_fk` FOREIGN KEY (`userId`) REFERENCES `craft_users` (`id`) ON DELETE CASCADE;

--
-- Constraints for table `craft_users`
--
ALTER TABLE `craft_users`
	ADD CONSTRAINT `craft_users_id_fk` FOREIGN KEY (`id`) REFERENCES `craft_elements` (`id`) ON DELETE CASCADE,
	ADD CONSTRAINT `craft_users_preferredLocale_fk` FOREIGN KEY (`preferredLocale`) REFERENCES `craft_locales` (`locale`) ON DELETE SET NULL ON UPDATE CASCADE;

--
-- Constraints for table `craft_venti_events`
--
ALTER TABLE `craft_venti_events`
	ADD CONSTRAINT `craft_venti_events_eventid_fk` FOREIGN KEY (`eventid`) REFERENCES `craft_elements` (`id`) ON DELETE CASCADE;

--
-- Constraints for table `craft_widgets`
--
ALTER TABLE `craft_widgets`
	ADD CONSTRAINT `craft_widgets_userId_fk` FOREIGN KEY (`userId`) REFERENCES `craft_users` (`id`) ON DELETE CASCADE;

SET FOREIGN_KEY_CHECKS = 1;
